시도,시도명,시군구,읍면동,위도,경도
26,부산광역시,사하,,35.05938776,128.9856499
26,부산광역시,사하,,35.07335467,128.9904154
26,부산광역시,사하,,35.08756188,129.0025574
26,부산광역시,사하,,35.09368936,129.0088293
26,부산광역시,금정,,35.2180641,129.0980342
26,부산광역시,금정,,35.21288433,129.1044494
26,부산광역시,금정,,35.22052133,129.1049359
26,부산광역시,금정,,35.22447336,129.0961888
26,부산광역시,금정,,35.23077805,129.0958198
26,부산광역시,금정,,35.24663718,129.1145044
26,부산광역시,금정,,35.21924442,129.0911685
26,부산광역시,금정,,35.24113423,129.0760216
26,부산광역시,금정,,35.23176537,129.0719924
26,부산광역시,금정,,35.28143,129.1115985
26,부산광역시,금정,,35.28563912,129.0791307
26,부산광역시,금정,,35.26696319,129.0789141
26,부산광역시,금정,,35.24917609,129.0922127
26,부산광역시,금정,,35.25496322,129.0812497
26,부산광역시,금정,,35.25480975,129.0541083
26,부산광역시,강서,,35.21049794,128.9674093
26,부산광역시,강서,,35.15869542,128.9420881
26,부산광역시,강서,,35.18046585,128.9189369
26,부산광역시,강서,,35.18462396,128.8947164
26,부산광역시,강서,,35.12593315,128.8566511
26,부산광역시,강서,,35.0431593,128.8256776
26,부산광역시,연제,,35.19385757,129.0775082
26,부산광역시,연제,,35.18877704,129.0599389
26,부산광역시,연제,,35.18276042,129.0718024
26,부산광역시,연제,,35.18140017,129.0656672
26,부산광역시,연제,,35.18854684,129.089775
26,부산광역시,연제,,35.17227003,129.0812248
26,부산광역시,연제,,35.16745323,129.0909917
26,부산광역시,연제,,35.18425865,129.0865065
26,부산광역시,연제,,35.18388628,129.0781013
26,부산광역시,연제,,35.17224254,129.0885804
26,부산광역시,연제,,35.18654783,129.0970392
26,부산광역시,연제,,35.18409705,129.1067675
26,부산광역시,수영,,35.14403568,129.1080532
26,부산광역시,수영,,35.14337711,129.114404
26,부산광역시,수영,,35.17042638,129.1177107
26,부산광역시,수영,,35.17151517,129.1009697
26,부산광역시,수영,,35.17745072,129.1149586
26,부산광역시,수영,,35.16252409,129.1097353
26,부산광역시,수영,,35.15446628,129.1155577
26,부산광역시,수영,,35.16775303,129.1106905
26,부산광역시,수영,,35.15593963,129.1054314
26,부산광역시,수영,,35.15962245,129.1258473
26,부산광역시,사상,,35.17221491,128.9710596
26,부산광역시,사상,,35.18820329,128.98994
26,부산광역시,사상,,35.18312101,129.0076063
26,부산광역시,사상,,35.16971906,128.9871317
26,부산광역시,사상,,35.17635945,128.9889645
26,부산광역시,사상,,35.1662036,128.9931899
26,부산광역시,사상,,35.14939161,128.9775319
26,부산광역시,사상,,35.15562355,129.0002871
11,서울특별시,종로,,37.58459349,126.9704065
11,서울특별시,종로,,37.57412506,126.970026
11,서울특별시,종로,,37.58786759,126.9811261
11,서울특별시,종로,,37.59673294,126.9626027
11,서울특별시,종로,,37.61402995,126.9692731
11,서울특별시,종로,,37.57769743,126.9587949
11,서울특별시,종로,,37.57102439,126.9641768
11,서울특별시,종로,,37.58272454,126.986607
11,서울특별시,종로,,37.57512523,126.9898015
11,서울특별시,종로,,37.57286335,127.0043889
11,서울특별시,종로,,37.57948616,127.0029543
11,서울특별시,종로,,37.58740327,126.9976873
11,서울특별시,종로,,37.5723912,127.0137788
11,서울특별시,종로,,37.57591836,127.0101977
11,서울특별시,종로,,37.57892247,127.0131685
11,서울특별시,종로,,37.57726345,127.0168492
11,서울특별시,종로,,37.57448038,127.0203184
11,서울특별시,중구,,37.56434258,126.9742762
11,서울특별시,중구,,37.5570114,126.9766528
11,서울특별시,중구,,37.56373494,126.9842577
11,서울특별시,중구,,37.55687366,126.9937415
11,서울특별시,중구,,37.55557209,127.0021719
11,서울특별시,중구,,37.5651595,127.0038018
11,서울특별시,중구,,37.56659803,126.9965204
11,서울특별시,중구,,37.56573708,127.0136897
11,서울특별시,중구,,37.55485161,127.0082959
11,서울특별시,중구,,37.54992217,127.0101864
11,서울특별시,중구,,37.55685123,127.0152084
11,서울특별시,중구,,37.56365173,127.0218019
11,서울특별시,중구,,37.56072926,127.0186329
11,서울특별시,중구,,37.56852496,127.0207978
11,서울특별시,중구,,37.55730118,126.9659097
11,서울특별시,용산,,37.54990904,126.9806006
11,서울특별시,용산,,37.54030951,126.9835607
11,서울특별시,용산,,37.54531365,126.9735054
11,서울특별시,용산,,37.54768276,126.9670111
11,서울특별시,용산,,37.53744697,126.9664757
11,서울특별시,용산,,37.53298163,126.9511917
11,서울특별시,용산,,37.54300871,126.9610582
11,서울특별시,용산,,37.53801388,126.9584735
11,서울특별시,용산,,37.52852926,126.9705179
11,서울특별시,용산,,37.51722348,126.9710251
11,서울특별시,용산,,37.52324101,126.9539183
11,서울특별시,용산,,37.53336054,126.9932375
11,서울특별시,용산,,37.54174941,126.9921098
11,서울특별시,용산,,37.53715043,127.005811
11,서울특별시,용산,,37.5213083,126.9907639
11,서울특별시,용산,,37.52576285,127.001331
11,서울특별시,성동,,37.5614596,127.0276876
11,서울특별시,성동,,37.56682163,127.0295875
11,서울특별시,성동,,37.56767269,127.0405526
11,서울특별시,성동,,37.55807349,127.0453209
11,서울특별시,성동,,37.55902564,127.0360939
11,서울특별시,성동,,37.55665279,127.0296024
11,서울특별시,성동,,37.5509844,127.0337545
11,서울특별시,성동,,37.55364832,127.0248772
11,서울특별시,성동,,37.55131272,127.0198595
11,서울특별시,성동,,37.54455388,127.0244159
11,서울특별시,성동,,37.54200387,127.0160873
11,서울특별시,성동,,37.54050886,127.0410391
11,서울특별시,성동,,37.54912679,127.0439057
11,서울특별시,성동,,37.53662674,127.0553516
11,서울특별시,성동,,37.54554061,127.0581112
11,서울특별시,성동,,37.55231596,127.065705
11,서울특별시,성동,,37.55858492,127.0578394
11,서울특별시,광진,,37.54341268,127.0731289
11,서울특별시,광진,,37.55305311,127.0736626
11,서울특별시,광진,,37.56201878,127.0777286
11,서울특별시,광진,,37.55888736,127.0845665
11,서울특별시,광진,,37.56786943,127.082006
11,서울특별시,광진,,37.56387807,127.0944553
11,서울특별시,광진,,37.5505883,127.0817516
11,서울특별시,광진,,37.54847652,127.1050159
11,서울특별시,광진,,37.5359546,127.0804253
11,서울특별시,광진,,37.52930881,127.0832354
11,서울특별시,광진,,37.53169751,127.0711893
11,서울특별시,광진,,37.53387463,127.0637671
11,서울특별시,광진,,37.54147107,127.0860344
11,서울특별시,광진,,37.55103519,127.0946014
11,서울특별시,광진,,37.5350904,127.0952224
11,서울특별시,동대문,,37.5755718,127.0323393
11,서울특별시,동대문,,37.58372536,127.0372081
11,서울특별시,동대문,,37.57915703,127.0510337
11,서울특별시,동대문,,37.58064623,127.0611129
11,서울특별시,동대문,,37.57090357,127.0519503
11,서울특별시,동대문,,37.57104721,127.0613015
11,서울특별시,동대문,,37.56623538,127.0685955
11,서울특별시,동대문,,37.57574905,127.0726622
11,서울특별시,동대문,,37.58882736,127.0452476
11,서울특별시,동대문,,37.59398022,127.05167
11,서울특별시,동대문,,37.59191357,127.0624672
11,서울특별시,동대문,,37.58640877,127.0664329
11,서울특별시,동대문,,37.59737396,127.0607571
11,서울특별시,동대문,,37.60272169,127.0674739
11,서울특별시,중랑,,37.58931894,127.0779814
11,서울특별시,중랑,,37.57342005,127.0863216
11,서울특별시,중랑,,37.58288313,127.07976
11,서울특별시,중랑,,37.58833438,127.0894354
11,서울특별시,중랑,,37.57723256,127.0927599
11,서울특별시,중랑,,37.58465192,127.0973747
11,서울특별시,중랑,,37.60187938,127.0893172
11,서울특별시,중랑,,37.59422247,127.083884
11,서울특별시,중랑,,37.6024871,127.0829783
11,서울특별시,중랑,,37.59867829,127.0751495
11,서울특별시,중랑,,37.61374241,127.0824155
11,서울특별시,중랑,,37.61028642,127.0746405
11,서울특별시,중랑,,37.60195133,127.1074878
11,서울특별시,중랑,,37.59179024,127.102821
11,서울특별시,중랑,,37.61289538,127.104442
11,서울특별시,중랑,,37.61102969,127.0915581
11,서울특별시,성북,,37.5958281,126.9960736
11,서울특별시,성북,,37.58657398,127.0117165
11,서울특별시,성북,,37.59368809,127.018499
11,서울특별시,성북,,37.59948783,127.0243655
11,서울특별시,성북,,37.59713407,127.0116162
11,서울특별시,성북,,37.58728189,127.0272292
11,서울특별시,성북,,37.58281469,127.0191141
11,서울특별시,성북,,37.60350364,127.0171364
11,서울특별시,성북,,37.60357863,127.0082002
11,서울특별시,성북,,37.61217979,126.9937238
11,서울특별시,성북,,37.62341809,126.9952062
11,서울특별시,성북,,37.6082801,127.019967
11,서울특별시,성북,,37.60821765,127.0271392
11,서울특별시,성북,,37.59721879,127.0334532
11,서울특별시,성북,,37.60781434,127.036546
11,서울특별시,성북,,37.60318849,127.0452305
11,서울특별시,성북,,37.61510674,127.0446481
11,서울특별시,성북,,37.61232417,127.051803
11,서울특별시,성북,,37.61827653,127.0534425
11,서울특별시,성북,,37.60820914,127.0615427
11,서울특별시,강북,,37.62382185,127.0147349
11,서울특별시,강북,,37.62863998,127.0263514
11,서울특별시,강북,,37.61768514,127.0330201
11,서울특별시,강북,,37.61819166,127.0249032
11,서울특별시,강북,,37.61713288,127.0165892
11,서울특별시,강북,,37.66028602,127.0003051
11,서울특별시,강북,,37.6376216,127.0038093
11,서울특별시,도봉,,37.64713506,127.0434447
11,서울특별시,도봉,,37.6424851,127.0367477
11,서울특별시,도봉,,37.63738838,127.0417016
11,서울특별시,도봉,,37.65273734,127.0508704
11,서울특별시,도봉,,37.65536337,127.0427402
11,서울특별시,도봉,,37.68505251,127.0267133
11,서울특별시,도봉,,37.68099343,127.0477853
11,서울특별시,도봉,,37.65308037,127.0194862
11,서울특별시,도봉,,37.65708333,127.0369076
11,서울특별시,도봉,,37.64764392,127.0305693
11,서울특별시,도봉,,37.65536298,127.0304467
11,서울특별시,도봉,,37.66504141,127.0434199
11,서울특별시,도봉,,37.66910754,127.0323499
11,서울특별시,도봉,,37.66269571,127.0235679
11,서울특별시,노원,,37.62156196,127.0588763
11,서울특별시,노원,,37.63405868,127.0512233
11,서울특별시,노원,,37.62482313,127.0648786
11,서울특별시,노원,,37.62411359,127.0727578
11,서울특별시,노원,,37.63155999,127.0941915
11,서울특별시,노원,,37.63851789,127.0747863
11,서울특별시,노원,,37.63495089,127.0647802
11,서울특별시,노원,,37.64824324,127.0857374
11,서울특별시,노원,,37.65009794,127.0736414
11,서울특별시,노원,,37.65906914,127.0830966
11,서울특별시,노원,,37.64339707,127.0658346
11,서울특별시,노원,,37.68327725,127.0653503
11,서울특별시,노원,,37.65660113,127.0671265
11,서울특별시,노원,,37.67514087,127.0831802
11,서울특별시,노원,,37.66331935,127.0695703
11,서울특별시,노원,,37.64866415,127.0601035
11,서울특별시,노원,,37.66627127,127.0536753
11,서울특별시,노원,,37.66804006,127.0625795
11,서울특별시,노원,,37.65966445,127.0583431
11,서울특별시,은평,,37.60540102,126.9351152
11,서울특별시,은평,,37.61713595,126.9408063
11,서울특별시,은평,,37.62313869,126.9281702
11,서울특별시,은평,,37.62515554,126.9148648
11,서울특별시,은평,,37.61813877,126.9122376
11,서울특별시,은평,,37.61108579,126.907587
11,서울특별시,은평,,37.61232831,126.9231321
11,서울특별시,은평,,37.59822445,126.9271365
11,서울특별시,은평,,37.5922551,126.9238918
11,서울특별시,은평,,37.58931585,126.9183233
11,서울특별시,은평,,37.60460643,126.9145278
11,서울특별시,은평,,37.5989994,126.9088197
11,서울특별시,은평,,37.59282208,126.9063132
11,서울특별시,은평,,37.58363986,126.9056416
11,서울특별시,은평,,37.58592037,126.8946598
11,서울특별시,은평,,37.63922495,126.9403566
11,서울특별시,서대문,,37.57111468,126.9572956
11,서울특별시,서대문,,37.55919996,126.9552162
11,서울특별시,서대문,,37.56399921,126.958146
11,서울특별시,서대문,,37.56366992,126.9413231
11,서울특별시,서대문,,37.5719018,126.9328604
11,서울특별시,서대문,,37.58165771,126.9452331
11,서울특별시,서대문,,37.59198339,126.9512497
11,서울특별시,서대문,,37.58436035,126.9526033
11,서울특별시,서대문,,37.60005242,126.946934
11,서울특별시,서대문,,37.58692806,126.9320987
11,서울특별시,서대문,,37.57174686,126.9159443
11,서울특별시,서대문,,37.57771529,126.9213176
11,서울특별시,서대문,,37.57541902,126.9078389
11,서울특별시,서대문,,37.58103657,126.9134355
11,서울특별시,마포,,37.55100153,126.9528327
11,서울특별시,마포,,37.54961249,126.9583637
11,서울특별시,마포,,37.53702138,126.9468018
11,서울특별시,마포,,37.54063232,126.9412937
11,서울특별시,마포,,37.55203455,126.9414556
11,서울특별시,마포,,37.54984629,126.9475077
11,서울특별시,마포,,37.5436071,126.9335477
11,서울특별시,마포,,37.54593602,126.9251257
11,서울특별시,마포,,37.55480057,126.9210288
11,서울특별시,마포,,37.54689477,126.9088614
11,서울특별시,마포,,37.55275872,126.9002003
11,서울특별시,마포,,37.55709576,126.8956672
11,서울특별시,마포,,37.5629832,126.9215418
11,서울특별시,마포,,37.56195526,126.9118178
11,서울특별시,마포,,37.56806153,126.9020013
11,서울특별시,마포,,37.57175011,126.8807804
11,서울특별시,양천,,37.52739563,126.8750598
11,서울특별시,양천,,37.54360241,126.8743027
11,서울특별시,양천,,37.54514346,126.86555
11,서울특별시,양천,,37.53534119,126.8669361
11,서울특별시,양천,,37.53632304,126.881095
11,서울특별시,양천,,37.53123854,126.834492
11,서울특별시,양천,,37.52337357,126.8463002
11,서울특별시,양천,,37.53229263,126.8274614
11,서울특별시,양천,,37.5221367,126.8398391
11,서울특별시,양천,,37.54003862,126.8299263
11,서울특별시,양천,,37.5160022,126.8421593
11,서울특별시,양천,,37.51851267,126.8304403
11,서울특별시,양천,,37.51882605,126.8597606
11,서울특별시,양천,,37.5191491,126.8752626
11,서울특별시,양천,,37.51131426,126.8420799
11,서울특별시,양천,,37.52539532,126.8575641
11,서울특별시,양천,,37.51585487,126.8698807
11,서울특별시,양천,,37.51011822,126.8647871
11,서울특별시,강서,,37.55320235,126.8754264
11,서울특별시,강서,,37.5558541,126.8596073
11,서울특별시,강서,,37.54582578,126.8600134
11,서울특별시,강서,,37.56114418,126.8462796
11,서울특별시,강서,,37.53376352,126.8409155
11,서울특별시,강서,,37.53224394,126.8543676
11,서울특별시,강서,,37.54398304,126.8343186
11,서울특별시,강서,,37.53607427,126.8585856
11,서울특별시,강서,,37.54250886,126.8482517
11,서울특별시,강서,,37.55176287,126.8512072
11,서울특별시,강서,,37.53409901,126.8485987
11,서울특별시,강서,,37.57247729,126.8337009
11,서울특별시,강서,,37.56867881,126.8539283
11,서울특별시,강서,,37.56271464,126.862217
11,서울특별시,강서,,37.55031965,126.8252808
11,서울특별시,강서,,37.55061025,126.8410842
11,서울특별시,강서,,37.55656665,126.7949042
11,서울특별시,강서,,37.570029,126.8157136
11,서울특별시,강서,,37.5836975,126.8047376
11,서울특별시,강서,,37.58154901,126.815612
11,서울특별시,구로,,37.50976629,126.8823555
11,서울특별시,구로,,37.49327621,126.8756728
11,서울특별시,구로,,37.4974396,126.8791442
11,서울특별시,구로,,37.48480895,126.8949543
11,서울특별시,구로,,37.49146479,126.8901136
11,서울특별시,구로,,37.50236481,126.8886997
11,서울특별시,구로,,37.48267323,126.8880381
11,서울특별시,구로,,37.50079273,126.8633385
11,서울특별시,구로,,37.50586559,126.8533766
11,서울특별시,구로,,37.49989632,126.8495867
11,서울특별시,구로,,37.49263971,126.8565479
11,서울특별시,구로,,37.4867468,126.8521287
11,서울특별시,구로,,37.4969125,126.841515
11,서울특별시,구로,,37.48425843,126.8347237
11,서울특별시,구로,,37.49845858,126.8260694
11,서울특별시,금천,,37.4768781,126.884306
11,서울특별시,금천,,37.46423338,126.8928041
11,서울특별시,금천,,37.46384943,126.9024513
11,서울특별시,금천,,37.47582969,126.9045366
11,서울특별시,금천,,37.46908167,126.9041947
11,서울특별시,금천,,37.45282131,126.9002158
11,서울특별시,금천,,37.4505692,126.9201109
11,서울특별시,금천,,37.4402415,126.9058793
11,서울특별시,금천,,37.46011184,126.9092302
11,서울특별시,금천,,37.44872768,126.9123463
11,서울특별시,영등포,,37.5136689,126.9095385
11,서울특별시,영등포,,37.52158983,126.9077475
11,서울특별시,영등포,,37.52748186,126.927475
11,서울특별시,영등포,,37.52390524,126.8968284
11,서울특별시,영등포,,37.53296934,126.9037762
11,서울특별시,영등포,,37.50922893,126.900945
11,서울특별시,영등포,,37.51636828,126.8914239
11,서울특별시,송파,,37.50977407,127.1223171
11,서울특별시,송파,,37.51321566,127.1138347
11,서울특별시,송파,,37.51755911,127.1285264
11,서울특별시,송파,,37.50400179,127.1341639
11,서울특별시,송파,,37.50717884,127.1103727
11,서울특별시,송파,,37.50279253,127.1169334
11,서울특별시,송파,,37.50274422,127.1025128
11,서울특별시,송파,,37.50170136,127.0919016
11,서울특별시,송파,,37.49702985,127.1216562
11,서울특별시,송파,,37.49527851,127.1081864
11,서울특별시,송파,,37.49584303,127.1307572
11,서울특별시,송파,,37.4884305,127.1268425
11,서울특별시,송파,,37.48065884,127.1191617
11,서울특별시,송파,,37.48141515,127.1410707
11,서울특별시,송파,,37.5054806,127.0822732
11,서울특별시,송파,,37.51768473,127.0788065
11,서울특별시,송파,,37.5136267,127.0942986
11,서울특별시,송파,,37.52120496,127.1081508
11,서울특별시,송파,,37.51903474,127.0999733
11,서울특별시,송파,,37.50744292,127.0740813
11,서울특별시,강동,,37.56374626,127.1740787
11,서울특별시,강동,,37.55029756,127.1459279
11,서울특별시,강동,,37.54824439,127.1543345
11,서울특별시,강동,,37.56335628,127.1502175
11,서울특별시,강동,,37.56585015,127.1615518
11,서울특별시,강동,,37.55182867,127.134568
11,서울특별시,강동,,37.55739756,127.1232082
11,서울특별시,강동,,37.56141587,127.1384608
11,서울특별시,강동,,37.54631249,127.1385461
11,서울특별시,강동,,37.54471409,127.1222504
11,서울특별시,강동,,37.53966713,127.1333107
11,서울특별시,강동,,37.52873886,127.1255201
11,서울특별시,강동,,37.5343442,127.1276591
11,서울특별시,강동,,37.52837825,127.1337785
11,서울특별시,강동,,37.53974631,127.1458895
11,서울특별시,강동,,37.52312401,127.140428
11,서울특별시,강동,,37.53148163,127.1473594
26,부산광역시,중구,,35.10491469,129.0384563
26,부산광역시,중구,,35.10402845,129.0344318
26,부산광역시,중구,,35.10532149,129.0310351
26,부산광역시,중구,,35.10633364,129.0251141
26,부산광역시,중구,,35.10121476,129.0252039
26,부산광역시,중구,,35.10032972,129.0311223
26,부산광역시,중구,,35.09747665,129.0301109
26,부산광역시,중구,,35.11182016,129.0351862
26,부산광역시,중구,,35.11249802,129.0304333
26,부산광역시,서구,,35.11003557,129.0222675
26,부산광역시,서구,,35.11353229,129.0232825
26,부산광역시,서구,,35.12237851,129.0213768
26,부산광역시,서구,,35.10896048,129.0124277
26,부산광역시,서구,,35.11428916,129.0081175
26,부산광역시,서구,,35.12752161,129.0103539
26,부산광역시,서구,,35.10470302,129.017861
26,부산광역시,서구,,35.10045753,129.0132655
26,부산광역시,서구,,35.09471822,129.0174719
26,부산광역시,서구,,35.09747057,129.0227639
26,부산광역시,서구,,35.09021469,129.0211705
26,부산광역시,서구,,35.08500461,129.0213974
26,부산광역시,서구,,35.07042547,129.0144138
26,부산광역시,동구,,35.1149309,129.0371251
26,부산광역시,동구,,35.11790431,129.0352903
26,부산광역시,동구,,35.11996782,129.0450152
26,부산광역시,동구,,35.12388431,129.030559
26,부산광역시,동구,,35.12498781,129.0405364
26,부산광역시,동구,,35.13199623,129.0391997
26,부산광역시,동구,,35.13040819,129.0334495
26,부산광역시,동구,,35.1363757,129.041856
26,부산광역시,동구,,35.13420646,129.0506486
26,부산광역시,동구,,35.14122078,129.048044
26,부산광역시,동구,,35.13608476,129.0617915
26,부산광역시,동구,,35.12679404,129.0571343
26,부산광역시,영도,,35.08917223,129.0370407
26,부산광역시,영도,,35.08920575,129.0431252
26,부산광역시,영도,,35.07963509,129.0470634
26,부산광역시,영도,,35.08484008,129.0489049
26,부산광역시,영도,,35.09433123,129.043021
26,부산광역시,영도,,35.09314159,129.0508618
26,부산광역시,영도,,35.0961605,129.056918
26,부산광역시,영도,,35.08968113,129.0633736
26,부산광역시,영도,,35.07492321,129.0675986
26,부산광역시,영도,,35.06356194,129.0830594
26,부산광역시,영도,,35.08401099,129.0684553
26,부산광역시,부산진,,35.16403257,129.059437
26,부산광역시,부산진,,35.15462519,129.0572153
26,부산광역시,부산진,,35.1716744,129.0537059
26,부산광역시,부산진,,35.18561217,129.0407643
26,부산광역시,부산진,,35.17221545,129.0670174
26,부산광역시,부산진,,35.1728498,129.0754944
26,부산광역시,부산진,,35.1546167,129.0718386
26,부산광역시,부산진,,35.16241045,129.0697678
26,부산광역시,부산진,,35.16464323,129.0492185
26,부산광역시,부산진,,35.17509275,129.0339144
26,부산광역시,부산진,,35.16888884,129.0236901
26,부산광역시,부산진,,35.15916782,129.042009
26,부산광역시,부산진,,35.17086771,129.0300572
26,부산광역시,부산진,,35.14705298,129.0351377
26,부산광역시,부산진,,35.14565116,129.0265328
26,부산광역시,부산진,,35.15139424,129.0217343
26,부산광역시,부산진,,35.14210687,129.0184205
26,부산광역시,부산진,,35.16010819,129.0217681
26,부산광역시,부산진,,35.14594167,129.0603083
26,부산광역시,부산진,,35.14883962,129.0493054
26,부산광역시,동래,,35.19777248,129.0887824
26,부산광역시,동래,,35.20564261,129.0902269
26,부산광역시,동래,,35.21100156,129.0851458
26,부산광역시,동래,,35.22057878,129.0742169
26,부산광역시,동래,,35.21385929,129.0655018
26,부산광역시,동래,,35.20609841,129.0640329
26,부산광역시,동래,,35.19876806,129.0628075
26,부산광역시,동래,,35.19884353,129.0533911
26,부산광역시,동래,,35.19889878,129.0712519
26,부산광역시,동래,,35.19891688,129.0987295
26,부산광역시,동래,,35.19430553,129.1096456
26,부산광역시,동래,,35.20471709,129.1067799
26,부산광역시,동래,,35.20933982,129.0982566
26,부산광역시,남구,,35.1326793,129.0887861
26,부산광역시,남구,,35.14552678,129.0960891
26,부산광역시,남구,,35.1275195,129.0911544
26,부산광역시,남구,,35.14145156,129.0895648
26,부산광역시,남구,,35.13822026,129.0821167
26,부산광역시,남구,,35.12585405,129.1099309
26,부산광역시,남구,,35.10814308,129.1191534
26,부산광역시,남구,,35.12175123,129.1195085
26,부산광역시,남구,,35.10293333,129.1049822
26,부산광역시,남구,,35.11323662,129.0971183
26,부산광역시,남구,,35.11188205,129.0785917
26,부산광역시,남구,,35.12138397,129.0846822
26,부산광역시,남구,,35.12600841,129.0757694
26,부산광역시,남구,,35.14639986,129.0768408
26,부산광역시,남구,,35.14461016,129.0667341
26,부산광역시,남구,,35.13887099,129.0736241
26,부산광역시,남구,,35.13289648,129.07079
26,부산광역시,북구,,35.20628235,129.0049801
26,부산광역시,북구,,35.1993765,128.9969861
26,부산광역시,북구,,35.19527779,129.0138393
26,부산광역시,북구,,35.26303389,129.0242323
26,부산광역시,북구,,35.23071683,129.0281598
26,부산광역시,북구,,35.24647957,129.0325776
26,부산광역시,북구,,35.2325028,129.0052117
26,부산광역시,북구,,35.21661418,129.0177057
26,부산광역시,북구,,35.21544405,129.0042425
26,부산광역시,북구,,35.20674294,129.0186498
26,부산광역시,북구,,35.22072785,129.0413897
26,부산광역시,북구,,35.20517229,129.0387633
26,부산광역시,북구,,35.20502765,129.0269955
26,부산광역시,해운대,,35.17335654,129.1565651
26,부산광역시,해운대,,35.17771721,129.1418503
26,부산광역시,해운대,,35.16377156,129.1696315
26,부산광역시,해운대,,35.1611032,129.1841839
26,부산광역시,해운대,,35.17389845,129.1760293
26,부산광역시,해운대,,35.17009124,129.1843844
26,부산광역시,해운대,,35.17299982,129.1672554
26,부산광역시,해운대,,35.19035808,129.1727347
26,부산광역시,해운대,,35.1848362,129.1981689
26,부산광역시,사상,,35.15219721,129.0106618
26,부산광역시,사상,,35.14526072,129.0013534
26,부산광역시,사상,,35.13792028,128.9889148
26,부산광역시,사상,,35.12697008,128.9721429
26,부산광역시,기장,,35.2259636,129.2078025
26,부산광역시,기장,,35.34965026,129.2470803
26,부산광역시,기장,,35.33554027,129.1790764
26,부산광역시,기장,,35.28194673,129.1545702
27,대구광역시,중구,,35.8702773,128.6075352
27,대구광역시,중구,,35.86524828,128.60424
27,대구광역시,중구,,35.86884562,128.597212
27,대구광역시,중구,,35.87083752,128.5893086
27,대구광역시,중구,,35.87493633,128.5825641
27,대구광역시,중구,,35.86731614,128.5790034
27,대구광역시,중구,,35.8599819,128.5926794
27,대구광역시,중구,,35.86421273,128.5882884
27,대구광역시,중구,,35.85990759,128.5859908
27,대구광역시,중구,,35.86093573,128.5792341
27,대구광역시,중구,,35.85937046,128.6046461
27,대구광역시,중구,,35.8577016,128.5986838
27,대구광역시,동구,,35.88542264,128.6185056
27,대구광역시,동구,,35.87786072,128.6121093
27,대구광역시,동구,,35.87987271,128.621237
27,대구광역시,동구,,35.88477061,128.6284894
27,대구광역시,동구,,35.88913545,128.6344035
27,대구광역시,동구,,35.8721172,128.6160155
27,대구광역시,동구,,35.87266609,128.6224688
27,대구광역시,동구,,35.87297788,128.6297925
27,대구광역시,동구,,35.88217211,128.6463095
27,대구광역시,동구,,35.87729565,128.6382502
27,대구광역시,동구,,35.92849711,128.6881564
27,대구광역시,동구,,35.92113716,128.6416749
27,대구광역시,동구,,35.90002013,128.6422561
27,대구광역시,동구,,35.89496498,128.6561731
27,대구광역시,동구,,35.87818701,128.6647906
27,대구광역시,동구,,35.89861179,128.6852585
27,대구광역시,동구,,35.86552163,128.6959546
27,대구광역시,동구,,35.90293686,128.7138322
27,대구광역시,동구,,35.97537157,128.6771226
27,대구광역시,서구,,35.86212115,128.5616398
27,대구광역시,서구,,35.86530811,128.571474
27,대구광역시,서구,,35.85928816,128.5508273
27,대구광역시,서구,,35.88199243,128.5666066
27,대구광역시,서구,,35.87658179,128.5744646
27,대구광역시,서구,,35.86997907,128.5724092
27,대구광역시,서구,,35.88643019,128.568172
27,대구광역시,서구,,35.87583296,128.5693314
27,대구광역시,서구,,35.88747883,128.549518
27,대구광역시,서구,,35.87653138,128.5653058
27,대구광역시,서구,,35.86929191,128.5657485
27,대구광역시,서구,,35.87610102,128.55882
27,대구광역시,서구,,35.8676584,128.5579835
27,대구광역시,서구,,35.87228446,128.5508424
27,대구광역시,서구,,35.87932162,128.5499579
27,대구광역시,서구,,35.87296794,128.5345532
27,대구광역시,서구,,35.88404698,128.5766227
27,대구광역시,남구,,35.85165737,128.6018316
27,대구광역시,남구,,35.84662149,128.5980082
27,대구광역시,남구,,35.82453687,128.5982923
27,대구광역시,남구,,35.83238952,128.5925487
27,대구광역시,남구,,35.84298867,128.5761624
27,대구광역시,남구,,35.85237236,128.5894937
27,대구광역시,남구,,35.8530193,128.5793884
27,대구광역시,남구,,35.84665118,128.5711236
27,대구광역시,남구,,35.84468991,128.585836
27,대구광역시,남구,,35.82933643,128.570316
27,대구광역시,남구,,35.82863133,128.5806312
27,대구광역시,남구,,35.8407113,128.5667206
27,대구광역시,남구,,35.83145953,128.562414
27,대구광역시,북구,,35.88130803,128.5851829
27,대구광역시,북구,,35.8796885,128.5970573
27,대구광역시,북구,,35.89946353,128.5844252
27,대구광역시,북구,,35.88737718,128.5961889
27,대구광역시,북구,,35.89220593,128.5883
27,대구광역시,북구,,35.89738851,128.5975855
27,대구광역시,북구,,35.90651917,128.6075795
27,대구광역시,북구,,35.89229057,128.6101858
27,대구광역시,북구,,35.89510006,128.6033062
27,대구광역시,북구,,35.88306756,128.6074913
27,대구광역시,북구,,35.89323997,128.6171718
27,대구광역시,북구,,35.8988044,128.623329
27,대구광역시,북구,,35.91724984,128.6222805
27,대구광역시,북구,,35.93758691,128.6017698
27,대구광역시,북구,,35.90505802,128.5369752
27,대구광역시,북구,,35.92593824,128.5400475
27,대구광역시,북구,,35.91883751,128.5506978
27,대구광역시,북구,,35.93245577,128.5675154
27,대구광역시,북구,,35.94513014,128.5404121
27,대구광역시,북구,,35.95899878,128.5436347
27,대구광역시,북구,,35.93941891,128.5592133
27,대구광역시,북구,,35.89470689,128.5694708
27,대구광역시,북구,,35.96010931,128.5814224
27,대구광역시,수성,,35.85385688,128.6271072
27,대구광역시,수성,,35.86290783,128.6333919
27,대구광역시,수성,,35.86424638,128.6229769
27,대구광역시,수성,,35.85400866,128.6383464
27,대구광역시,수성,,35.87123023,128.6491562
27,대구광역시,수성,,35.86170401,128.6506513
27,대구광역시,수성,,35.85081239,128.6504169
27,대구광역시,수성,,35.85489706,128.6109909
27,대구광역시,수성,,35.8553367,128.6175643
27,대구광역시,수성,,35.86281307,128.6161374
27,대구광역시,수성,,35.8410544,128.6381384
27,대구광역시,수성,,35.84521875,128.622731
27,대구광역시,수성,,35.84485437,128.6121175
27,대구광역시,수성,,35.833399,128.6118068
27,대구광역시,수성,,35.81331871,128.6130322
27,대구광역시,수성,,35.82876794,128.6209126
27,대구광역시,수성,,35.83026441,128.6379638
27,대구광역시,수성,,35.81835025,128.6321572
27,대구광역시,수성,,35.81024445,128.6605126
27,대구광역시,수성,,35.81040892,128.6439577
27,대구광역시,수성,,35.81169845,128.6995381
27,대구광역시,수성,,35.83867601,128.6773257
27,대구광역시,수성,,35.84956667,128.7142408
27,대구광역시,달서,,35.84463242,128.5564319
27,대구광역시,달서,,35.85653458,128.5673183
27,대구광역시,달서,,35.85170528,128.5550609
27,대구광역시,달서,,35.84804572,128.539972
27,대구광역시,달서,,35.85467153,128.5389622
27,대구광역시,달서,,35.84286057,128.5198607
27,대구광역시,달서,,35.85572268,128.5284725
27,대구광역시,달서,,35.85959655,128.5197572
27,대구광역시,달서,,35.85693619,128.5113504
27,대구광역시,달서,,35.85056901,128.5036511
27,대구광역시,달서,,35.84864137,128.4853488
27,대구광역시,달서,,35.83995769,128.5383622
27,대구광역시,달서,,35.8238634,128.5253177
27,대구광역시,달서,,35.82736402,128.5029036
27,대구광역시,달서,,35.80378086,128.5250893
27,대구광역시,달서,,35.81962356,128.541112
27,대구광역시,달서,,35.81307546,128.538558
27,대구광역시,달서,,35.8117437,128.5654226
27,대구광역시,달서,,35.7953752,128.5581411
27,대구광역시,달서,,35.82203223,128.557352
27,대구광역시,달서,,35.83091766,128.5482275
27,대구광역시,달서,,35.83369787,128.5396606
27,대구광역시,달성,,35.78650252,128.5115943
27,대구광역시,달성,,35.75175548,128.4346036
27,대구광역시,달성,,35.87198907,128.4660801
27,대구광역시,달성,,35.75841181,128.6198995
27,대구광역시,달성,,35.89790716,128.4302827
27,대구광역시,달성,,35.68344907,128.4883257
27,대구광역시,달성,,35.65714806,128.4026481
28,인천광역시,중구,,37.45143581,126.6091282
28,인천광역시,중구,,37.46756133,126.6243024
28,인천광역시,중구,,37.4439913,126.6268544
28,인천광역시,중구,,37.46720072,126.6400457
28,인천광역시,중구,,37.47013898,126.634949
28,인천광역시,중구,,37.47512006,126.6287547
28,인천광역시,중구,,37.46979143,126.4516702
28,인천광역시,중구,,37.42338843,126.4055006
28,인천광역시,동구,,37.4870623,126.6182581
28,인천광역시,동구,,37.48067234,126.6301223
28,인천광역시,동구,,37.48526919,126.6309001
28,인천광역시,동구,,37.47793753,126.6357259
28,인천광역시,동구,,37.48834559,126.6405641
28,인천광역시,동구,,37.47519155,126.6387716
28,인천광역시,동구,,37.47675467,126.6429925
28,인천광역시,동구,,37.47294645,126.6482851
28,인천광역시,동구,,37.48178142,126.6580027
28,인천광역시,동구,,37.48169928,126.6485439
28,인천광역시,동구,,37.47174827,126.6403695
28,인천광역시,연수,,37.42017007,126.6497151
28,인천광역시,연수,,37.42885269,126.6469173
28,인천광역시,연수,,37.42972,126.6970885
28,인천광역시,연수,,37.42508149,126.6799145
28,인천광역시,연수,,37.41314883,126.683952
28,인천광역시,연수,,37.41951734,126.6885855
28,인천광역시,연수,,37.42497138,126.6663823
28,인천광역시,연수,,37.40872294,126.6596613
28,인천광역시,연수,,37.40086513,126.6711364
28,인천광역시,연수,,37.40772219,126.6781732
28,인천광역시,연수,,37.40108781,126.6398676
28,인천광역시,남동,,37.44592966,126.7092534
28,인천광역시,남동,,37.45640461,126.7154681
28,인천광역시,남동,,37.44978864,126.6974703
28,인천광역시,남동,,37.44842927,126.7226884
28,인천광역시,남동,,37.45973835,126.7017947
28,인천광역시,남동,,37.46049754,126.7104246
28,인천광역시,남동,,37.46879108,126.715255
28,인천광역시,남동,,37.46683364,126.6965107
28,인천광역시,남동,,37.45088795,126.7339939
28,인천광역시,남동,,37.46509016,126.7363078
28,인천광역시,남동,,37.46555071,126.7270405
28,인천광역시,남동,,37.45666794,126.737869
28,인천광역시,남동,,37.45616298,126.7263091
28,인천광역시,남동,,37.4418854,126.7399989
28,인천광역시,남동,,37.45117322,126.7605368
28,인천광역시,남동,,37.42567099,126.7208166
28,인천광역시,남동,,37.41069368,126.7395974
28,인천광역시,남동,,37.39303159,126.7019522
28,인천광역시,부평,,37.49636415,126.7202918
28,인천광역시,부평,,37.47922384,126.7211634
28,인천광역시,부평,,37.48438603,126.708999
28,인천광역시,부평,,37.50145859,126.7260512
28,인천광역시,부평,,37.49547676,126.7304077
28,인천광역시,부평,,37.48521127,126.7266388
28,인천광역시,부평,,37.50473789,126.6957686
28,인천광역시,부평,,37.50353674,126.7053504
28,인천광역시,부평,,37.49289571,126.7069509
28,인천광역시,부평,,37.50203613,126.7120581
28,인천광역시,부평,,37.51852923,126.6946799
28,인천광역시,부평,,37.51514673,126.713317
28,인천광역시,부평,,37.51862251,126.7267323
28,인천광역시,부평,,37.51053188,126.7266762
28,인천광역시,부평,,37.52037995,126.7470175
28,인천광역시,부평,,37.51248884,126.7387356
28,인천광역시,부평,,37.48387488,126.7353542
28,인천광역시,부평,,37.49309651,126.7378153
28,인천광역시,부평,,37.50226289,126.7382239
28,인천광역시,부평,,37.47517254,126.7484069
28,인천광역시,부평,,37.47805005,126.6948764
28,인천광역시,부평,,37.47322239,126.7027444
28,인천광역시,계양,,37.53412962,126.7079462
28,인천광역시,계양,,37.52989545,126.6979707
28,인천광역시,계양,,37.54082593,126.7176047
28,인천광역시,계양,,37.5477754,126.7198241
28,인천광역시,계양,,37.53953371,126.7316645
28,인천광역시,계양,,37.53852142,126.7399197
28,인천광역시,계양,,37.52943741,126.7298422
28,인천광역시,계양,,37.53083472,126.72249
28,인천광역시,계양,,37.53030765,126.7479631
28,인천광역시,계양,,37.5715795,126.7264358
28,인천광역시,계양,,37.54838809,126.7411491
28,인천광역시,서구,,37.56558891,126.6661313
28,인천광역시,서구,,37.54753324,126.6823763
28,인천광역시,서구,,37.52985615,126.6558695
28,인천광역시,서구,,37.53493949,126.6183338
28,인천광역시,서구,,37.52839433,126.6709353
28,인천광역시,서구,,37.52859489,126.6813574
28,인천광역시,서구,,37.51782425,126.6812856
28,인천광역시,서구,,37.51012539,126.6685864
28,인천광역시,서구,,37.50303077,126.6584257
28,인천광역시,서구,,37.50648177,126.6814738
28,인천광역시,서구,,37.50970383,126.6341071
28,인천광역시,서구,,37.4913614,126.6625639
28,인천광역시,서구,,37.49492554,126.6859171
28,인천광역시,서구,,37.48781949,126.6801924
28,인천광역시,서구,,37.4860684,126.6885404
28,인천광역시,강화,,37.75217665,126.4896916
28,인천광역시,강화,,37.71579792,126.4889079
28,인천광역시,강화,,37.68310026,126.4850827
28,인천광역시,강화,,37.62704759,126.4979372
28,인천광역시,강화,,37.61906976,126.4234535
28,인천광역시,강화,,37.67138173,126.4297849
28,인천광역시,강화,,37.72200829,126.3887578
28,인천광역시,강화,,37.76240382,126.4008564
28,인천광역시,강화,,37.80310066,126.4014736
28,인천광역시,강화,,37.77960724,126.4603539
28,인천광역시,강화,,37.78698994,126.2652359
28,인천광역시,강화,,37.69789505,126.3201061
28,인천광역시,강화,,37.66088134,126.2097639
28,인천광역시,옹진,,37.53330351,126.3999699
28,인천광역시,옹진,,37.19388276,126.086335
28,인천광역시,옹진,,37.2557342,126.4655222
28,인천광역시,옹진,,37.19209369,126.2498703
28,인천광역시,옹진,,37.66320365,125.6968064
29,광주광역시,동구,,35.15056106,126.9154893
29,광주광역시,동구,,35.15059402,126.9254733
29,광주광역시,동구,,35.15861692,126.9179076
29,광주광역시,동구,,35.15967956,126.9229696
29,광주광역시,동구,,35.15598331,126.9285973
29,광주광역시,동구,,35.15694144,126.9375444
29,광주광역시,동구,,35.14997,126.9311812
29,광주광역시,동구,,35.14817824,126.9447174
29,광주광역시,동구,,35.14292475,126.9266298
29,광주광역시,동구,,35.13665753,126.9248826
29,광주광역시,동구,,35.12852884,126.9633312
29,광주광역시,동구,,35.12774718,126.9377729
29,광주광역시,동구,,35.10145149,126.9502875
29,광주광역시,서구,,35.15231355,126.9027288
29,광주광역시,서구,,35.15775824,126.8950872
29,광주광역시,서구,,35.15593785,126.8890949
29,광주광역시,서구,,35.15055186,126.8865351
29,광주광역시,서구,,35.1650378,126.8802031
29,광주광역시,서구,,35.16371091,126.8455766
29,광주광역시,서구,,35.15297813,126.8454245
29,광주광역시,서구,,35.1561236,126.8620651
29,광주광역시,서구,,35.14655908,126.8615904
29,광주광역시,서구,,35.15527419,126.8768187
29,광주광역시,서구,,35.14534189,126.8820654
29,광주광역시,서구,,35.14482009,126.8763607
29,광주광역시,서구,,35.13971682,126.8706484
29,광주광역시,서구,,35.11743026,126.8325363
29,광주광역시,서구,,35.13549004,126.8551663
29,광주광역시,서구,,35.12782677,126.8578229
29,광주광역시,서구,,35.12488578,126.8755805
29,광주광역시,남구,,35.13825767,126.9145273
29,광주광역시,남구,,35.13338256,126.9165724
29,광주광역시,남구,,35.12961686,126.9225752
29,광주광역시,남구,,35.13027545,126.9087202
29,광주광역시,남구,,35.12219028,126.9136304
29,광주광역시,남구,,35.14484254,126.9092156
29,광주광역시,남구,,35.14661337,126.8999327
29,광주광역시,남구,,35.14596152,126.8916391
29,광주광역시,남구,,35.14045775,126.8944924
29,광주광역시,남구,,35.13978369,126.9057216
29,광주광역시,남구,,35.13603936,126.9032938
29,광주광역시,남구,,35.12844109,126.8958602
29,광주광역시,남구,,35.13630367,126.8902501
29,광주광역시,남구,,35.10262077,126.9022722
29,광주광역시,남구,,35.10566196,126.8784443
29,광주광역시,남구,,35.0784711,126.827622
29,광주광역시,북구,,35.16257746,126.9117024
29,광주광역시,북구,,35.15674887,126.9064915
29,광주광역시,북구,,35.1637406,126.8934969
29,광주광역시,북구,,35.16810818,126.9001515
29,광주광역시,북구,,35.1791611,126.9006313
29,광주광역시,북구,,35.17604602,126.8730001
29,광주광역시,북구,,35.17498814,126.8845432
29,광주광역시,북구,,35.18390916,126.8757784
29,광주광역시,북구,,35.18135438,126.8594804
29,광주광역시,북구,,35.17431279,126.921245
29,광주광역시,북구,,35.16476331,126.9258116
29,광주광역시,북구,,35.18294427,126.941167
29,광주광역시,북구,,35.19209689,126.9294017
29,광주광역시,북구,,35.18234881,126.9183645
29,광주광역시,북구,,35.16967851,126.9282743
29,광주광역시,북구,,35.17412509,126.9374886
29,광주광역시,북구,,35.16495065,126.9394323
29,광주광역시,북구,,35.202204,126.9087152
29,광주광역시,북구,,35.19090207,126.889167
29,광주광역시,북구,,35.18988465,126.9126472
29,광주광역시,북구,,35.18862964,126.9021398
29,광주광역시,북구,,35.17462709,126.9708559
29,광주광역시,북구,,35.23111643,126.8868866
29,광주광역시,광산,,35.13469491,126.8045683
29,광주광역시,광산,,35.13691228,126.7930293
29,광주광역시,광산,,35.11991972,126.7948587
29,광주광역시,광산,,35.13201434,126.8119104
29,광주광역시,광산,,35.15963014,126.7690714
29,광주광역시,광산,,35.15517221,126.8153763
29,광주광역시,광산,,35.16759947,126.8129932
29,광주광역시,광산,,35.17143945,126.8057103
29,광주광역시,광산,,35.21219863,126.8231944
29,광주광역시,광산,,35.22206945,126.8364262
29,광주광역시,광산,,35.20919132,126.8449441
29,광주광역시,광산,,35.18036405,126.8325938
29,광주광역시,광산,,35.17301587,126.821613
29,광주광역시,광산,,35.19160579,126.8200427
29,광주광역시,광산,,35.19460667,126.7952264
29,광주광역시,광산,,35.21712612,126.7543843
29,광주광역시,광산,,35.0953396,126.7768769
29,광주광역시,광산,,35.12725433,126.7419457
29,광주광역시,광산,,35.14322121,126.688882
29,광주광역시,광산,,35.18919923,126.7092803
29,광주광역시,광산,,35.19046901,126.8462589
30,대전광역시,동구,,36.33220378,127.4344166
30,대전광역시,동구,,36.31080889,127.4516561
30,대전광역시,동구,,36.32261128,127.4410061
30,대전광역시,동구,,36.3152506,127.4706731
26,부산광역시,해운대,,35.20693514,129.1296651
26,부산광역시,해운대,,35.19710059,129.1358128
26,부산광역시,해운대,,35.20135668,129.1385254
26,부산광역시,해운대,,35.20820053,129.115697
26,부산광역시,해운대,,35.22097486,129.1434405
26,부산광역시,해운대,,35.23583832,129.1515529
26,부산광역시,해운대,,35.18414818,129.1288064
26,부산광역시,해운대,,35.19125767,129.1318797
26,부산광역시,사하,,35.09918014,128.9897451
26,부산광역시,사하,,35.10565974,129.0032307
26,부산광역시,사하,,35.10541496,128.9963164
26,부산광역시,사하,,35.1003018,128.9835651
26,부산광역시,사하,,35.11205843,128.9835816
26,부산광역시,사하,,35.09927694,128.9483046
26,부산광역시,사하,,35.11433,128.9574632
26,부산광역시,사하,,35.09057845,128.975139
26,부산광역시,사하,,35.09045204,128.9603409
26,부산광역시,사하,,35.076648,128.9620533
26,부산광역시,사하,,35.07543297,128.9757056
26,부산광역시,사하,,35.05292529,128.9630454
41,경기도,만안,,37.40452614,126.909146
41,경기도,만안,,37.39611375,126.8886096
41,경기도,동안,,37.4066223,126.9338583
41,경기도,동안,,37.39673571,126.9390867
41,경기도,동안,,37.42015199,126.9511516
41,경기도,동안,,37.39397589,126.9459331
41,경기도,동안,,37.39606968,126.9505485
41,경기도,동안,,37.39664292,126.9579265
41,경기도,동안,,37.39238674,126.9754554
41,경기도,동안,,37.39022654,126.9637849
41,경기도,동안,,37.38441996,126.9671303
41,경기도,동안,,37.37264277,126.9540607
41,경기도,동안,,37.38247985,126.9469995
41,경기도,동안,,37.36722218,126.9603918
41,경기도,동안,,37.3876583,126.9538517
41,경기도,동안,,37.38113321,126.9571456
41,경기도,동안,,37.37783681,126.9648087
41,경기도,광명,,37.48729765,126.8617429
41,경기도,광명,,37.48295803,126.8577403
41,경기도,광명,,37.48010365,126.8562107
41,경기도,광명,,37.47767094,126.8547807
41,경기도,광명,,37.47715584,126.8486406
41,경기도,광명,,37.46725235,126.8388073
41,경기도,광명,,37.46550135,126.8513331
41,경기도,광명,,37.48905827,126.8697582
41,경기도,광명,,37.48346285,126.8670537
41,경기도,광명,,37.47549519,126.8714167
41,경기도,광명,,37.47257912,126.8631805
41,경기도,광명,,37.45741013,126.8665033
41,경기도,광명,,37.46469261,126.8742686
41,경기도,광명,,37.46046017,126.8829033
41,경기도,광명,,37.46717567,126.880212
41,경기도,광명,,37.44441771,126.8873515
41,경기도,광명,,37.42777864,126.8793607
41,경기도,광명,,37.4292929,126.855111
41,경기도,평택,,36.96160381,127.0368111
41,경기도,평택,,36.99087648,126.9370273
41,경기도,평택,,36.97306146,126.8597987
41,경기도,평택,,37.10815056,127.088403
41,경기도,평택,,37.10180851,127.0217894
41,경기도,평택,,37.03752416,127.0280964
41,경기도,평택,,37.00403937,126.9919326
41,경기도,평택,,37.04497237,126.9346
41,경기도,평택,,36.94483663,126.9319518
41,경기도,평택,,37.05154794,127.0612125
41,경기도,평택,,37.06969797,127.0534145
41,경기도,평택,,37.04521152,127.0959992
41,경기도,평택,,37.07630479,127.0593429
41,경기도,평택,,37.07915427,127.0778833
41,경기도,평택,,37.08767953,127.0501396
41,경기도,평택,,37.0768265,127.0502548
41,경기도,평택,,36.98174351,127.1066026
41,경기도,평택,,36.99265438,127.0718034
41,경기도,평택,,36.99802823,127.0857186
41,경기도,평택,,37.01464938,127.1200106
41,경기도,평택,,36.99057675,127.1191177
41,경기도,평택,,37.01337197,127.0731231
41,경기도,동두천,,37.90914807,127.0667784
41,경기도,동두천,,37.9000354,127.0512374
41,경기도,동두천,,37.90839615,127.0545686
41,경기도,동두천,,37.92516798,127.0881464
41,경기도,동두천,,37.89242541,127.1085557
41,경기도,동두천,,37.88067393,127.0646829
41,경기도,동두천,,37.94793368,127.0563142
41,경기도,동두천,,37.90923181,127.0317473
41,경기도,상록,,37.31290764,126.8702365
41,경기도,상록,,37.3094119,126.8556626
41,경기도,상록,,37.29923226,126.8507262
41,경기도,상록,,37.28392572,126.8419403
41,경기도,상록,,37.29678289,126.8306935
41,경기도,상록,,37.28426192,126.8699111
41,경기도,상록,,37.29465244,126.869536
41,경기도,상록,,37.29999782,126.8673779
41,경기도,상록,,37.33457823,126.8691686
41,경기도,상록,,37.34477397,126.847699
41,경기도,상록,,37.32161413,126.8489824
41,경기도,상록,,37.30298487,126.9064252
41,경기도,단원,,37.35167254,126.8223752
41,경기도,단원,,37.33961978,126.8267594
41,경기도,단원,,37.32457617,126.825198
41,경기도,단원,,37.32583028,126.8360393
41,경기도,단원,,37.31043218,126.8313483
41,경기도,단원,,37.33073526,126.7689604
41,경기도,단원,,37.3239612,126.7994503
41,경기도,단원,,37.31003468,126.7746246
41,경기도,단원,,37.33215876,126.8080714
41,경기도,단원,,37.34502815,126.8006705
41,경기도,상록,,37.35833729,126.8767812
41,경기도,단원,,37.2442434,126.5966785
41,경기도,덕양,,37.66181889,126.8278115
41,경기도,덕양,,37.67180788,126.8643447
41,경기도,덕양,,37.63645617,126.8628266
41,경기도,덕양,,37.65892558,126.8454418
41,경기도,덕양,,37.65057475,126.8399941
41,경기도,덕양,,37.663969,126.9574545
41,경기도,덕양,,37.6313788,126.892394
41,경기도,덕양,,37.70939938,126.9043565
41,경기도,덕양,,37.70940375,126.8636309
41,경기도,덕양,,37.6285965,126.802266
41,경기도,덕양,,37.64188302,126.8329555
41,경기도,덕양,,37.63228529,126.8368195
41,경기도,덕양,,37.6072588,126.818987
41,경기도,덕양,,37.62133033,126.8337766
41,경기도,덕양,,37.60803864,126.8406178
41,경기도,덕양,,37.62142219,126.8454524
41,경기도,덕양,,37.6038031,126.8838714
41,경기도,덕양,,37.58996994,126.8563497
41,경기도,일산동,,37.67868554,126.8159142
41,경기도,일산동,,37.67057084,126.7779436
41,경기도,일산동,,37.66202028,126.8013099
41,경기도,일산동,,37.64743218,126.7921814
41,경기도,일산동,,37.64213538,126.7843514
41,경기도,일산동,,37.66073215,126.7836211
41,경기도,일산동,,37.65343738,126.782035
41,경기도,일산동,,37.64188221,126.7628282
41,경기도,일산동,,37.65572018,126.7687771
41,경기도,일산동,,37.70679156,126.8138687
41,경기도,일산서,,37.68782844,126.7678753
41,경기도,일산서,,37.68563706,126.7743446
41,경기도,일산서,,37.67919325,126.7677021
41,경기도,일산서,,37.66981674,126.7656804
41,경기도,일산서,,37.67195802,126.7577652
41,경기도,일산서,,37.67811753,126.7480976
41,경기도,일산서,,37.66454142,126.7243553
41,경기도,과천,,37.43466923,126.9786681
41,경기도,과천,,37.41512963,126.9815882
41,경기도,과천,,37.42745314,126.9957627
41,경기도,과천,,37.43488791,126.9990715
41,경기도,과천,,37.45061831,127.0089341
41,경기도,과천,,37.42472488,127.0190136
41,경기도,구리,,37.63141377,127.1177688
41,경기도,구리,,37.62486468,127.1367842
41,경기도,구리,,37.60834439,127.1284247
41,경기도,구리,,37.5812266,127.118253
41,경기도,구리,,37.58602882,127.1337079
41,경기도,구리,,37.5980879,127.1481282
41,경기도,구리,,37.59423863,127.1434247
41,경기도,구리,,37.58219267,127.1486171
41,경기도,남양주,,37.59448239,127.2471349
41,경기도,남양주,,37.72569218,127.1929502
41,경기도,남양주,,37.65276763,127.3155553
41,경기도,남양주,,37.6566039,127.1838684
41,경기도,남양주,,37.69401984,127.2310775
41,경기도,남양주,,37.70968375,127.1258954
41,경기도,남양주,,37.7262258,127.3041997
41,경기도,남양주,,37.56749458,127.2984818
41,경기도,남양주,,37.66389504,127.2494833
41,경기도,남양주,,37.64634218,127.2350604
41,경기도,남양주,,37.63208844,127.2122862
41,경기도,남양주,,37.61090435,127.1912051
41,경기도,남양주,,37.59729729,127.1683176
41,경기도,남양주,,37.66634227,127.1145507
41,경기도,오산,,37.15357828,127.0839327
41,경기도,오산,,37.15662114,127.0492882
41,경기도,오산,,37.184337,127.0296361
41,경기도,오산,,37.14301972,127.0452977
41,경기도,시흥,,37.45301827,126.7998739
41,경기도,시흥,,37.43844656,126.7799674
41,경기도,시흥,,37.41234734,126.7742863
41,경기도,시흥,,37.43191738,126.8078847
41,경기도,시흥,,37.4059125,126.824497
41,경기도,시흥,,37.38009763,126.8528547
41,경기도,시흥,,37.38461343,126.7583991
41,경기도,시흥,,37.35793343,126.7531028
41,경기도,시흥,,37.33224077,126.7340058
41,경기도,시흥,,37.34072757,126.7215392
41,경기도,시흥,,37.34517879,126.7060514
41,경기도,시흥,,37.36256417,126.7312804
41,경기도,시흥,,37.43302675,126.8338169
41,경기도,시흥,,37.38871944,126.805165
41,경기도,시흥,,37.36514437,126.8101092
41,경기도,군포,,37.35362953,126.9520299
41,경기도,군포,,37.33453374,126.9369908
41,경기도,군포,,37.37314327,126.9399373
41,경기도,군포,,37.37136418,126.9315853
41,경기도,군포,,37.36589152,126.9452996
41,경기도,군포,,37.35862435,126.9373411
41,경기도,군포,,37.34915395,126.9294972
41,경기도,군포,,37.351039,126.9172488
41,경기도,군포,,37.36378017,126.9171636
41,경기도,군포,,37.33139387,126.9039663
41,경기도,군포,,37.36715979,126.9248519
41,경기도,의왕,,37.34293511,126.9864366
41,경기도,의왕,,37.3198469,126.9529231
41,경기도,의왕,,37.35983764,126.9843404
41,경기도,의왕,,37.37791233,126.9771742
41,경기도,의왕,,37.38545289,126.9831815
41,경기도,의왕,,37.38880672,127.0121634
41,경기도,하남,,37.51206849,127.2385434
41,경기도,하남,,37.53893938,127.2072011
41,경기도,하남,,37.55006764,127.2213128
41,경기도,하남,,37.53506859,127.1981051
41,경기도,하남,,37.54137272,127.1991118
41,경기도,하남,,37.55121688,127.2051178
41,경기도,하남,,37.56786447,127.205033
41,경기도,하남,,37.5087799,127.1614196
41,경기도,하남,,37.50669041,127.1935633
41,경기도,하남,,37.53416927,127.1733117
41,경기도,처인,,37.29054993,127.2176614
41,경기도,처인,,37.32637374,127.2182037
41,경기도,처인,,37.16463779,127.2111598
41,경기도,처인,,37.16334432,127.3133981
41,경기도,처인,,37.14400475,127.3797524
41,경기도,처인,,37.24203463,127.2886716
41,경기도,처인,,37.22540887,127.1999619
41,경기도,처인,,37.25409809,127.2117986
41,경기도,처인,,37.20457848,127.2508481
41,경기도,기흥,,37.28317273,127.1017847
41,경기도,기흥,,37.27703756,127.1231231
41,경기도,기흥,,37.24839425,127.1276941
41,경기도,기흥,,37.23106591,127.1143208
41,경기도,기흥,,37.23432752,127.0811602
41,경기도,기흥,,37.29591597,127.1412521
41,경기도,기흥,,37.30671578,127.1275794
41,경기도,기흥,,37.26308277,127.1430665
41,경기도,기흥,,37.30949007,127.107653
41,경기도,수지,,37.32791344,127.094567
41,경기도,수지,,37.31993036,127.0899622
41,경기도,수지,,37.3324306,127.0574991
41,경기도,수지,,37.3292955,127.1272124
41,경기도,수지,,37.33061712,127.1071743
41,경기도,수지,,37.35015104,127.0573115
41,경기도,수지,,37.30308924,127.0720547
41,경기도,수지,,37.30648405,127.0884844
41,경기도,수지,,37.31938604,127.0605924
41,경기도,파주,,37.87425421,126.7805049
41,경기도,파주,,37.82844253,126.8151611
41,경기도,파주,,37.86745732,126.8928249
41,경기도,파주,,37.750355,126.823113
41,경기도,파주,,37.79741537,126.78946
41,경기도,파주,,37.80350731,126.7069516
41,경기도,파주,,37.77643173,126.8829807
41,경기도,파주,,37.91422411,126.8506327
41,경기도,파주,,37.95807011,126.9294674
41,경기도,파주,,37.8735781,126.7017103
41,경기도,파주,,37.77610845,126.7544326
41,경기도,파주,,37.75114263,126.7758868
41,경기도,파주,,37.77009165,126.7755086
41,경기도,파주,,37.73216395,126.712053
41,경기도,파주,,37.73037315,126.7683445
41,경기도,파주,,37.72687906,126.7403218
41,경기도,파주,,37.71207402,126.7535264
41,경기도,이천,,37.13450944,127.5964707
41,경기도,이천,,37.27302343,127.5071352
41,경기도,이천,,37.31371789,127.4104924
41,경기도,이천,,37.3256379,127.4827457
41,경기도,이천,,37.21542213,127.4121633
41,경기도,이천,,37.24972657,127.3708179
41,경기도,이천,,37.21285218,127.4976732
41,경기도,이천,,37.17087946,127.456868
41,경기도,이천,,37.13944117,127.5231497
41,경기도,이천,,37.07562194,127.5471871
41,경기도,이천,,37.28331737,127.4454281
41,경기도,이천,,37.28999234,127.4539999
41,경기도,이천,,37.24336993,127.4503219
41,경기도,이천,,37.28817298,127.421762
41,경기도,안성,,36.99440394,127.1735526
41,경기도,안성,,37.05587205,127.3139137
41,경기도,안성,,36.98161016,127.3446842
41,경기도,안성,,36.93682243,127.26803
41,경기도,안성,,36.96953922,127.2237901
41,경기도,안성,,37.03450421,127.2382854
41,경기도,안성,,37.08215727,127.2201767
41,경기도,안성,,37.05604299,127.1475332
41,경기도,안성,,37.09828835,127.4688954
41,경기도,안성,,37.04872436,127.4218852
41,경기도,안성,,37.06824063,127.3670479
41,경기도,안성,,37.09225446,127.2714259
41,경기도,안성,,37.00357931,127.2829112
41,경기도,안성,,36.99327593,127.2656022
41,경기도,안성,,37.0270949,127.2642371
41,경기도,김포,,37.69595362,126.5994629
41,경기도,김포,,37.60657267,126.7631376
41,경기도,김포,,37.64425929,126.6275449
41,경기도,김포,,37.64845931,126.5691866
41,경기도,김포,,37.7317238,126.5513353
41,경기도,김포,,37.7344177,126.6451191
41,경기도,김포,,37.63408003,126.7097387
41,경기도,김포,,37.65725439,126.6859478
41,경기도,김포,,37.61898956,126.7261935
41,경기도,김포,,37.60637771,126.721834
41,경기도,화성,,37.20413678,126.9389468
41,경기도,화성,,37.10001132,126.768179
41,경기도,화성,,37.11433952,126.9274178
41,경기도,화성,,37.26325317,126.9071495
41,경기도,화성,,37.23251249,126.8711617
41,경기도,화성,,37.19203281,126.7631531
41,경기도,화성,,37.1699861,126.6913362
41,경기도,화성,,37.15392246,126.88251
41,경기도,화성,,37.07449398,126.8405422
41,경기도,화성,,37.08845213,126.9602307
41,경기도,화성,,37.16192361,126.9859994
41,경기도,화성,,37.17087008,127.0979975
41,경기도,화성,,37.21708469,126.8168759
41,경기도,화성,,37.20254873,127.0392678
41,경기도,화성,,37.21049583,127.0459377
41,경기도,화성,,37.22701778,127.0604679
41,경기도,화성,,37.22344894,126.9891918
41,경기도,화성,,37.20773169,127.0053548
41,경기도,화성,,37.2097084,127.0744593
41,경기도,화성,,37.19157272,127.0745105
41,경기도,화성,,37.20870552,127.0567902
41,경기도,경기광주,,37.39702362,127.3111881
41,경기도,경기광주,,37.36386956,127.3822239
41,경기도,경기광주,,37.3082391,127.3154362
41,경기도,경기광주,,37.45414954,127.339943
41,경기도,경기광주,,37.50258225,127.3202752
41,경기도,경기광주,,37.45912935,127.2340602
41,경기도,경기광주,,37.40399058,127.262471
41,경기도,경기광주,,37.42960742,127.2352929
41,경기도,양주,,37.78942544,126.976656
41,경기도,양주,,37.8695358,127.0238631
41,경기도,양주,,37.89615104,126.9796895
41,경기도,양주,,37.82988171,126.9531148
41,경기도,양주,,37.71742417,126.9638599
41,경기도,양주,,37.78586955,127.0335285
41,경기도,양주,,37.7931454,127.0870398
41,경기도,양주,,37.85685461,127.0750399
41,경기도,양주,,37.82519949,127.0476513
41,경기도,양주,,37.82575237,127.0713998
41,경기도,포천,,37.79508321,127.1488281
41,경기도,포천,,37.87751918,127.2296703
41,경기도,포천,,37.79731869,127.2351588
41,경기도,포천,,37.83400379,127.2010769
41,경기도,포천,,37.94503806,127.1709032
41,경기도,포천,,38.02247791,127.1764493
41,경기도,포천,,38.00243062,127.2510248
41,경기도,포천,,37.96495288,127.3237743
41,경기도,포천,,38.05190225,127.384929
41,경기도,포천,,38.07371023,127.2842235
41,경기도,포천,,38.12856512,127.2254754
41,경기도,포천,,37.89785211,127.2857848
41,경기도,포천,,37.89432589,127.1815494
41,경기도,포천,,37.86103318,127.1468963
41,경기도,여주,,37.25606877,127.6505035
41,경기도,여주,,37.19141882,127.68442
41,경기도,여주,,37.20905243,127.580627
41,경기도,여주,,37.34536861,127.5330815
41,경기도,여주,,37.39654242,127.4978334
41,경기도,여주,,37.37787579,127.6023242
41,경기도,여주,,37.35655857,127.6892459
41,경기도,여주,,37.28843858,127.7263026
41,경기도,여주,,37.40925653,127.4421286
41,경기도,연천,,38.10033861,127.1143778
41,경기도,연천,,37.9941039,127.036695
41,경기도,연천,,38.07469971,127.0379203
41,경기도,연천,,38.01120377,127.1016144
41,경기도,연천,,38.0252724,126.9180699
41,경기도,연천,,38.03538981,126.9776031
41,경기도,연천,,38.13173491,126.8832055
41,경기도,연천,,38.20234155,127.1021138
41,경기도,연천,,38.17020866,126.998845
41,경기도,연천,,37.99551082,126.8502897
41,경기도,가평,,37.82858462,127.4875607
41,경기도,가평,,37.6531351,127.4997053
41,경기도,가평,,37.72943483,127.4294045
41,경기도,가평,,37.79050691,127.3379633
41,경기도,가평,,37.86711148,127.3718558
41,경기도,가평,,37.94428553,127.4944336
41,경기도,양평,,37.49341129,127.5137225
41,경기도,양평,,37.46119173,127.4673709
41,경기도,양평,,37.46830311,127.4114638
41,경기도,양평,,37.54125961,127.3787312
41,경기도,양평,,37.5518554,127.4864361
11,서울특별시,영등포,,37.52507785,126.887074
11,서울특별시,영등포,,37.54060098,126.894168
11,서울특별시,영등포,,37.51278312,126.9195562
11,서울특별시,영등포,,37.50627956,126.9057867
11,서울특별시,영등포,,37.50720302,126.9129612
11,서울특별시,영등포,,37.50094535,126.9055734
11,서울특별시,영등포,,37.4990883,126.9134685
11,서울특별시,영등포,,37.5059714,126.9197305
11,서울특별시,영등포,,37.49368189,126.905196
11,서울특별시,영등포,,37.48956217,126.9005328
11,서울특별시,영등포,,37.49978572,126.897263
11,서울특별시,동작,,37.51303084,126.9488855
11,서울특별시,동작,,37.51090495,126.9378694
11,서울특별시,동작,,37.49848899,126.9534051
11,서울특별시,동작,,37.50370573,126.9418553
11,서울특별시,동작,,37.49720225,126.9333415
11,서울특별시,동작,,37.4974081,126.9407282
11,서울특별시,동작,,37.50642548,126.9636903
11,서울특별시,동작,,37.47977701,126.977457
11,서울특별시,동작,,37.49836695,126.9750883
11,서울특별시,동작,,37.48871826,126.9710205
11,서울특별시,동작,,37.48054129,126.9707795
11,서울특별시,동작,,37.48586439,126.965038
11,서울특별시,동작,,37.50705668,126.9280165
11,서울특별시,동작,,37.48998097,126.9107372
11,서울특별시,동작,,37.4943415,126.9216096
11,서울특별시,관악,,37.49034836,126.9326058
11,서울특별시,관악,,37.48947884,126.9595388
11,서울특별시,관악,,37.48959148,126.9510174
11,서울특별시,관악,,37.48098265,126.9606145
11,서울특별시,관악,,37.46728228,126.9599899
11,서울특별시,관악,,37.47802192,126.9458499
11,서울특별시,관악,,37.48674135,126.9421844
11,서울특별시,관악,,37.4841344,126.9506449
11,서울특별시,관악,,37.47207459,126.9664675
11,서울특별시,관악,,37.46253048,126.9765805
11,서울특별시,관악,,37.480569,126.9334158
11,서울특별시,관악,,37.47946956,126.9266003
11,서울특별시,관악,,37.47369156,126.9392523
11,서울특별시,관악,,37.48564441,126.9187262
11,서울특별시,관악,,37.48693375,126.9274711
11,서울특별시,관악,,37.4616523,126.9183754
11,서울특별시,관악,,37.48293623,126.907516
11,서울특별시,관악,,37.45354552,126.948412
11,서울특별시,관악,,37.46097307,126.930073
11,서울특별시,관악,,37.47586091,126.9154715
11,서울특별시,관악,,37.47054246,126.9211791
11,서울특별시,서초,,37.48692295,127.0201018
11,서울특별시,서초,,37.48882604,127.0278821
11,서울특별시,서초,,37.48543262,127.0094732
11,서울특별시,서초,,37.49894199,127.0198382
11,서울특별시,서초,,37.51760656,127.0130416
11,서울특별시,서초,,37.50628636,126.9864467
11,서울특별시,서초,,37.50549613,127.0167056
11,서울특별시,서초,,37.50629272,126.995626
11,서울특별시,서초,,37.51227927,127.0036003
11,서울특별시,서초,,37.49959137,127.0033349
11,서울특별시,서초,,37.4949367,126.9877502
11,서울특별시,서초,,37.48487947,126.9962533
11,서울특별시,서초,,37.47318326,126.9883815
11,서울특별시,서초,,37.47429918,126.9979437
11,서울특별시,서초,,37.48981491,126.9909498
11,서울특별시,서초,,37.4695323,127.0225492
11,서울특별시,서초,,37.45106633,127.045923
11,서울특별시,서초,,37.45650616,127.0706531
11,서울특별시,강남,,37.52570445,127.0213676
11,서울특별시,강남,,37.51186691,127.0264819
11,서울특별시,강남,,37.51517735,127.0362171
11,서울특별시,강남,,37.53025994,127.0334378
11,서울특별시,강남,,37.52461674,127.0504451
11,서울특별시,강남,,37.51537047,127.0606096
11,서울특별시,강남,,37.51183603,127.0487719
11,서울특별시,강남,,37.49331724,127.0590405
11,서울특별시,강남,,37.50057376,127.0663677
11,서울특별시,강남,,37.50157378,127.0548555
11,서울특별시,강남,,37.50085569,127.0355007
11,서울특별시,강남,,37.49849581,127.0448681
11,서울특별시,강남,,37.48898423,127.0409497
11,서울특별시,강남,,37.48820416,127.0496452
11,서울특별시,강남,,37.47959093,127.0595936
11,서울특별시,강남,,37.48401261,127.0688244
11,서울특별시,강남,,37.47564222,127.0531989
11,서울특별시,강남,,37.47107923,127.1044417
11,서울특별시,강남,,37.4822608,127.0846112
11,서울특별시,강남,,37.49336813,127.0892181
11,서울특별시,강남,,37.4868416,127.1003921
11,서울특별시,송파,,37.53821994,127.1142833
11,서울특별시,송파,,37.52982222,127.1101185
11,서울특별시,송파,,37.49468092,127.1418048
11,서울특별시,송파,,37.49482525,127.1556005
11,서울특별시,송파,,37.50033317,127.151395
30,대전광역시,동구,,36.32152813,127.4543591
30,대전광역시,동구,,36.3327944,127.4614557
30,대전광역시,동구,,36.32931955,127.4440125
30,대전광역시,동구,,36.33803779,127.4499602
30,대전광역시,동구,,36.34331939,127.4422073
30,대전광역시,동구,,36.34874399,127.4533908
30,대전광역시,동구,,36.35406484,127.4345888
30,대전광역시,동구,,36.34361152,127.4337796
30,대전광역시,동구,,36.34710238,127.4257113
30,대전광역시,동구,,36.3394173,127.4246778
30,대전광역시,동구,,36.37684455,127.4955612
30,대전광역시,동구,,36.25389359,127.4595306
30,대전광역시,중구,,36.33085847,127.420124
30,대전광역시,중구,,36.33356874,127.4091314
30,대전광역시,중구,,36.34202304,127.4087996
30,대전광역시,중구,,36.32270372,127.4249515
30,대전광역시,중구,,36.31794136,127.4358501
30,대전광역시,중구,,36.30058879,127.4408375
30,대전광역시,중구,,36.30945184,127.4224116
30,대전광역시,중구,,36.31146619,127.4315332
30,대전광역시,중구,,36.32973312,127.4069945
30,대전광역시,중구,,36.32521164,127.4051967
30,대전광역시,중구,,36.32688748,127.39856
30,대전광역시,중구,,36.32366829,127.3914966
30,대전광역시,중구,,36.31546109,127.3928301
30,대전광역시,중구,,36.31831741,127.3996076
30,대전광역시,중구,,36.31122939,127.4120612
30,대전광역시,중구,,36.30731876,127.402542
30,대전광역시,중구,,36.26365952,127.4079183
30,대전광역시,서구,,36.30233688,127.3768439
30,대전광역시,서구,,36.31854265,127.3793313
30,대전광역시,서구,,36.31945602,127.3687476
30,대전광역시,서구,,36.29116672,127.3637797
30,대전광역시,서구,,36.32751944,127.3765409
30,대전광역시,서구,,36.3375752,127.3958192
30,대전광역시,서구,,36.34501772,127.3915461
30,대전광역시,서구,,36.33866197,127.3800218
30,대전광역시,서구,,36.33112084,127.3875619
30,대전광역시,서구,,36.33399298,127.3742098
30,대전광역시,서구,,36.34773094,127.3670899
30,대전광역시,서구,,36.34593713,127.3738847
30,대전광역시,서구,,36.34583037,127.3578334
30,대전광역시,서구,,36.36211277,127.3747102
30,대전광역시,서구,,36.36053151,127.3667352
30,대전광역시,서구,,36.30540786,127.3491434
30,대전광역시,서구,,36.30614583,127.3369784
30,대전광역시,서구,,36.29237176,127.3327774
30,대전광역시,서구,,36.24227275,127.3269177
30,대전광역시,서구,,36.35307943,127.3898887
30,대전광역시,서구,,36.35749138,127.3854586
30,대전광역시,서구,,36.36851939,127.3832548
30,대전광역시,서구,,36.35330415,127.399191
30,대전광역시,유성,,36.30632021,127.2929434
30,대전광역시,유성,,36.34974846,127.3121999
30,대전광역시,유성,,36.36874288,127.3488807
30,대전광역시,유성,,36.36996356,127.3020055
30,대전광역시,유성,,36.4049272,127.3098248
30,대전광역시,유성,,36.40311563,127.3580105
30,대전광역시,유성,,36.39439681,127.3981918
30,대전광역시,유성,,36.46106671,127.3766704
30,대전광역시,유성,,36.42047083,127.3983255
30,대전광역시,대덕,,36.3540007,127.4138001
30,대전광역시,대덕,,36.3687707,127.4074238
30,대전광역시,대덕,,36.39949703,127.4342794
30,대전광역시,대덕,,36.36310425,127.4547099
30,대전광역시,대덕,,36.36465444,127.4428108
30,대전광역시,대덕,,36.36144556,127.4269152
30,대전광역시,대덕,,36.44196858,127.4659192
30,대전광역시,대덕,,36.45047378,127.4232007
30,대전광역시,대덕,,36.43071305,127.4270822
30,대전광역시,대덕,,36.44179283,127.4059696
30,대전광역시,대덕,,36.3704943,127.4257168
30,대전광역시,대덕,,36.3749283,127.4379535
31,울산광역시,중구,,35.55465018,129.3351099
31,울산광역시,중구,,35.55466486,129.3460229
31,울산광역시,중구,,35.56229999,129.3395371
43,충청북도,상당,,36.64247309,127.4936427
43,충청북도,상당,,36.63106414,127.4890883
43,충청북도,청원,,36.65038478,127.4892837
43,충청북도,청원,,36.65877219,127.4813982
43,충청북도,청원,,36.65820138,127.4948137
43,충청북도,청원,,36.66626998,127.4971911
43,충청북도,상당,,36.63169173,127.497899
43,충청북도,상당,,36.61905168,127.4999324
43,충청북도,상당,,36.62633446,127.505804
43,충청북도,상당,,36.6513371,127.5265256
43,충청북도,상당,,36.62710947,127.5231704
43,충청북도,상당,,36.61531218,127.5316817
43,충청북도,청원,,36.69241583,127.4794428
43,충청북도,서원,,36.63997252,127.4765931
43,충청북도,서원,,36.63241545,127.4750005
43,충청북도,서원,,36.63451298,127.462895
43,충청북도,서원,,36.62510676,127.4808032
43,충청북도,흥덕,,36.65232873,127.4709027
43,충청북도,서원,,36.60862287,127.4693912
43,충청북도,서원,,36.5966896,127.4873336
43,충청북도,서원,,36.61706308,127.4857663
43,충청북도,서원,,36.6187974,127.4737054
43,충청북도,흥덕,,36.63756687,127.4349356
43,충청북도,흥덕,,36.62986098,127.4460385
43,충청북도,흥덕,,36.62034653,127.4339647
43,충청북도,흥덕,,36.64043306,127.4603217
43,충청북도,흥덕,,36.64853369,127.4505583
43,충청북도,흥덕,,36.62270552,127.3994614
43,충청북도,흥덕,,36.66648942,127.4290999
43,충청북도,서원,,36.61503768,127.452109
43,충청북도,충주,,36.98643388,127.7830335
43,충청북도,충주,,36.91246055,127.9955528
43,충청북도,충주,,36.84401271,128.0269328
43,충청북도,충주,,36.94901411,127.8521981
43,충청북도,충주,,36.99934691,127.7102252
43,충청북도,충주,,37.05210005,127.7501434
43,충청북도,충주,,37.12234152,127.7554673
43,충청북도,충주,,37.03706551,127.8512465
43,충청북도,충주,,37.03164498,127.8954371
43,충청북도,충주,,37.01517545,128.0209825
43,충청북도,충주,,37.08388295,128.0045584
43,충청북도,충주,,37.11830944,127.9253433
43,충청북도,충주,,37.12283999,127.8543166
43,충청북도,충주,,36.97136163,127.9334549
43,충청북도,충주,,36.97661999,127.9804698
43,충청북도,충주,,36.97941864,127.9292042
43,충청북도,충주,,36.96104474,127.9444894
43,충청북도,충주,,36.96291618,127.9319723
43,충청북도,충주,,36.96922796,127.9230574
43,충청북도,충주,,36.94699024,127.9499004
43,충청북도,충주,,36.94371632,127.9001201
43,충청북도,충주,,36.97557306,127.9063092
43,충청북도,충주,,36.98996737,127.9133669
43,충청북도,충주,,36.99058543,127.9449496
43,충청북도,충주,,37.00912368,127.9450701
43,충청북도,제천,,37.14780586,128.1153659
43,충청북도,제천,,37.06296785,128.1834477
43,충청북도,제천,,37.00953591,128.1449828
43,충청북도,제천,,36.94878921,128.2086479
43,충청북도,제천,,36.87573848,128.1650246
43,충청북도,제천,,36.90336046,128.0879315
43,충청북도,제천,,37.18073353,127.9958389
43,충청북도,제천,,37.20219536,128.2444928
43,충청북도,제천,,37.14736963,128.2278094
43,충청북도,제천,,37.17362945,128.2154338
43,충청북도,제천,,37.13958863,128.2091446
43,충청북도,제천,,37.13279839,128.2184116
43,충청북도,제천,,37.12768826,128.1781188
43,충청북도,제천,,37.15854814,128.1844769
43,충청북도,제천,,37.11917037,128.2622321
43,충청북도,제천,,37.1504828,128.2095708
43,충청북도,제천,,37.10978369,128.2010634
43,충청북도,청원,,36.70276963,127.5471173
43,충청북도,청원,,36.7332025,127.4214582
43,충청북도,흥덕,,36.6289812,127.3203498
43,충청북도,상당,,36.63013853,127.5972652
43,충청북도,상당,,36.65343579,127.6768351
43,충청북도,상당,,36.56316701,127.5627715
43,충청북도,상당,,36.57477729,127.520126
43,충청북도,서원,,36.5666815,127.4285206
43,충청북도,상당,,36.49127975,127.5112542
43,충청북도,서원,,36.48939792,127.4346342
43,충청북도,흥덕,,36.5988055,127.3604236
43,충청북도,흥덕,,36.68729892,127.3563504
43,충청북도,청원,,36.74619542,127.5478952
43,충청북도,보은,,36.49906577,127.7231394
43,충청북도,보은,,36.52501902,127.8337159
43,충청북도,보은,,36.47774037,127.8000564
43,충청북도,보은,,36.41749021,127.8381283
43,충청북도,보은,,36.43715709,127.7785131
43,충청북도,보은,,36.41731719,127.7350441
43,충청북도,보은,,36.460744,127.6682729
43,충청북도,보은,,36.43355224,127.5742448
43,충청북도,보은,,36.50054468,127.6025147
43,충청북도,보은,,36.55454011,127.6585997
43,충청북도,보은,,36.57154896,127.7471681
43,충청북도,옥천,,36.30103652,127.5834537
43,충청북도,옥천,,36.29507192,127.6462159
43,충청북도,옥천,,36.35485245,127.6809021
43,충청북도,옥천,,36.39931949,127.6489657
43,충청북도,옥천,,36.32437267,127.7330751
43,충청북도,옥천,,36.3453987,127.8155875
43,충청북도,옥천,,36.22797376,127.6320478
43,충청북도,옥천,,36.27307307,127.5252068
43,충청북도,옥천,,36.35649672,127.5595679
43,충청북도,영동,,36.17705216,127.8109606
43,충청북도,영동,,36.26297803,127.8046727
43,충청북도,영동,,36.23596184,127.8967364
43,충청북도,영동,,36.22892583,127.9978917
43,충청북도,영동,,36.16672618,127.9529609
43,충청북도,영동,,36.09991926,127.895385
43,충청북도,영동,,36.12277809,127.761134
43,충청북도,영동,,36.04707223,127.7771737
43,충청북도,영동,,36.08647192,127.6882321
43,충청북도,영동,,36.14620146,127.6421783
43,충청북도,영동,,36.21498122,127.7094385
43,충청북도,증평,,36.76699188,127.6038188
43,충청북도,증평,,36.8273504,127.6061398
43,충청북도,진천,,36.84783154,127.4127614
43,충청북도,진천,,36.82980367,127.531068
43,충청북도,진천,,36.79985166,127.4512023
43,충청북도,진천,,36.89968357,127.3511623
43,충청북도,진천,,36.91918864,127.4329687
43,충청북도,진천,,36.9766324,127.423758
43,충청북도,괴산,,36.82666767,127.8051837
43,충청북도,괴산,,36.83904837,127.8827093
43,충청북도,괴산,,36.83532278,127.9348129
43,충청북도,괴산,,36.7667195,128.002839
43,충청북도,괴산,,36.7532606,127.8826286
43,충청북도,괴산,,36.7716059,127.7740419
43,충청북도,괴산,,36.67348661,127.8154764
43,충청북도,괴산,,36.74911776,127.6821717
43,충청북도,괴산,,36.81536098,127.6817108
43,충청북도,괴산,,36.84894424,127.7273298
43,충청북도,괴산,,36.8925764,127.8235777
43,충청북도,음성,,36.94183731,127.6549759
43,충청북도,음성,,36.98801633,127.5733678
43,충청북도,음성,,36.9128757,127.7521112
43,충청북도,음성,,36.88134854,127.6475363
43,충청북도,음성,,36.91853458,127.5585645
43,충청북도,음성,,36.96100991,127.491458
43,충청북도,음성,,37.01915275,127.49375
43,충청북도,음성,,37.0357031,127.6121152
43,충청북도,음성,,37.09674398,127.6628317
43,충청북도,단양,,36.96062902,128.3911637
43,충청북도,단양,,37.04644217,128.3017595
43,충청북도,단양,,36.86783004,128.3800928
43,충청북도,단양,,37.01426593,128.4317367
43,충청북도,단양,,37.06831636,128.4997783
43,충청북도,단양,,37.09709536,128.3469886
43,충청북도,단양,,36.99501999,128.2762504
43,충청북도,단양,,36.89745686,128.2902812
44,충청남도,동남구,,36.78845643,127.21269
44,충청남도,동남구,,36.73784779,127.1228587
44,충청남도,동남구,,36.67679386,127.0926069
44,충청남도,동남구,,36.83491184,127.2717907
44,충청남도,동남구,,36.73211357,127.2366732
44,충청남도,동남구,,36.725387,127.2858276
44,충청남도,동남구,,36.79591552,127.31299
44,충청남도,동남구,,36.78115191,127.3671829
44,충청남도,동남구,,36.80321827,127.1495513
44,충청남도,동남구,,36.81261149,127.1521601
44,충청남도,동남구,,36.81504766,127.1826042
44,충청남도,동남구,,36.80248659,127.1587525
44,충청남도,동남구,,36.80942919,127.1340792
44,충청남도,동남구,,36.79299575,127.1411536
44,충청남도,동남구,,36.77835436,127.1280216
44,충청남도,동남구,,36.78061398,127.1618409
44,충청남도,동남구,,36.83355658,127.1802946
44,충청남도,서북구,,36.93165624,127.1288265
44,충청남도,서북구,,36.87386979,127.1951605
44,충청남도,서북구,,36.88482072,127.1378416
44,충청남도,서북구,,36.91040935,127.2259141
44,충청남도,서북구,,36.8134308,127.1419083
44,충청남도,서북구,,36.82403849,127.1400682
44,충청남도,서북구,,36.80121516,127.1302347
44,충청남도,서북구,,36.79429635,127.1184424
44,충청남도,서북구,,36.80840562,127.1222085
44,충청남도,서북구,,36.82726421,127.1160788
44,충청남도,서북구,,36.84927211,127.1491261
44,충청남도,공주,,36.5966017,126.9684521
44,충청남도,공주,,36.37435681,127.0701152
44,충청남도,공주,,36.326393,127.0293653
44,충청남도,공주,,36.36793997,127.1577815
44,충청남도,공주,,36.38369275,127.2387419
44,충청남도,공주,,36.54399726,127.1594212
44,충청남도,공주,,36.59931883,127.0981075
44,충청남도,공주,,36.47477492,127.0584929
44,충청남도,공주,,36.53861489,127.0336961
44,충청남도,공주,,36.5061568,126.9462056
44,충청남도,공주,,36.45017909,127.1218144
44,충청남도,공주,,36.45911718,127.1122133
44,충청남도,공주,,36.42397695,127.1004666
44,충청남도,공주,,36.43640091,127.1610205
44,충청남도,공주,,36.47363533,127.1621778
44,충청남도,보령,,36.24181896,126.5882361
44,충청남도,보령,,36.41060719,126.5802233
44,충청남도,보령,,36.37743412,126.4286311
44,충청남도,보령,,36.4844569,126.5293525
44,충청남도,보령,,36.45158262,126.6050769
44,충청남도,보령,,36.40354161,126.6591975
44,충청남도,보령,,36.29622155,126.5785417
44,충청남도,보령,,36.20219005,126.6170946
44,충청남도,보령,,36.24296284,126.682532
44,충청남도,보령,,36.3293286,126.6608096
44,충청남도,보령,,36.38096447,126.5566472
44,충청남도,보령,,36.3640708,126.6059594
44,충청남도,보령,,36.35609706,126.575771
44,충청남도,보령,,36.35602476,126.6219227
44,충청남도,보령,,36.33426764,126.6145508
44,충청남도,보령,,36.32699106,126.547341
44,충청남도,아산,,36.82236906,126.9799649
44,충청남도,아산,,36.75385867,127.0687027
44,충청남도,아산,,36.70341245,126.9942002
44,충청남도,아산,,36.80861311,127.068617
44,충청남도,아산,,36.85801104,127.048049
44,충청남도,아산,,36.91083091,127.0387285
44,충청남도,아산,,36.88565598,126.9633473
44,충청남도,아산,,36.85991347,126.8879456
44,충청남도,아산,,36.79258839,126.8685192
44,충청남도,아산,,36.74100165,126.9036861
44,충청남도,아산,,36.78996837,126.9338658
44,충청남도,아산,,36.78835198,127.000652
44,충청남도,아산,,36.77940833,127.001711
44,충청남도,아산,,36.78768759,127.0217342
44,충청남도,아산,,36.78246415,126.9780599
44,충청남도,아산,,36.75410799,126.9836596
44,충청남도,아산,,36.75864444,127.0174351
44,충청남도,서산,,36.96613015,126.4216257
44,충청남도,서산,,36.74834437,126.4174381
44,충청남도,서산,,36.67931012,126.3985697
44,충청남도,서산,,36.81888813,126.3665571
44,충청남도,서산,,36.8757752,126.4297527
44,충청남도,서산,,36.83387662,126.4603968
44,충청남도,서산,,36.7961374,126.5163016
44,충청남도,서산,,36.77836801,126.5930968
44,충청남도,서산,,36.71502739,126.5427871
44,충청남도,서산,,36.66997536,126.5170678
44,충청남도,서산,,36.79292717,126.4347347
44,충청남도,서산,,36.79123718,126.4707385
44,충청남도,서산,,36.77955091,126.4578458
44,충청남도,서산,,36.76887832,126.4834988
44,충청남도,서산,,36.74444091,126.4619774
44,충청남도,논산,,36.15207326,127.0186588
44,충청남도,논산,,36.10982431,127.1033067
44,충청남도,논산,,36.19986725,127.0280613
44,충청남도,논산,,36.24219786,127.0834428
44,충청남도,논산,,36.28818177,127.106469
44,충청남도,논산,,36.29190548,127.1642471
44,충청남도,논산,,36.2067987,127.1437733
44,충청남도,논산,,36.22966344,127.199031
44,충청남도,논산,,36.18866976,127.2869061
44,충청남도,논산,,36.13866943,127.2341308
44,충청남도,논산,,36.14091116,127.1685586
44,충청남도,논산,,36.16377073,127.1118083
44,충청남도,논산,,36.16093258,127.0545589
44,충청남도,논산,,36.19644515,127.1038548
44,충청남도,논산,,36.1915035,127.0771011
44,충청남도,계룡,,36.251911,127.2651171
44,충청남도,계룡,,36.27678786,127.2211627
44,충청남도,계룡,,36.32077513,127.2292947
44,충청남도,계룡,,36.26229335,127.2506735
44,충청남도,당진,,36.79280477,126.7744145
44,충청남도,당진,,36.92661346,126.7393972
44,충청남도,당진,,36.94275436,126.5776503
44,충청남도,당진,,37.01013849,126.5377823
44,충청남도,당진,,36.91441039,126.5151314
44,충청남도,당진,,36.8589333,126.5654197
44,충청남도,당진,,36.81488853,126.6602414
44,충청남도,당진,,36.84494291,126.7082242
44,충청남도,당진,,36.83059462,126.8093354
44,충청남도,당진,,36.8846802,126.787845
44,충청남도,당진,,36.95768081,126.6746643
44,충청남도,금산,,36.09545568,127.4716421
44,충청남도,금산,,36.13608125,127.4660508
44,충청남도,금산,,36.12899923,127.5654794
44,충청남도,금산,,36.05930751,127.5787219
44,충청남도,금산,,36.18176205,127.5424017
44,충청남도,금산,,36.02846187,127.5083281
44,충청남도,금산,,36.04949527,127.4307047
44,충청남도,금산,,36.14079602,127.3751358
44,충청남도,금산,,36.20110334,127.3971743
44,충청남도,금산,,36.20465153,127.491637
44,충청남도,부여,,36.28624595,126.9471815
44,충청남도,부여,,36.28563089,126.8754325
44,충청남도,부여,,36.32807304,126.8174843
44,충청남도,부여,,36.32244379,126.7212292
44,충청남도,부여,,36.27983891,126.7623374
44,충청남도,부여,,36.25276856,126.8169198
44,충청남도,부여,,36.22975906,126.7614139
44,충청남도,부여,,36.19915249,126.7298202
44,충청남도,부여,,36.21287481,126.8071218
44,충청남도,부여,,36.17324255,126.8261454
44,충청남도,부여,,36.11744393,126.8555384
44,충청남도,부여,,36.17417517,126.8897339
31,울산광역시,중구,,35.57916462,129.308989
31,울산광역시,중구,,35.5537881,129.3228503
31,울산광역시,중구,,35.56291108,129.3102144
31,울산광역시,중구,,35.56318569,129.2948107
31,울산광역시,중구,,35.56799914,129.2746009
31,울산광역시,중구,,35.56703618,129.3465348
31,울산광역시,중구,,35.58648378,129.3395855
31,울산광역시,중구,,35.57918214,129.3306664
31,울산광역시,남구,,35.54355534,129.3046758
31,울산광역시,남구,,35.52896355,129.303833
31,울산광역시,남구,,35.54526696,129.3139751
31,울산광역시,남구,,35.52906658,129.3149372
31,울산광역시,남구,,35.54570708,129.3211414
31,울산광역시,남구,,35.53571763,129.3220583
31,울산광역시,남구,,35.54198686,129.3414508
31,울산광역시,남구,,35.54858543,129.2754273
31,울산광역시,남구,,35.54226568,129.2540206
31,울산광역시,남구,,35.52416694,129.2877147
31,울산광역시,남구,,35.52679302,129.3279845
31,울산광역시,남구,,35.52246164,129.3188311
31,울산광역시,남구,,35.5203892,129.3635102
31,울산광역시,동구,,35.49441052,129.4206127
31,울산광역시,동구,,35.50830638,129.4055551
31,울산광역시,동구,,35.50937879,129.4252102
31,울산광역시,동구,,35.53868984,129.4151024
31,울산광역시,동구,,35.52882038,129.4227481
31,울산광역시,북구,,35.62981768,129.3682886
31,울산광역시,북구,,35.65881748,129.3526313
31,울산광역시,북구,,35.62437059,129.3210001
31,울산광역시,북구,,35.56881439,129.3731894
31,울산광역시,북구,,35.5972324,129.3695985
31,울산광역시,북구,,35.55217661,129.3891948
31,울산광역시,북구,,35.53548809,129.3982539
31,울산광역시,울주,,35.58530088,129.1593094
31,울산광역시,울주,,35.41733863,129.2560354
31,울산광역시,울주,,35.59649635,129.2459769
31,울산광역시,울주,,35.49291663,129.269204
31,울산광역시,울주,,35.46728401,129.1978395
31,울산광역시,울주,,35.66275402,129.2121191
31,울산광역시,울주,,35.67288583,129.1444076
31,울산광역시,울주,,35.50574818,129.1539807
41,경기도,장안,,37.3204218,126.9889683
41,경기도,장안,,37.29881025,126.9721434
41,경기도,장안,,37.30473736,126.9892464
41,경기도,장안,,37.29222805,126.998246
41,경기도,장안,,37.29848214,126.984497
41,경기도,장안,,37.29121121,127.0136175
41,경기도,장안,,37.30635463,127.0048325
41,경기도,장안,,37.30050742,127.0166691
41,경기도,장안,,37.30862446,127.01329
41,경기도,장안,,37.32471883,127.022772
41,경기도,권선,,37.2598718,127.005287
41,경기도,권선,,37.24491498,127.0077719
41,경기도,권선,,37.25990276,127.0151758
41,경기도,권선,,37.24508843,126.9798985
41,경기도,권선,,37.26761782,126.9816548
41,경기도,권선,,37.2806907,126.9704473
41,경기도,권선,,37.26274186,126.9529045
41,경기도,권선,,37.25833548,127.0269872
41,경기도,권선,,37.24664458,127.0246713
41,경기도,권선,,37.23656255,127.0239754
41,경기도,권선,,37.29043796,126.948437
41,경기도,팔달,,37.26906826,127.0150443
41,경기도,팔달,,37.26894464,127.0056666
41,경기도,팔달,,37.27425441,127.0030913
41,경기도,팔달,,37.28034785,127.0011466
41,경기도,팔달,,37.28435084,126.9909346
41,경기도,팔달,,37.28053518,127.0249942
41,경기도,팔달,,37.28778455,127.0335685
41,경기도,팔달,,37.28122727,127.0391475
41,경기도,팔달,,37.2686887,127.029823
41,경기도,팔달,,37.28180176,127.0162621
41,경기도,영통,,37.2709493,127.0402479
41,경기도,영통,,37.2705657,127.0513062
41,경기도,영통,,37.25702506,127.049857
41,경기도,영통,,37.26604392,127.0500542
41,경기도,영통,,37.30171107,127.0477707
41,경기도,수정,,37.44085447,127.140525
41,경기도,수정,,37.44977641,127.1479802
41,경기도,수정,,37.4429217,127.1466012
41,경기도,수정,,37.44555446,127.1229753
41,경기도,수정,,37.44753719,127.136397
41,경기도,수정,,37.44537755,127.1321457
41,경기도,수정,,37.44832878,127.1408371
41,경기도,수정,,37.43832765,127.1358688
41,경기도,수정,,37.43648381,127.1256252
41,경기도,수정,,37.45469691,127.157145
41,경기도,수정,,37.45671769,127.1528167
41,경기도,수정,,37.46427636,127.1662256
41,경기도,수정,,37.4586818,127.1312802
41,경기도,수정,,37.45058158,127.1040431
41,경기도,수정,,37.42926957,127.0811558
41,경기도,수정,,37.41176719,127.0846331
41,경기도,중원,,37.43128824,127.1326984
41,경기도,중원,,37.43993747,127.1521629
41,경기도,중원,,37.44433161,127.1661755
41,경기도,중원,,37.4493947,127.168423
41,경기도,중원,,37.45243121,127.1669192
41,경기도,중원,,37.46112349,127.1745404
41,경기도,중원,,37.44006724,127.1800521
41,경기도,중원,,37.43611687,127.1575711
41,경기도,중원,,37.43892321,127.1631733
41,경기도,중원,,37.42992682,127.1484026
41,경기도,중원,,37.41970359,127.1590048
41,경기도,분당,,37.36848284,127.144005
41,경기도,분당,,37.37896718,127.1159752
41,경기도,분당,,37.37510867,127.1231104
41,경기도,분당,,37.36487388,127.1296409
41,경기도,분당,,37.37104948,127.1064471
41,경기도,분당,,37.36662243,127.1185655
41,경기도,분당,,37.35783644,127.1225691
41,경기도,분당,,37.38520738,127.1494695
41,경기도,분당,,37.37515248,127.13739
41,경기도,분당,,37.39478691,127.1326178
41,경기도,분당,,37.39853868,127.1219841
41,경기도,분당,,37.41306824,127.1259955
41,경기도,분당,,37.40764484,127.1274918
41,경기도,분당,,37.40413393,127.1503795
41,경기도,분당,,37.38998207,127.098658
41,경기도,분당,,37.40022689,127.1027477
41,경기도,분당,,37.38252147,127.0990703
41,경기도,분당,,37.36276311,127.0962814
41,경기도,분당,,37.35248077,127.0933487
41,경기도,분당,,37.34267726,127.1215318
41,경기도,분당,,37.38191122,127.0590976
41,경기도,의정부,,37.74580127,127.0485419
41,경기도,의정부,,37.73576386,127.0369762
41,경기도,의정부,,37.70658024,127.036787
41,경기도,의정부,,37.72126652,127.0312759
41,경기도,의정부,,37.70681517,127.0631907
41,경기도,의정부,,37.73127031,127.0644168
41,경기도,의정부,,37.74534566,127.0680236
41,경기도,의정부,,37.72603995,127.0976127
41,경기도,의정부,,37.75195977,127.1129243
41,경기도,의정부,,37.76314306,127.0865324
41,경기도,의정부,,37.73692552,127.0191526
41,경기도,의정부,,37.76149435,127.0294049
41,경기도,만안,,37.39924643,126.9251184
41,경기도,만안,,37.40931577,126.920145
41,경기도,만안,,37.397965,126.9127611
41,경기도,만안,,37.39680034,126.9186658
41,경기도,만안,,37.39230313,126.9221707
41,경기도,만안,,37.38600725,126.9251243
41,경기도,만안,,37.38945339,126.9366101
41,경기도,만안,,37.38017438,126.9300132
41,경기도,만안,,37.37718829,126.9044001
41,경기도,만안,,37.42944747,126.9265781
41,경기도,만안,,37.41954125,126.9018995
46,전라남도,목포,,34.80671679,126.392975
46,전라남도,목포,,34.80045301,126.4003054
46,전라남도,목포,,34.797558,126.393109
46,전라남도,목포,,34.80690142,126.3833971
46,전라남도,목포,,34.81937833,126.3829747
46,전라남도,목포,,34.80912057,126.3780768
46,전라남도,목포,,34.79967282,126.3829469
46,전라남도,목포,,34.79294734,126.3813539
46,전라남도,목포,,34.78989549,126.3945282
46,전라남도,목포,,34.79172428,126.4022846
46,전라남도,목포,,34.78421131,126.3897296
46,전라남도,목포,,34.78038356,126.3393436
46,전라남도,목포,,34.79956936,126.3715843
46,전라남도,목포,,34.80562021,126.3694161
46,전라남도,목포,,34.81673584,126.4004821
46,전라남도,목포,,34.79545581,126.4115539
46,전라남도,목포,,34.8189398,126.414893
46,전라남도,목포,,34.80933463,126.4203828
46,전라남도,목포,,34.7996017,126.4251505
46,전라남도,목포,,34.83280825,126.4153318
46,전라남도,목포,,34.81461963,126.4366364
46,전라남도,목포,,34.79927606,126.4460087
46,전라남도,목포,,34.8074513,126.4478049
46,전라남도,여수,,34.64614293,127.7621561
46,전라남도,여수,,34.78867129,127.6043127
46,전라남도,여수,,34.85102,127.5734056
46,전라남도,여수,,34.69101439,127.5962922
46,전라남도,여수,,34.50922445,127.7632709
46,전라남도,여수,,34.59925805,127.6161282
46,전라남도,여수,,34.16192366,127.3162191
46,전라남도,여수,,34.7419957,127.743677
46,전라남도,여수,,34.74455837,127.7511079
46,전라남도,여수,,34.73933575,127.7369895
46,전라남도,여수,,34.75072671,127.7298176
46,전라남도,여수,,34.75640767,127.7208209
46,전라남도,여수,,34.74173113,127.721734
46,전라남도,여수,,34.7355812,127.7235377
46,전라남도,여수,,34.73181739,127.714656
46,전라남도,여수,,34.72024254,127.7109577
46,전라남도,여수,,34.74716843,127.7065582
46,전라남도,여수,,34.75558517,127.6990583
46,전라남도,여수,,34.77382534,127.7097564
46,전라남도,여수,,34.77740784,127.6987201
46,전라남도,여수,,34.77941606,127.738767
46,전라남도,여수,,34.74947091,127.6519909
46,전라남도,여수,,34.7525265,127.6792509
46,전라남도,여수,,34.77466719,127.6562044
46,전라남도,여수,,34.7912126,127.6654305
46,전라남도,여수,,34.8287606,127.7047087
46,전라남도,여수,,34.88328643,127.7208336
46,전라남도,순천,,35.01755144,127.3622099
46,전라남도,순천,,34.90603282,127.5499033
46,전라남도,순천,,35.02778377,127.4934975
46,전라남도,순천,,35.1162267,127.4591446
46,전라남도,순천,,35.08575688,127.3900208
46,전라남도,순천,,35.06919963,127.2462393
46,전라남도,순천,,34.98897612,127.2474348
46,전라남도,순천,,34.91633497,127.2724533
46,전라남도,순천,,34.92108759,127.3460274
46,전라남도,순천,,34.86970535,127.42949
46,전라남도,순천,,34.93715962,127.4191581
46,전라남도,순천,,34.97328783,127.4403991
46,전라남도,순천,,34.96293821,127.4797278
46,전라남도,순천,,34.98315953,127.4698665
46,전라남도,순천,,34.95574148,127.4969667
46,전라남도,순천,,34.94322427,127.5166059
46,전라남도,순천,,34.93487131,127.50454
46,전라남도,순천,,34.94127138,127.4810935
46,전라남도,순천,,34.94846645,127.4765365
46,전라남도,순천,,34.94976835,127.4891045
46,전라남도,순천,,34.95638177,127.4873469
46,전라남도,순천,,34.90492134,127.4957406
46,전라남도,순천,,34.96876862,127.529957
46,전라남도,순천,,34.95575868,127.5323264
46,전라남도,나주,,35.02843094,126.8630959
46,전라남도,나주,,34.92712926,126.7328596
46,전라남도,나주,,34.95999953,126.6706591
46,전라남도,나주,,34.91363468,126.6550643
46,전라남도,나주,,34.9497923,126.6009238
46,전라남도,나주,,34.92624637,126.5527023
46,전라남도,나주,,35.01483619,126.6405392
46,전라남도,나주,,35.06746612,126.6308615
46,전라남도,나주,,35.08322984,126.7167266
46,전라남도,나주,,35.0234488,126.7615259
46,전라남도,나주,,35.03078177,126.8088405
46,전라남도,나주,,34.93449314,126.8361905
46,전라남도,나주,,34.94442816,126.7826108
46,전라남도,나주,,35.01644434,126.7216825
46,전라남도,나주,,35.00987781,126.6948382
46,전라남도,나주,,35.03399519,126.7054638
46,전라남도,나주,,35.05074635,126.723449
46,전라남도,나주,,34.99144892,126.7368853
46,전라남도,나주,,34.98555155,126.687243
46,전라남도,광양,,34.95982378,127.6039618
46,전라남도,광양,,35.04886107,127.5655402
46,전라남도,광양,,35.05399994,127.6143731
46,전라남도,광양,,34.99780779,127.6786418
46,전라남도,광양,,35.05398104,127.6844851
46,전라남도,광양,,35.00627036,127.7545592
46,전라남도,광양,,35.11899112,127.6642951
46,전라남도,광양,,34.93000579,127.6579098
46,전라남도,광양,,34.94528648,127.6998545
46,전라남도,광양,,34.96122749,127.7171561
46,전라남도,광양,,34.91856662,127.7463462
46,전라남도,광양,,34.94559013,127.7554562
46,전라남도,담양,,35.32087184,126.9829867
46,전라남도,담양,,35.26910005,126.955626
46,전라남도,담양,,35.21978768,126.9741855
46,전라남도,담양,,35.23114247,127.0151669
46,전라남도,담양,,35.23129902,127.0585763
46,전라남도,담양,,35.28649177,127.0479835
46,전라남도,담양,,35.34467616,127.0374987
46,전라남도,담양,,35.40650792,127.0052672
46,전라남도,담양,,35.35860956,126.9312902
46,전라남도,담양,,35.30356214,126.9235339
46,전라남도,담양,,35.28457095,126.8879451
46,전라남도,곡성,,35.28105086,127.2696062
46,전라남도,곡성,,35.23386361,127.3214624
46,전라남도,곡성,,35.2131467,127.2267561
46,전라남도,곡성,,35.15478088,127.2389837
46,전라남도,곡성,,35.10739414,127.3021457
46,전라남도,곡성,,35.16179133,127.3395034
46,전라남도,곡성,,35.27756324,127.3629512
46,전라남도,곡성,,35.29545579,127.1414859
46,전라남도,곡성,,35.29593038,127.2095653
46,전라남도,곡성,,35.25315848,127.1773101
46,전라남도,곡성,,35.23165076,127.1250727
46,전라남도,구례,,35.20299858,127.42639
46,전라남도,구례,,35.16618403,127.4989336
46,전라남도,구례,,35.15279822,127.5674344
46,전라남도,구례,,35.24008131,127.5620842
46,전라남도,구례,,35.24277319,127.4991294
46,전라남도,구례,,35.26967715,127.4677564
46,전라남도,구례,,35.24772208,127.4238372
46,전라남도,구례,,35.31982005,127.4679536
46,전라남도,고흥,,34.606756,127.2625426
46,전라남도,고흥,,34.53138008,127.1509762
46,전라남도,고흥,,34.55738112,127.240737
46,전라남도,고흥,,34.57727474,127.1834972
46,전라남도,고흥,,34.45968117,127.1685861
46,전라남도,고흥,,34.49846548,127.3214266
46,전라남도,고흥,,34.56547735,127.3574682
46,전라남도,고흥,,34.44674233,127.4935155
46,전라남도,고흥,,34.64432968,127.4003754
46,전라남도,고흥,,34.68808288,127.3867948
46,전라남도,고흥,,34.74154972,127.3591457
46,전라남도,고흥,,34.79531711,127.3355418
46,전라남도,고흥,,34.76244741,127.2817505
46,전라남도,고흥,,34.65947287,127.2761981
46,전라남도,고흥,,34.60455485,127.4559525
46,전라남도,고흥,,34.50953691,127.4663742
46,전라남도,보성,,34.75093042,127.0699766
46,전라남도,보성,,34.84610594,127.3214996
46,전라남도,보성,,34.81089682,127.0538947
46,전라남도,보성,,34.80869464,127.1064617
46,전라남도,보성,,34.82565626,127.1584803
46,전라남도,보성,,34.86584546,127.2022097
46,전라남도,보성,,34.89932082,127.1225751
46,전라남도,보성,,34.93869366,127.1847811
46,전라남도,보성,,34.80368735,127.2390288
46,전라남도,보성,,34.75128515,127.1681978
46,전라남도,보성,,34.69204324,127.0943277
46,전라남도,보성,,34.70724666,127.0216562
46,전라남도,화순,,35.06146321,126.9628054
46,전라남도,화순,,34.97055739,127.0328042
46,전라남도,화순,,34.94128877,126.9499181
46,전라남도,화순,,34.87605777,126.9538175
46,전라남도,화순,,34.8908737,127.0300765
46,전라남도,화순,,35.00525667,126.9565199
46,전라남도,화순,,35.0066414,126.9100754
46,전라남도,화순,,34.91226264,126.8895112
46,전라남도,화순,,35.10652583,127.0686314
46,전라남도,화순,,35.07807625,127.1475558
46,전라남도,화순,,35.04114143,127.0433689
46,전라남도,장흥,,34.67977238,126.9056234
46,전라남도,장흥,,34.55244341,126.9397422
46,전라남도,장흥,,34.61355263,126.9262705
46,전라남도,장흥,,34.65514474,126.990666
46,전라남도,장흥,,34.74637021,126.9789822
46,전라남도,장흥,,34.8080163,126.9631894
46,전라남도,장흥,,34.79577655,126.8606312
46,전라남도,장흥,,34.73273112,126.9097705
46,전라남도,장흥,,34.47727036,126.9374359
46,전라남도,강진,,34.63047876,126.7405556
46,전라남도,강진,,34.64466788,126.823394
46,전라남도,강진,,34.57451025,126.8302481
46,전라남도,강진,,34.51426885,126.81889
46,전라남도,강진,,34.56511119,126.7228367
46,전라남도,강진,,34.49683392,126.7174628
46,전라남도,강진,,34.70895349,126.7121715
46,전라남도,강진,,34.70915318,126.7706398
46,전라남도,강진,,34.71061559,126.8255913
46,전라남도,강진,,34.75788314,126.7870838
46,전라남도,강진,,34.47266293,126.8304208
46,전라남도,해남,,34.55780496,126.5655033
46,전라남도,해남,,34.51102899,126.6048956
46,전라남도,해남,,34.4831013,126.4946095
46,전라남도,해남,,34.45386925,126.5696084
46,전라남도,해남,,34.36796241,126.5348111
46,전라남도,해남,,34.38892761,126.610484
46,전라남도,해남,,34.46093218,126.6794439
46,전라남도,해남,,34.56237578,126.6554824
46,전라남도,해남,,34.65494524,126.6359536
46,전라남도,해남,,34.62144379,126.5562425
46,전라남도,해남,,34.57149788,126.4463604
46,전라남도,해남,,34.65585757,126.4324776
46,전라남도,해남,,34.60681767,126.3283097
46,전라남도,해남,,34.68881683,126.3057133
46,전라남도,영암,,34.79073782,126.7234447
46,전라남도,영암,,34.75265723,126.4587984
46,전라남도,영암,,34.8300186,126.7018455
46,전라남도,영암,,34.85305395,126.781918
46,전라남도,영암,,34.89222787,126.6899706
46,전라남도,영암,,34.86967254,126.5922367
46,전라남도,영암,,34.84486637,126.6412886
46,전라남도,영암,,34.77959378,126.6365246
46,전라남도,영암,,34.77241124,126.5754111
46,전라남도,영암,,34.73191585,126.599369
46,전라남도,영암,,34.70056239,126.5720381
46,전라남도,무안,,34.992504,126.4712101
46,전라남도,무안,,34.83383483,126.5083603
46,전라남도,무안,,34.84658791,126.4470524
46,전라남도,무안,,34.92301943,126.4999974
46,전라남도,무안,,34.93145027,126.4286106
46,전라남도,무안,,35.03860777,126.4114456
46,전라남도,무안,,35.00097045,126.3798366
46,전라남도,무안,,35.10218921,126.2911082
46,전라남도,무안,,34.95183366,126.338031
46,전라남도,함평,,35.06802843,126.4887317
46,전라남도,함평,,35.14153192,126.4316039
46,전라남도,함평,,35.1627116,126.4877916
46,전라남도,함평,,35.02069454,126.5617202
46,전라남도,함평,,35.01346784,126.5141266
46,전라남도,함평,,35.10013697,126.5394614
46,전라남도,함평,,35.12181589,126.6048316
46,전라남도,함평,,35.16992768,126.575497
46,전라남도,함평,,35.19079555,126.6263533
46,전라남도,영광,,35.29454644,126.505782
46,전라남도,영광,,35.30223185,126.4021837
46,전라남도,영광,,35.40164474,126.4444267
46,전라남도,영광,,35.29953273,126.5916887
46,전라남도,영광,,35.24364763,126.5595126
46,전라남도,영광,,35.20890935,126.5122248
46,전라남도,영광,,35.26395457,126.4697641
46,전라남도,영광,,35.22412674,126.438931
46,전라남도,영광,,35.21744686,126.3646719
46,전라남도,영광,,35.35356452,126.4708602
46,전라남도,영광,,35.29844878,126.0887258
46,전라남도,장성,,35.32643129,126.8158681
46,전라남도,장성,,35.2681312,126.8409277
41,경기도,양평,,37.60925562,127.4064055
41,경기도,양평,,37.58275363,127.6357901
41,경기도,양평,,37.54821753,127.7524418
41,경기도,양평,,37.44291014,127.7421225
41,경기도,양평,,37.44879883,127.6511146
41,경기도,양평,,37.51978141,127.5880734
41,경기도,양평,,37.4400606,127.5492277
44,충청남도,부여,,36.22627878,126.9018089
44,충청남도,부여,,36.17990871,126.9583566
44,충청남도,부여,,36.23632297,126.9946399
44,충청남도,부여,,36.27041738,127.023892
44,충청남도,서천,,36.02094596,126.6911017
44,충청남도,서천,,36.08520011,126.70154
44,충청남도,서천,,36.04973076,126.6909822
44,충청남도,서천,,36.05114458,126.7890309
44,충청남도,서천,,36.07852183,126.759761
44,충청남도,서천,,36.08735731,126.8258978
44,충청남도,서천,,36.13660313,126.7904739
44,충청남도,서천,,36.11750565,126.7536584
44,충청남도,서천,,36.15108704,126.7383166
44,충청남도,서천,,36.15445746,126.6803607
44,충청남도,서천,,36.11048314,126.6606694
44,충청남도,서천,,36.14083444,126.6110647
44,충청남도,서천,,36.16201445,126.547575
44,충청남도,청양,,36.44882378,126.7901481
44,충청남도,청양,,36.52745763,126.8541103
44,충청남도,청양,,36.44597317,126.8591744
44,충청남도,청양,,36.42382425,126.9371476
44,충청남도,청양,,36.41302768,126.9940939
44,충청남도,청양,,36.3488594,126.9481374
44,충청남도,청양,,36.36556995,126.8840461
44,충청남도,청양,,36.39153642,126.7702065
44,충청남도,청양,,36.44302316,126.7154607
44,충청남도,청양,,36.49868721,126.7818351
44,충청남도,홍성,,36.59292032,126.6626757
44,충청남도,홍성,,36.5084249,126.638483
44,충청남도,홍성,,36.64130948,126.6853736
44,충청남도,홍성,,36.6080948,126.730213
44,충청남도,홍성,,36.55660841,126.7045087
44,충청남도,홍성,,36.50260012,126.7087868
44,충청남도,홍성,,36.53036759,126.5878696
44,충청남도,홍성,,36.54855984,126.5478357
44,충청남도,홍성,,36.57455216,126.4928383
44,충청남도,홍성,,36.61950249,126.5436988
44,충청남도,홍성,,36.57407133,126.6188451
44,충청남도,예산,,36.70352331,126.8548747
44,충청남도,예산,,36.69147826,126.7152728
44,충청남도,예산,,36.66651131,126.9177898
44,충청남도,예산,,36.60261461,126.8798706
44,충청남도,예산,,36.56379267,126.7936232
44,충청남도,예산,,36.63283853,126.8214353
44,충청남도,예산,,36.64573995,126.7755208
44,충청남도,예산,,36.67820029,126.6270634
44,충청남도,예산,,36.74425222,126.6678401
44,충청남도,예산,,36.75601506,126.7237115
44,충청남도,예산,,36.74466456,126.8059619
44,충청남도,예산,,36.69262791,126.7906711
44,충청남도,태안,,36.75450291,126.3122537
44,충청남도,태안,,36.51853806,126.3565026
44,충청남도,태안,,36.43335851,126.3964869
44,충청남도,태안,,36.65076216,126.3078598
44,충청남도,태안,,36.71400374,126.1959327
44,충청남도,태안,,36.77821195,126.1790236
44,충청남도,태안,,36.83798321,126.2337227
44,충청남도,태안,,36.88796327,126.2806916
44,충청남도,당진,,36.89278811,126.6453429
44,충청남도,당진,,36.86158195,126.6247223
44,충청남도,당진,,36.90540879,126.6542213
47,경상북도,영덕,,36.53048589,129.3342868
47,경상북도,영덕,,36.60809814,129.3855315
47,경상북도,영덕,,36.60265155,129.296043
47,경상북도,청도,,35.66600834,128.7162086
47,경상북도,청도,,35.62805462,128.7565498
47,경상북도,청도,,35.6171519,128.6558986
47,경상북도,청도,,35.63791966,128.5773624
47,경상북도,청도,,35.69920344,128.582044
47,경상북도,청도,,35.68888004,128.6620528
47,경상북도,청도,,35.70247353,128.8970584
47,경상북도,청도,,35.66406879,128.8304602
47,경상북도,고령,,35.72969039,128.2564537
47,경상북도,고령,,35.78316919,128.2038485
47,경상북도,고령,,35.78291023,128.2973983
47,경상북도,고령,,35.75546417,128.3570554
47,경상북도,고령,,35.82099194,128.4176359
47,경상북도,고령,,35.71406639,128.3657998
47,경상북도,고령,,35.65955699,128.3460207
47,경상북도,고령,,35.68045779,128.2314886
47,경상북도,성주,,35.91838396,128.2802183
47,경상북도,성주,,35.90366485,128.3519542
47,경상북도,성주,,35.84497928,128.3155652
47,경상북도,성주,,35.82787377,128.2029968
47,경상북도,성주,,35.86638558,128.128232
47,경상북도,성주,,35.9242214,128.1242119
47,경상북도,성주,,35.90215406,128.2157873
47,경상북도,성주,,35.97403209,128.1981354
47,경상북도,성주,,36.00734381,128.2482808
47,경상북도,성주,,35.97514584,128.3065843
47,경상북도,칠곡,,35.97719011,128.4246989
47,경상북도,칠곡,,36.06004013,128.3305625
47,경상북도,칠곡,,36.05168338,128.4340193
47,경상북도,칠곡,,35.96192739,128.4874008
47,경상북도,칠곡,,36.0094111,128.563178
47,경상북도,칠곡,,36.07038194,128.5431647
47,경상북도,칠곡,,36.02824208,128.3656564
47,경상북도,칠곡,,35.98222159,128.3576428
47,경상북도,예천,,36.65694421,128.4530834
47,경상북도,예천,,36.70636177,128.394338
47,경상북도,예천,,36.79387867,128.4219595
47,경상북도,예천,,36.74508168,128.4423802
47,경상북도,예천,,36.73291665,128.5161614
47,경상북도,예천,,36.67728309,128.5521597
47,경상북도,예천,,36.65303461,128.3659588
47,경상북도,예천,,36.60542985,128.3051189
47,경상북도,예천,,36.60988409,128.3688922
47,경상북도,예천,,36.55348081,128.3891686
47,경상북도,예천,,36.51330057,128.30375
47,경상북도,봉화,,36.88996265,128.7072809
47,경상북도,봉화,,36.97330285,128.733363
47,경상북도,봉화,,36.91803046,128.8093257
47,경상북도,봉화,,36.9102848,128.9167553
47,경상북도,봉화,,37.00396515,128.8535071
47,경상북도,봉화,,36.94563923,129.0278069
47,경상북도,봉화,,36.8216366,129.0007045
47,경상북도,봉화,,36.83935174,128.8886135
47,경상북도,봉화,,36.83491548,128.7764039
47,경상북도,봉화,,37.05082471,129.0542171
47,경상북도,울진,,37.00116465,129.3446679
47,경상북도,울진,,36.72998669,129.4373217
47,경상북도,울진,,37.07535508,129.3093622
47,경상북도,울진,,36.9470982,129.2076848
47,경상북도,울진,,36.94585871,129.3606509
47,경상북도,울진,,36.86330474,129.352697
47,경상북도,울진,,36.80485552,129.407893
47,경상북도,울진,,36.71755721,129.342275
47,경상북도,울진,,37.05309632,129.39509
47,경상북도,울진,,36.67962686,129.4268723
47,경상북도,울릉,,37.49068389,130.8332789
47,경상북도,울릉,,37.52425571,130.8679489
48,경상남도,의창,,35.30787222,128.6695685
48,경상남도,의창,,35.33106494,128.6064125
48,경상남도,의창,,35.34325983,128.7091471
48,경상남도,의창,,35.26499565,128.6126716
48,경상남도,의창,,35.23521428,128.6316602
48,경상남도,의창,,35.25493833,128.6447685
48,경상남도,의창,,35.24757184,128.6877576
48,경상남도,성산,,35.2397706,128.6672836
48,경상남도,성산,,35.21973979,128.670832
48,경상남도,성산,,35.21831071,128.6870585
48,경상남도,성산,,35.22113805,128.7091638
48,경상남도,성산,,35.20832949,128.694639
48,경상남도,성산,,35.18528396,128.7163989
48,경상남도,성산,,35.19124821,128.6340849
48,경상남도,마산합포,,35.09621999,128.577471
48,경상남도,마산합포,,35.13370224,128.5084315
48,경상남도,마산합포,,35.14945407,128.4600941
48,경상남도,마산합포,,35.13109798,128.4029052
48,경상남도,마산합포,,35.15412977,128.5533591
48,경상남도,마산합포,,35.16196869,128.5746511
48,경상남도,마산합포,,35.17711752,128.558593
48,경상남도,마산합포,,35.18757867,128.5522172
48,경상남도,마산합포,,35.19298977,128.5634318
48,경상남도,마산합포,,35.19865494,128.5503548
48,경상남도,마산합포,,35.20458188,128.5607421
48,경상남도,마산합포,,35.20387694,128.5744564
48,경상남도,마산합포,,35.21050584,128.5519336
48,경상남도,마산합포,,35.21129395,128.5810322
48,경상남도,마산합포,,35.21699844,128.5840352
48,경상남도,마산회원,,35.23064985,128.5134097
48,경상남도,마산회원,,35.22031057,128.5738459
48,경상남도,마산회원,,35.21949499,128.5476969
48,경상남도,마산회원,,35.23281277,128.5715818
48,경상남도,마산회원,,35.23857877,128.550408
48,경상남도,마산회원,,35.23200868,128.5899296
48,경상남도,마산회원,,35.2256412,128.5838755
48,경상남도,마산회원,,35.24860507,128.5757056
48,경상남도,마산회원,,35.23900764,128.5965888
48,경상남도,마산회원,,35.25999861,128.5850713
48,경상남도,마산회원,,35.24900671,128.5977882
48,경상남도,마산회원,,35.22155428,128.604869
48,경상남도,진해,,35.15045992,128.6670887
48,경상남도,진해,,35.16758661,128.6625731
48,경상남도,진해,,35.1578829,128.6741713
48,경상남도,진해,,35.16070447,128.6820531
48,경상남도,진해,,35.16047535,128.6916577
48,경상남도,진해,,35.16071012,128.7027175
48,경상남도,진해,,35.15037582,128.6973047
48,경상남도,진해,,35.15242593,128.7226863
48,경상남도,진해,,35.14304947,128.7046155
48,경상남도,진해,,35.12417967,128.7084355
48,경상남도,진해,,35.10597897,128.7444124
48,경상남도,진해,,35.13673191,128.7780462
48,경상남도,진해,,35.10043343,128.8122866
48,경상남도,진주,,35.15703612,128.1817666
48,경상남도,진주,,35.1432662,128.040256
48,경상남도,진주,,35.1273088,128.1139649
48,경상남도,진주,,35.10432122,128.188202
48,경상남도,진주,,35.1750016,128.2299394
48,경상남도,진주,,35.15616912,128.2850519
48,경상남도,진주,,35.1649489,128.3347362
48,경상남도,진주,,35.19943934,128.2782444
48,경상남도,진주,,35.23571381,128.2636281
48,경상남도,진주,,35.2630368,128.1761648
48,경상남도,진주,,35.20940731,128.1580593
48,경상남도,진주,,35.25365529,128.0869484
48,경상남도,진주,,35.30737098,128.1119043
48,경상남도,진주,,35.25492123,128.0210333
48,경상남도,진주,,35.20003528,127.9802702
48,경상남도,진주,,35.20358492,127.9298595
48,경상남도,진주,,35.17538606,128.0854969
48,경상남도,진주,,35.1919836,128.0767899
48,경상남도,진주,,35.19572548,128.0903096
48,경상남도,진주,,35.20320375,128.0726148
48,경상남도,진주,,35.18341679,128.1122703
48,경상남도,진주,,35.19193814,128.1158541
48,경상남도,진주,,35.17334906,128.1142233
48,경상남도,진주,,35.21148411,128.1000888
48,경상남도,진주,,35.17571209,128.0616581
48,경상남도,진주,,35.18442995,128.0702566
48,경상남도,진주,,35.19837053,128.053951
48,경상남도,진주,,35.17890085,128.030992
48,경상남도,진주,,35.15671707,128.1122754
48,경상남도,통영,,34.79399195,128.3924505
48,경상남도,통영,,34.88712217,128.452202
48,경상남도,통영,,34.90624923,128.3554462
48,경상남도,통영,,34.92214925,128.4081039
48,경상남도,통영,,34.64709592,128.2587705
48,경상남도,통영,,34.75198065,128.5004911
48,경상남도,통영,,34.83033545,128.2111268
48,경상남도,통영,,34.84447012,128.3928426
48,경상남도,통영,,34.85323811,128.4062411
48,경상남도,통영,,34.84602652,128.4232025
48,경상남도,통영,,34.84648395,128.4360103
48,경상남도,통영,,34.85454592,128.4242093
48,경상남도,통영,,34.82420202,128.4019705
48,경상남도,통영,,34.82401609,128.4219287
48,경상남도,통영,,34.86054021,128.4289181
48,경상남도,사천,,35.09201067,128.1185132
48,경상남도,사천,,35.05117348,128.1361594
48,경상남도,사천,,35.02716932,128.1064186
48,경상남도,사천,,35.01953373,128.0682195
48,경상남도,사천,,35.10626448,128.0592143
48,경상남도,사천,,35.07163632,127.9843877
48,경상남도,사천,,35.12056589,127.9461395
48,경상남도,사천,,35.01191184,127.9685484
48,경상남도,사천,,34.93566284,128.0557434
48,경상남도,사천,,34.9490471,128.0765195
48,경상남도,사천,,34.92990765,128.0799046
48,경상남도,사천,,34.96337459,128.0995922
48,경상남도,사천,,34.9435108,128.1094012
48,경상남도,사천,,34.97984946,128.0736019
48,경상남도,김해,,35.29472447,128.7397298
48,경상남도,김해,,35.16987668,128.8215198
48,경상남도,김해,,35.24297718,128.8221924
48,경상남도,김해,,35.24272899,128.7581257
48,경상남도,김해,,35.31195968,128.8084896
48,경상남도,김해,,35.34332909,128.8511009
48,경상남도,김해,,35.31809051,128.9181059
48,경상남도,김해,,35.25979353,128.9682029
48,경상남도,김해,,35.24236822,128.887723
48,경상남도,김해,,35.2303387,128.8776535
48,경상남도,김해,,35.2236827,128.8889907
48,경상남도,김해,,35.23683093,128.8609787
48,경상남도,김해,,35.26554273,128.8686844
48,경상남도,김해,,35.23336802,128.9006193
48,경상남도,김해,,35.25547983,128.90714
48,경상남도,김해,,35.22747079,128.9235209
48,경상남도,밀양,,35.42609914,128.8410532
48,경상남도,밀양,,35.3784452,128.740772
48,경상남도,밀양,,35.52230733,128.7150334
48,경상남도,밀양,,35.557462,128.7854213
48,경상남도,밀양,,35.52292456,128.8204685
48,경상남도,밀양,,35.59209065,128.9244878
48,경상남도,밀양,,35.50539516,128.9101802
48,경상남도,밀양,,35.42065483,128.764149
48,경상남도,밀양,,35.4185299,128.6838701
48,경상남도,밀양,,35.48601951,128.6430645
48,경상남도,밀양,,35.55914093,128.632481
48,경상남도,밀양,,35.48602568,128.7921877
48,경상남도,밀양,,35.49869413,128.7417875
48,경상남도,밀양,,35.48340745,128.751949
48,경상남도,밀양,,35.4751465,128.7813784
48,경상남도,밀양,,35.50810224,128.7636106
48,경상남도,거제,,34.82043654,128.6953701
48,경상남도,거제,,34.79812861,128.6145298
48,경상남도,거제,,34.73769895,128.6150313
48,경상남도,거제,,34.85063442,128.5739573
48,경상남도,거제,,34.85688191,128.5128908
48,경상남도,거제,,34.90516708,128.5294941
48,경상남도,거제,,34.92703065,128.653086
48,경상남도,거제,,34.96785965,128.6349154
48,경상남도,거제,,34.98288605,128.6954858
48,경상남도,거제,,34.86326842,128.72614
48,경상남도,거제,,34.88107104,128.7340995
48,경상남도,거제,,34.86728596,128.6907638
48,경상남도,거제,,34.88786769,128.6868998
48,경상남도,거제,,34.90798128,128.6987919
48,경상남도,거제,,34.8940896,128.5986968
48,경상남도,거제,,34.88320486,128.623333
48,경상남도,거제,,34.85131532,128.6476991
48,경상남도,거제,,34.88504877,128.6562239
48,경상남도,양산,,35.31523031,129.0008418
48,경상남도,양산,,35.41791019,128.9592523
48,경상남도,양산,,35.42453186,129.0445739
48,경상남도,양산,,35.46312558,129.084251
48,경상남도,양산,,35.34380067,129.0506816
48,경상남도,양산,,35.33480707,129.0284984
48,경상남도,양산,,35.3656795,129.0679163
48,경상남도,양산,,35.38411196,129.010827
48,경상남도,양산,,35.40824105,129.1866704
48,경상남도,양산,,35.41274717,129.1451007
48,경상남도,양산,,35.38288771,129.1274533
48,경상남도,의령,,35.30375366,128.2636896
48,경상남도,의령,,35.35591095,128.2272165
48,경상남도,의령,,35.34948765,128.1850201
48,경상남도,의령,,35.36780899,128.1430029
48,경상남도,의령,,35.28426424,128.2168192
48,경상남도,의령,,35.35705844,128.278748
48,경상남도,의령,,35.37658652,128.3350239
48,경상남도,의령,,35.39241913,128.3895678
48,경상남도,의령,,35.48414789,128.3908218
48,경상남도,의령,,35.47724282,128.3321368
48,경상남도,의령,,35.47648099,128.2665575
48,경상남도,의령,,35.43319612,128.2317121
48,경상남도,의령,,35.42264893,128.2960173
48,경상남도,함안,,35.27358074,128.39546
48,경상남도,함안,,35.23018992,128.4242083
48,경상남도,함안,,35.25758113,128.3336524
48,경상남도,함안,,35.32711156,128.3507826
48,경상남도,함안,,35.3478171,128.4364549
48,경상남도,함안,,35.35151942,128.4970662
48,경상남도,함안,,35.35486605,128.5393319
48,경상남도,함안,,35.29493994,128.527751
48,경상남도,함안,,35.27647194,128.4536148
48,경상남도,함안,,35.19515705,128.444764
48,경상남도,창녕,,35.523788,128.5197846
48,경상남도,창녕,,35.42840845,128.4333498
48,경상남도,창녕,,35.57068203,128.5351662
48,경상남도,창녕,,35.62294637,128.5204207
48,경상남도,창녕,,35.59476334,128.4455185
48,경상남도,창녕,,35.56854619,128.3826365
48,경상남도,창녕,,35.51773807,128.4208531
48,경상남도,창녕,,35.54262203,128.4588149
48,경상남도,창녕,,35.47664555,128.5156189
48,경상남도,창녕,,35.4466613,128.5247418
48,경상남도,창녕,,35.4679981,128.4696432
48,경상남도,창녕,,35.42343043,128.5331664
48,경상남도,창녕,,35.40358474,128.5679352
48,경상남도,창녕,,35.41760106,128.6170043
48,경상남도,고성,,34.97714994,128.3159048
48,경상남도,고성,,34.94479783,128.271426
48,경상남도,고성,,34.93641351,128.1920247
48,경상남도,고성,,34.93779329,128.1426042
48,경상남도,고성,,34.9972443,128.2000923
48,경상남도,고성,,35.02746458,128.2767041
48,경상남도,고성,,35.04785561,128.2189587
48,경상남도,고성,,35.10377243,128.2307766
48,경상남도,고성,,35.09681047,128.2863598
48,경상남도,고성,,35.09301631,128.3378906
48,경상남도,고성,,35.07512747,128.3873445
48,경상남도,고성,,35.04511312,128.3349092
48,경상남도,고성,,35.024716,128.4445209
48,경상남도,고성,,34.98437957,128.3826966
48,경상남도,남해,,34.83180316,127.8908779
48,경상남도,남해,,34.78750182,127.9517898
48,경상남도,남해,,34.73270956,127.9792165
48,경상남도,남해,,34.79496291,128.0193409
48,경상남도,남해,,34.72938582,128.0364651
48,경상남도,남해,,34.76243227,127.8783559
48,경상남도,남해,,34.83835038,127.8427167
48,경상남도,남해,,34.88943452,127.8719127
36,세종특별자치시,세종,,36.48986437,127.3085969
36,세종특별자치시,세종,,36.47330402,127.2495465
51,강원특별자치도,양양,,38.12929386,128.5606065
51,강원특별자치도,춘천,,37.95986131,127.7534692
46,전라남도,장성,,35.24319327,126.7979091
46,전라남도,장성,,35.26457965,126.7191897
46,전라남도,장성,,35.23252561,126.643486
46,전라남도,장성,,35.28539572,126.6648592
46,전라남도,장성,,35.30809429,126.7315077
46,전라남도,장성,,35.34972636,126.7516026
46,전라남도,장성,,35.38641545,126.7774364
46,전라남도,장성,,35.43168923,126.7957401
46,전라남도,장성,,35.40648601,126.8688484
46,전라남도,완도,,34.32815487,126.7160384
46,전라남도,완도,,34.34279781,127.0578929
46,전라남도,완도,,34.20373786,126.5644711
46,전라남도,완도,,34.36470201,126.6662072
46,전라남도,완도,,34.33066566,126.8396816
46,전라남도,완도,,34.38128875,126.9052929
46,전라남도,완도,,34.16432416,126.8761738
46,전라남도,완도,,34.16417134,126.6466609
46,전라남도,완도,,34.4348668,127.0533978
46,전라남도,완도,,34.15209376,126.5470708
46,전라남도,완도,,34.31546932,126.9860605
46,전라남도,진도,,34.49043341,126.2406643
46,전라남도,진도,,34.53539138,126.2828052
46,전라남도,진도,,34.48702352,126.3436558
46,전라남도,진도,,34.43249529,126.2917691
46,전라남도,진도,,34.39454773,126.2051073
46,전라남도,진도,,34.44017074,126.1573662
46,전라남도,진도,,34.312779,126.0152953
46,전라남도,신안,,35.0602913,126.2102991
46,전라남도,신안,,34.88319398,126.3010839
46,전라남도,신안,,34.98565257,126.1566301
46,전라남도,신안,,35.09255866,126.0798184
46,전라남도,신안,,34.88771073,126.044982
46,전라남도,신안,,34.75947553,125.9477876
46,전라남도,신안,,34.67627273,125.9353851
46,전라남도,신안,,34.53488599,125.3239509
46,전라남도,신안,,34.6097905,126.0198876
46,전라남도,신안,,34.57865262,126.0744448
46,전라남도,신안,,34.63983992,126.1556184
46,전라남도,신안,,34.73231098,126.1277445
46,전라남도,신안,,34.78549114,126.1398672
46,전라남도,신안,,34.84154107,126.1088768
47,경상북도,포항남구,,35.98625544,129.5360371
47,경상북도,포항남구,,36.00434606,129.3164627
47,경상북도,포항남구,,35.91870349,129.3964954
47,경상북도,포항남구,,35.94481,129.3528047
47,경상북도,포항남구,,35.99768562,129.486486
47,경상북도,포항남구,,35.90223037,129.4769249
47,경상북도,포항남구,,36.05433957,129.5555831
47,경상북도,포항남구,,36.01184719,129.357477
47,경상북도,포항남구,,36.02007017,129.3718415
47,경상북도,포항남구,,36.03517503,129.3767047
47,경상북도,포항남구,,35.99194992,129.4172667
47,경상북도,포항남구,,36.00227302,129.3898935
47,경상북도,포항남구,,36.01966454,129.3244428
47,경상북도,포항남구,,36.0261544,129.3347207
47,경상북도,포항북구,,36.10779955,129.3440656
47,경상북도,포항북구,,36.1467986,129.2549004
47,경상북도,포항북구,,36.19236888,129.3241394
47,경상북도,포항북구,,36.24464573,129.3234554
47,경상북도,포항북구,,36.0876827,129.178048
47,경상북도,포항북구,,36.21557531,129.1421188
47,경상북도,포항북구,,36.15173081,129.1834706
47,경상북도,포항북구,,36.04677543,129.3681292
47,경상북도,포항북구,,36.03265484,129.343944
47,경상북도,포항북구,,36.02614189,129.359556
47,경상북도,포항북구,,36.04181462,129.349691
47,경상북도,포항북구,,36.06245235,129.357249
47,경상북도,포항북구,,36.06375307,129.3804072
47,경상북도,포항북구,,36.08346722,129.3830596
47,경상북도,포항북구,,36.07302697,129.4033181
47,경상북도,경주,,35.80610791,129.4787732
47,경상북도,경주,,35.98183104,129.18402
47,경상북도,경주,,35.83164683,129.1035362
47,경상북도,경주,,35.71240008,129.3132983
47,경상북도,경주,,35.74775769,129.1747955
47,경상북도,경주,,35.74913554,129.0368669
47,경상북도,경주,,35.8966494,129.0657145
47,경상북도,경주,,35.89673428,129.1705737
47,경상북도,경주,,35.99529476,129.2724103
47,경상북도,경주,,35.90428049,129.2767846
47,경상북도,경주,,35.84403119,129.2089516
47,경상북도,경주,,35.84494549,129.2197444
47,경상북도,경주,,35.85738717,129.1931716
47,경상북도,경주,,35.8090317,129.1989587
47,경상북도,경주,,35.83798854,129.1649542
47,경상북도,경주,,35.81112428,129.246886
47,경상북도,경주,,35.87203918,129.232524
47,경상북도,경주,,35.86770525,129.2153175
47,경상북도,경주,,35.85115506,129.2358906
47,경상북도,경주,,35.7819888,129.2980891
47,경상북도,경주,,35.84620304,129.3178584
47,경상북도,김천,,36.1555912,128.2496733
47,경상북도,김천,,36.0786222,128.1842817
47,경상북도,김천,,36.09505623,128.2407256
47,경상북도,김천,,36.17389087,128.1814092
47,경상북도,김천,,36.22148479,128.1721362
47,경상북도,김천,,36.20308921,128.0953664
47,경상북도,김천,,36.17030765,128.0309471
47,경상북도,김천,,36.10052006,128.0079528
47,경상북도,김천,,36.06135456,128.139945
47,경상북도,김천,,36.00982417,128.1182759
47,경상북도,김천,,36.04232487,128.0307024
47,경상북도,김천,,35.96520762,128.046447
47,경상북도,김천,,36.000465,127.9357858
47,경상북도,김천,,35.91489512,127.9499067
47,경상북도,김천,,35.87884711,128.0307423
47,경상북도,김천,,36.12386861,128.1248421
47,경상북도,김천,,36.1217175,128.1127518
47,경상북도,김천,,36.09727405,128.1085747
47,경상북도,김천,,36.14549453,128.1092527
47,경상북도,김천,,36.1154429,128.0820846
47,경상북도,김천,,36.11706293,128.1453467
47,경상북도,안동,,36.59400057,128.5851824
47,경상북도,안동,,36.63067976,128.7931502
47,경상북도,안동,,36.67820535,128.6763785
47,경상북도,안동,,36.62821632,128.6564412
47,경상북도,안동,,36.52582255,128.5155001
47,경상북도,안동,,36.46450986,128.6379488
47,경상북도,안동,,36.52842621,128.6257064
47,경상북도,안동,,36.50819984,128.7535851
47,경상북도,안동,,36.51048394,128.8461311
47,경상북도,안동,,36.41387969,128.9161867
47,경상북도,안동,,36.57947593,128.9388778
47,경상북도,안동,,36.6847884,128.9134131
47,경상북도,안동,,36.74776381,128.8467867
47,경상북도,안동,,36.7502759,128.768343
47,경상북도,안동,,36.57355872,128.7508482
47,경상북도,안동,,36.58335034,128.7389901
47,경상북도,안동,,36.56153338,128.7855936
47,경상북도,안동,,36.56433551,128.7225263
47,경상북도,안동,,36.56073751,128.7090286
47,경상북도,안동,,36.57226192,128.7122252
47,경상북도,안동,,36.59420177,128.7141057
47,경상북도,안동,,36.55774346,128.6912081
47,경상북도,안동,,36.58058023,128.6894373
47,경상북도,안동,,36.54320158,128.7178726
47,경상북도,구미,,36.24232455,128.2927432
47,경상북도,구미,,36.18466305,128.3281836
47,경상북도,구미,,36.26754498,128.1884366
47,경상북도,구미,,36.30407645,128.2605823
47,경상북도,구미,,36.30482138,128.353489
47,경상북도,구미,,36.2221143,128.3902042
47,경상북도,구미,,36.14813108,128.514158
47,경상북도,구미,,36.11796964,128.3474769
47,경상북도,구미,,36.14194069,128.3280777
47,경상북도,구미,,36.1353959,128.355593
47,경상북도,구미,,36.12443401,128.3048684
47,경상북도,구미,,36.11462619,128.3326654
47,경상북도,구미,,36.10388226,128.3342507
47,경상북도,구미,,36.11982899,128.3618235
47,경상북도,구미,,36.12534206,128.3657746
47,경상북도,구미,,36.12280643,128.3787742
47,경상북도,구미,,36.10937111,128.3579389
47,경상북도,구미,,36.09239215,128.3485806
47,경상북도,구미,,36.0752901,128.3651864
47,경상북도,구미,,36.09875172,128.4459112
47,경상북도,구미,,36.10207284,128.4102876
47,경상북도,구미,,36.13357738,128.4184813
47,경상북도,영주,,36.90197853,128.4890968
47,경상북도,영주,,36.81797229,128.6911768
47,경상북도,영주,,36.74221561,128.7000346
47,경상북도,영주,,36.74822632,128.6240073
47,경상북도,영주,,36.77900225,128.5691917
47,경상북도,영주,,36.84152121,128.5564601
47,경상북도,영주,,36.8273241,128.4969113
47,경상북도,영주,,36.93355349,128.5492715
47,경상북도,영주,,36.96827873,128.5944545
47,경상북도,영주,,36.9906503,128.6555318
47,경상북도,영주,,36.85473828,128.6365759
47,경상북도,영주,,36.82290978,128.6365202
47,경상북도,영주,,36.82923957,128.6208467
47,경상북도,영주,,36.82324564,128.6185571
47,경상북도,영주,,36.81291769,128.6486656
47,경상북도,영주,,36.80799051,128.6202638
47,경상북도,영주,,36.79606671,128.6364075
47,경상북도,영주,,36.80324214,128.6061716
47,경상북도,영주,,36.83934582,128.5987894
47,경상북도,영천,,35.92158165,128.8993614
47,경상북도,영천,,35.99476994,128.8161014
47,경상북도,영천,,36.05477858,128.7587699
47,경상북도,영천,,36.04000265,128.8546882
47,경상북도,영천,,36.13078086,128.9433216
47,경상북도,영천,,36.08106813,128.8963205
47,경상북도,영천,,36.04309597,129.0351478
47,경상북도,영천,,35.98321994,129.0612685
47,경상북도,영천,,35.9007663,129.0040642
47,경상북도,영천,,35.86411217,128.9192747
47,경상북도,영천,,35.98656937,128.954912
47,경상북도,영천,,36.00933756,128.9303147
47,경상북도,영천,,35.9736438,128.90452
47,경상북도,영천,,35.96207707,128.9526625
47,경상북도,영천,,35.92895943,128.9531976
47,경상북도,상주,,36.54993684,128.197075
47,경상북도,상주,,36.43083045,128.2869432
47,경상북도,상주,,36.36471889,128.2371005
47,경상북도,상주,,36.32851527,128.1349854
47,경상북도,상주,,36.28801543,128.0744859
47,경상북도,상주,,36.35888201,128.0820863
47,경상북도,상주,,36.41336911,128.050615
47,경상북도,상주,,36.29884052,127.9676645
47,경상북도,상주,,36.33468297,127.9284089
47,경상북도,상주,,36.39410918,127.9571082
47,경상북도,상주,,36.45321932,127.9510462
47,경상북도,상주,,36.5795468,127.8840574
47,경상북도,상주,,36.48297436,128.067856
47,경상북도,상주,,36.53684574,128.0475057
47,경상북도,상주,,36.51755508,128.1339902
47,경상북도,상주,,36.57427533,128.121029
47,경상북도,상주,,36.45187989,127.9043795
47,경상북도,상주,,36.41529194,128.1260372
47,경상북도,상주,,36.44924671,128.1571589
47,경상북도,상주,,36.43953348,128.1827792
47,경상북도,상주,,36.42541185,128.2116187
47,경상북도,상주,,36.39353311,128.1836353
47,경상북도,상주,,36.36791562,128.1591531
47,경상북도,문경,,36.76976419,128.1277561
47,경상북도,문경,,36.65982796,128.0108363
47,경상북도,문경,,36.56507712,128.2511887
47,경상북도,문경,,36.62299211,128.2583803
47,경상북도,문경,,36.66555076,128.2014279
47,경상북도,문경,,36.71422896,128.25372
47,경상북도,문경,,36.7829489,128.2960079
47,경상북도,문경,,36.68582862,128.1162548
47,경상북도,문경,,36.58301053,127.9804229
47,경상북도,문경,,36.59856591,128.1957432
47,경상북도,문경,,36.58520809,128.2067049
47,경상북도,문경,,36.61984234,128.1980554
47,경상북도,문경,,36.62460724,128.1536819
47,경상북도,문경,,36.59014694,128.1856348
47,경상북도,경산,,35.91363316,128.7884104
47,경상북도,경산,,35.87056167,128.834839
47,경상북도,경산,,35.95695794,128.7966158
47,경상북도,경산,,35.82212137,128.8243313
47,경상북도,경산,,35.79945858,128.9016458
47,경상북도,경산,,35.77156649,128.8223408
47,경상북도,경산,,35.75551169,128.7383638
47,경상북도,경산,,35.82987091,128.7355733
47,경상북도,경산,,35.82289281,128.7397048
47,경상북도,경산,,35.80374759,128.7430817
47,경상북도,경산,,35.81509161,128.723971
47,경상북도,경산,,35.83318343,128.7237914
47,경상북도,경산,,35.83650282,128.7528763
47,경상북도,경산,,35.80229242,128.7695433
47,경상북도,의성,,36.34891778,128.6994426
47,경상북도,의성,,36.42813025,128.6987137
47,경상북도,의성,,36.41150073,128.7671265
47,경상북도,의성,,36.36269509,128.8321513
47,경상북도,의성,,36.2980758,128.7954385
47,경상북도,의성,,36.24048114,128.8175933
47,경상북도,의성,,36.2210624,128.7469758
47,경상북도,의성,,36.25946859,128.6848026
47,경상북도,의성,,36.304486,128.6099776
47,경상북도,의성,,36.33837134,128.5166563
47,경상북도,의성,,36.33215108,128.4228731
47,경상북도,의성,,36.36525514,128.3539914
47,경상북도,의성,,36.39531038,128.3966927
47,경상북도,의성,,36.39378679,128.4614703
47,경상북도,의성,,36.45973628,128.3703858
47,경상북도,의성,,36.47004335,128.513147
47,경상북도,의성,,36.38615272,128.5856479
47,경상북도,의성,,36.45720214,128.4553819
47,경상북도,청송,,36.42307896,129.0985445
47,경상북도,청송,,36.25543125,129.029873
47,경상북도,청송,,36.22823143,128.9290945
47,경상북도,청송,,36.31905878,128.9845952
47,경상북도,청송,,36.45291075,129.0280391
47,경상북도,청송,,36.52450425,129.0623697
47,경상북도,영양,,36.65270055,129.1715815
47,경상북도,영양,,36.59999488,129.0593731
47,경상북도,영양,,36.71630578,129.0418247
47,경상북도,영양,,36.76075983,129.1265534
47,경상북도,영양,,36.55551596,129.1721329
47,경상북도,영덕,,36.43827938,129.3827741
47,경상북도,영덕,,36.38337233,129.3695101
47,경상북도,영덕,,36.31389834,129.335919
47,경상북도,영덕,,36.37457735,129.272512
47,경상북도,영덕,,36.45872783,129.2480738
47,경상북도,영덕,,36.49455515,129.3835061
48,경상남도,남해,,34.91895974,127.899619
48,경상남도,남해,,34.86875999,128.0165387
48,경상남도,하동,,35.08564227,127.7376261
48,경상남도,하동,,35.25406925,127.6476362
48,경상남도,하동,,35.17118177,127.710218
48,경상남도,하동,,35.10542133,127.7661021
48,경상남도,하동,,35.12073269,127.8157509
48,경상남도,하동,,35.02681564,127.8156093
48,경상남도,하동,,34.97797278,127.8551271
48,경상남도,하동,,35.03366468,127.8940488
48,경상남도,하동,,35.06894955,127.8466441
48,경상남도,하동,,35.11998075,127.8709775
48,경상남도,하동,,35.1962217,127.7577536
48,경상남도,하동,,35.19418144,127.8618235
48,경상남도,하동,,34.964145,127.7983972
48,경상남도,산청,,35.40774519,127.9005751
48,경상남도,산청,,35.47247785,127.9441716
48,경상남도,산청,,35.49109504,127.8924806
48,경상남도,산청,,35.50910186,127.8481821
48,경상남도,산청,,35.41914672,127.8132346
48,경상남도,산청,,35.33967525,127.8085954
48,경상남도,산청,,35.27658107,127.7769453
48,경상남도,산청,,35.29489222,127.9160629
48,경상남도,산청,,35.34294075,127.9785229
48,경상남도,산청,,35.35029472,128.0557575
48,경상남도,산청,,35.40677928,128.0012664
48,경상남도,함양,,35.49991043,127.7033274
48,경상남도,함양,,35.37439617,127.6793515
48,경상남도,함양,,35.44522701,127.7347458
48,경상남도,함양,,35.48577539,127.7827664
48,경상남도,함양,,35.55820045,127.8112147
48,경상남도,함양,,35.57813529,127.7601349
48,경상남도,함양,,35.65647553,127.8038113
48,경상남도,함양,,35.63215239,127.7174371
48,경상남도,함양,,35.69353574,127.6792908
48,경상남도,함양,,35.56775039,127.6333135
48,경상남도,함양,,35.55633084,127.6883148
48,경상남도,거창,,35.69719503,127.9095007
48,경상남도,거창,,35.76586532,127.9159681
48,경상남도,거창,,35.8323872,127.9244385
48,경상남도,거창,,35.84883821,127.8627938
48,경상남도,거창,,35.78930469,127.7667809
48,경상남도,거창,,35.74815445,127.8237017
48,경상남도,거창,,35.6993178,127.8471492
48,경상남도,거창,,35.62010302,127.9166903
48,경상남도,거창,,35.67368329,127.9743626
48,경상남도,거창,,35.56517247,127.9281148
48,경상남도,거창,,35.70478969,128.029608
48,경상남도,거창,,35.79407729,128.0081246
48,경상남도,합천,,35.60679816,128.1399265
48,경상남도,합천,,35.61001802,128.0357885
48,경상남도,합천,,35.66194589,128.1109134
48,경상남도,합천,,35.7600445,128.0986372
48,경상남도,합천,,35.7173938,128.1691141
48,경상남도,합천,,35.59522235,128.2084309
48,경상남도,합천,,35.54053853,128.2462018
48,경상남도,합천,,35.60919062,128.2695423
48,경상남도,합천,,35.63137036,128.3241784
48,경상남도,합천,,35.55947079,128.3307532
48,경상남도,합천,,35.53990374,128.2853024
48,경상남도,합천,,35.51088632,128.1873031
48,경상남도,합천,,35.45476005,128.1546925
48,경상남도,합천,,35.41343392,128.1120366
48,경상남도,합천,,35.45958302,128.0323664
48,경상남도,합천,,35.52701183,128.0096971
48,경상남도,합천,,35.53976464,128.0994719
50,제주특별자치도,제주,,33.37545288,126.2845513
50,제주특별자치도,제주,,33.41073394,126.3941594
50,제주특별자치도,제주,,33.49851232,126.7956351
50,제주특별자치도,제주,,33.47162048,126.6674227
50,제주특별자치도,제주,,33.32265165,126.2198344
50,제주특별자치도,제주,,33.95690135,126.3260157
50,제주특별자치도,제주,,33.50579487,126.9559454
50,제주특별자치도,제주,,33.5130571,126.5275228
50,제주특별자치도,제주,,33.50653871,126.5410146
50,제주특별자치도,제주,,33.50549879,126.5275609
50,제주특별자치도,제주,,33.49146682,126.5327599
50,제주특별자치도,제주,,33.5027671,126.5195022
36,세종특별자치시,세종,,36.60785986,127.2869288
36,세종특별자치시,세종,,36.52035425,127.2761922
36,세종특별자치시,세종,,36.5475594,127.3279049
36,세종특별자치시,세종,,36.52404486,127.3789256
36,세종특별자치시,세종,,36.45528023,127.3007057
36,세종특별자치시,세종,,36.50291314,127.2076536
36,세종특별자치시,세종,,36.58426044,127.2461727
36,세종특별자치시,세종,,36.6612563,127.1882549
36,세종특별자치시,세종,,36.65648389,127.2508872
36,세종특별자치시,세종,,36.71427254,127.1690458
36,세종특별자치시,세종,,36.50676133,127.2624466
36,세종특별자치시,세종,,36.51773242,127.2495206
36,세종특별자치시,세종,,36.50342263,127.247388
36,세종특별자치시,세종,,36.51864029,127.235636
36,세종특별자치시,세종,,36.47775125,127.2900335
50,제주특별자치도,제주,,33.51270602,126.5212333
50,제주특별자치도,제주,,33.508514,126.5148065
50,제주특별자치도,제주,,33.50943736,126.4992441
50,제주특별자치도,제주,,33.5157877,126.5426908
50,제주특별자치도,제주,,33.50863712,126.5642597
50,제주특별자치도,제주,,33.51439897,126.5917604
50,제주특별자치도,제주,,33.45456665,126.6112906
50,제주특별자치도,제주,,33.43297163,126.5569105
50,제주특별자치도,제주,,33.4371291,126.5164473
50,제주특별자치도,제주,,33.45784342,126.4952717
50,제주특별자치도,제주,,33.43217125,126.4760838
50,제주특별자치도,제주,,33.48293352,126.4400875
50,제주특별자치도,제주,,33.49488969,126.4585691
50,제주특별자치도,제주,,33.5023508,126.4780057
50,제주특별자치도,서귀포,,33.25633456,126.2475509
50,제주특별자치도,서귀포,,33.3276518,126.6662408
50,제주특별자치도,서귀포,,33.41879502,126.8660069
50,제주특별자치도,서귀포,,33.29237016,126.3477188
50,제주특별자치도,서귀포,,33.37392636,126.7688483
50,제주특별자치도,서귀포,,33.24404807,126.5924943
50,제주특별자치도,서귀포,,33.2464779,126.5657375
50,제주특별자치도,서귀포,,33.25069901,126.5646846
50,제주특별자치도,서귀포,,33.24438444,126.5543486
50,제주특별자치도,서귀포,,33.26055904,126.6119244
50,제주특별자치도,서귀포,,33.30825263,126.573663
50,제주특별자치도,서귀포,,33.29304425,126.5542389
50,제주특별자치도,서귀포,,33.29800632,126.5378953
50,제주특별자치도,서귀포,,33.27689416,126.5220883
50,제주특별자치도,서귀포,,33.28587052,126.4921194
50,제주특별자치도,서귀포,,33.29948163,126.4539928
50,제주특별자치도,서귀포,,33.27645921,126.4008196
47,경상북도,청송,,36.29596079,129.1307709
47,경상북도,청도,,35.71025858,128.9749201
48,경상남도,양산,,35.37015383,129.1716223
31,울산광역시,울주,,35.59201036,129.0566088
48,경상남도,양산,,35.3237877,129.0729069
48,경상남도,김해,,35.20228513,128.8582525
48,경상남도,김해,,35.20412358,128.8110457
48,경상남도,김해,,35.18905986,128.773386
41,경기도,시흥,,37.35646639,126.7818524
41,경기도,시흥,,37.38239201,126.7835719
46,전라남도,나주,,35.01687734,126.7886275
29,광주광역시,서구,,35.17067388,126.860369
29,광주광역시,북구,,35.20982146,126.8949148
29,광주광역시,북구,,35.20452575,126.877842
30,대전광역시,유성,,36.33748428,127.3452528
41,경기도,영통,,37.27298848,127.0570998
46,전라남도,장흥,,34.49327663,126.8823129
46,전라남도,완도,,34.40355197,126.8074319
48,경상남도,진주,,35.17554849,128.1409632
41,경기도,김포,,37.64519684,126.6273344
47,경상북도,김천,,36.1254439,128.1869735
44,충청남도,공주,,36.47018083,127.1365767
44,충청남도,서북구,,36.84337866,127.1224321
41,경기도,여주,,37.27450751,127.6183344
41,경기도,여주,,37.31630643,127.6493844
28,인천광역시,연수,,37.36925076,126.6319604
41,경기도,영통,,37.28749623,127.0726885
28,인천광역시,계양,,37.56943157,126.7654158
41,경기도,화성,,37.20926749,127.1239573
41,경기도,김포,,37.63905744,126.6792532
41,경기도,분당,,37.36667825,127.1113704
41,경기도,화성,,37.24499763,126.7162936
47,경상북도,울릉,,37.49120471,130.8996008
31,울산광역시,울주,,35.36749064,129.313257
31,울산광역시,울주,,35.43047277,129.3313556
31,울산광역시,남구,,35.4904667,129.3485629
31,울산광역시,동구,,35.48608925,129.4150417
31,울산광역시,동구,,35.5246472,129.4349722
31,울산광역시,동구,,35.55485584,129.4355249
47,경상북도,경주,,35.70420534,129.4188236
31,울산광역시,북구,,35.61526715,129.4187597
31,울산광역시,동구,,35.49830566,129.4339899
47,경상북도,영천,,36.10238947,129.0402882
47,경상북도,영양,,36.78810561,129.2219353
11,서울특별시,송파,,37.48297487,127.1314933
11,서울특별시,송파,,37.49229773,127.147155
41,경기도,수정,,37.46832466,127.1467422
41,경기도,하남,,37.47873706,127.1621063
30,대전광역시,유성,,36.38818352,127.2991227
26,부산광역시,해운대,,35.15887393,129.1445264
41,경기도,권선,,37.27360798,126.9440422
28,인천광역시,서구,,37.53326759,126.6407459
28,인천광역시,옹진,,37.95366834,124.6748758
28,인천광역시,옹진,,37.81458274,124.7092883
41,경기도,단원,,37.33132456,126.7927086
28,인천광역시,연수,,37.3740206,126.6617051
28,인천광역시,남동,,37.40634332,126.7047266
41,경기도,하남,,37.58010337,127.1869136
41,경기도,김포,,37.64804919,126.6635255
41,경기도,영통,,37.25172205,127.0716504
41,경기도,영통,,37.24768274,127.0546033
41,경기도,영통,,37.26130987,127.0779887
41,경기도,남양주,,37.61607451,127.1581747
28,인천광역시,중구,,37.49250725,126.5654693
28,인천광역시,중구,,37.5061688,126.5332809
26,부산광역시,강서,,35.11034708,128.9148788
26,부산광역시,강서,,35.07464679,128.9067962
41,경기도,화성,,37.22154973,127.037188
41,경기도,화성,,37.19561439,127.1117748
41,경기도,화성,,37.28118166,126.8209666
52,전북특별자치도,완산,,35.8261795,127.0971744
52,전북특별자치도,완산,,35.82051148,127.1405227
52,전북특별자치도,완산,,35.81445918,127.1576042
52,전북특별자치도,완산,,35.82349261,127.1548563
52,전북특별자치도,완산,,35.80883862,127.1407217
52,전북특별자치도,완산,,35.79491135,127.183021
52,전북특별자치도,완산,,35.79310528,127.1530653
52,전북특별자치도,완산,,35.81389661,127.1303171
52,전북특별자치도,완산,,35.8195765,127.1203629
52,전북특별자치도,완산,,35.83242408,127.1162012
52,전북특별자치도,완산,,35.79330936,127.1431227
52,전북특별자치도,완산,,35.77262952,127.1263474
52,전북특별자치도,완산,,35.80027775,127.1259396
52,전북특별자치도,완산,,35.79553228,127.1228891
52,전북특별자치도,완산,,35.77208993,127.0854063
52,전북특별자치도,완산,,35.80496386,127.1324633
52,전북특별자치도,완산,,35.8080592,127.1192963
52,전북특별자치도,완산,,35.80571443,127.1135267
52,전북특별자치도,완산,,35.810463,127.0888426
52,전북특별자치도,덕진,,35.83455538,127.0631704
52,전북특별자치도,덕진,,35.86120801,127.0749308
52,전북특별자치도,덕진,,35.82777579,127.1342486
52,전북특별자치도,덕진,,35.83807482,127.1559974
52,전북특별자치도,덕진,,35.8406524,127.1480289
52,전북특별자치도,덕진,,35.8295009,127.1632736
52,전북특별자치도,덕진,,35.8483357,127.1271563
52,전북특별자치도,덕진,,35.83818848,127.1332644
52,전북특별자치도,덕진,,35.8426916,127.1410402
52,전북특별자치도,덕진,,35.85452988,127.097629
52,전북특별자치도,덕진,,35.85024001,127.160118
52,전북특별자치도,덕진,,35.82902257,127.1930012
52,전북특별자치도,덕진,,35.87618881,127.1472137
52,전북특별자치도,덕진,,35.86581687,127.1310031
52,전북특별자치도,덕진,,35.88196575,127.1135287
52,전북특별자치도,덕진,,35.87828063,127.0385401
52,전북특별자치도,군산,,35.91293746,126.6890598
52,전북특별자치도,군산,,35.94100381,126.74011
52,전북특별자치도,군산,,35.91019699,126.7596057
52,전북특별자치도,군산,,35.97237691,126.8596853
52,전북특별자치도,군산,,36.00048485,126.8792468
52,전북특별자치도,군산,,35.93726963,126.8317154
52,전북특별자치도,군산,,35.96062152,126.7861554
52,전북특별자치도,군산,,36.00035853,126.791733
52,전북특별자치도,군산,,36.02750568,126.8343136
52,전북특별자치도,군산,,35.87982486,126.3800529
52,전북특별자치도,군산,,35.91182885,126.6319392
52,전북특별자치도,군산,,35.98948064,126.6868206
52,전북특별자치도,군산,,35.98575832,126.7105821
52,전북특별자치도,군산,,35.97667146,126.702114
52,전북특별자치도,군산,,35.9783716,126.7100123
52,전북특별자치도,군산,,35.98470329,126.7213132
52,전북특별자치도,군산,,35.97631943,126.7177978
52,전북특별자치도,군산,,35.97242276,126.7394527
52,전북특별자치도,군산,,35.98045073,126.7311906
52,전북특별자치도,군산,,35.99216262,126.756491
52,전북특별자치도,군산,,35.96496382,126.7563395
52,전북특별자치도,군산,,35.95998915,126.7171881
52,전북특별자치도,군산,,35.96894691,126.6955964
52,전북특별자치도,군산,,35.96576653,126.7046359
52,전북특별자치도,군산,,35.94700487,126.6853731
52,전북특별자치도,군산,,35.95313633,126.5762208
52,전북특별자치도,군산,,35.95418572,126.6431802
52,전북특별자치도,익산,,36.1072911,126.9970875
52,전북특별자치도,익산,,35.93964377,126.9492705
52,전북특별자치도,익산,,35.92473688,126.9303962
52,전북특별자치도,익산,,35.92558059,126.9503821
52,전북특별자치도,익산,,35.91628329,126.9731501
52,전북특별자치도,익산,,35.94019362,126.9643057
52,전북특별자치도,익산,,35.94941776,126.9565564
52,전북특별자치도,익산,,35.95337456,126.9419449
52,전북특별자치도,익산,,35.93954425,126.9337282
52,전북특별자치도,익산,,35.95202951,126.9715236
52,전북특별자치도,익산,,35.96451904,126.9733511
52,전북특별자치도,익산,,35.95773988,126.9833898
52,전북특별자치도,익산,,35.97304355,126.9428106
52,전북특별자치도,익산,,35.96013423,127.0126398
52,전북특별자치도,익산,,35.97901328,126.9855626
52,전북특별자치도,익산,,36.06132163,126.9644339
52,전북특별자치도,익산,,35.93781168,126.899794
52,전북특별자치도,익산,,36.01734765,126.937959
52,전북특별자치도,익산,,36.03988511,126.9049919
52,전북특별자치도,익산,,36.09362836,126.8916576
52,전북특별자치도,익산,,36.09613901,126.9291708
52,전북특별자치도,익산,,36.12048535,126.9557018
52,전북특별자치도,익산,,36.06079392,127.0206739
52,전북특별자치도,익산,,36.1189537,127.0261482
52,전북특별자치도,익산,,36.05148207,127.0909209
52,전북특별자치도,익산,,36.00743252,127.041507
52,전북특별자치도,익산,,35.97332955,127.0839437
52,전북특별자치도,익산,,35.92665358,127.0236278
52,전북특별자치도,익산,,36.02040802,126.9931433
52,전북특별자치도,정읍,,35.70154161,126.8716332
52,전북특별자치도,정읍,,35.59648676,126.9061133
52,전북특별자치도,정읍,,35.50321431,126.7990959
52,전북특별자치도,정읍,,35.55977434,126.7808783
52,전북특별자치도,정읍,,35.60575611,126.7585368
52,전북특별자치도,정읍,,35.65142645,126.7671493
52,전북특별자치도,정읍,,35.63000617,126.8279567
52,전북특별자치도,정읍,,35.66666186,126.8291766
52,전북특별자치도,정읍,,35.64669077,126.8861049
52,전북특별자치도,정읍,,35.65673909,126.9364467
52,전북특별자치도,정읍,,35.71629069,126.9285222
52,전북특별자치도,정읍,,35.64908697,126.9864554
52,전북특별자치도,정읍,,35.57884165,126.9646449
52,전북특별자치도,정읍,,35.55257252,127.0477414
52,전북특별자치도,정읍,,35.62566164,127.0545434
52,전북특별자치도,정읍,,35.58648409,126.8615034
52,전북특별자치도,정읍,,35.57050213,126.882476
52,전북특별자치도,정읍,,35.51966039,126.9023245
52,전북특별자치도,정읍,,35.56443489,126.8534777
52,전북특별자치도,정읍,,35.55538017,126.8541726
52,전북특별자치도,정읍,,35.57234964,126.8434462
52,전북특별자치도,정읍,,35.5971253,126.830982
52,전북특별자치도,정읍,,35.51943136,126.8460594
52,전북특별자치도,남원,,35.43056603,127.5355137
52,전북특별자치도,남원,,35.38080201,127.4542704
52,전북특별자치도,남원,,35.33380299,127.3750959
52,전북특별자치도,남원,,35.35708227,127.343649
52,전북특별자치도,남원,,35.38476015,127.3045908
52,전북특별자치도,남원,,35.34006832,127.2817767
52,전북특별자치도,남원,,35.36247495,127.230676
52,전북특별자치도,남원,,35.42526644,127.3151699
52,전북특별자치도,남원,,35.4782392,127.3519272
52,전북특별자치도,남원,,35.52512555,127.3697158
52,전북특별자치도,남원,,35.51531682,127.4166445
52,전북특별자치도,남원,,35.49678186,127.4728582
52,전북특별자치도,남원,,35.43101433,127.4597442
52,전북특별자치도,남원,,35.51091839,127.5939432
52,전북특별자치도,남원,,35.37881963,127.5924357
52,전북특별자치도,남원,,35.46507952,127.6130235
52,전북특별자치도,남원,,35.41146173,127.3826239
52,전북특별자치도,남원,,35.40714236,127.3843122
52,전북특별자치도,남원,,35.39485304,127.3896812
52,전북특별자치도,남원,,35.39915693,127.368217
52,전북특별자치도,남원,,35.41235091,127.356764
26,부산광역시,금정,,35.23285914,129.1233634
28,인천광역시,미추홀,,37.46084205,126.6477215
28,인천광역시,미추홀,,37.46486148,126.6452997
28,인천광역시,미추홀,,37.46226719,126.6572438
28,인천광역시,미추홀,,37.45158094,126.6588164
28,인천광역시,미추홀,,37.45611014,126.6434598
28,인천광역시,미추홀,,37.45528367,126.6527328
28,인천광역시,미추홀,,37.4489037,126.6389829
28,인천광역시,미추홀,,37.43845725,126.6537122
28,인천광역시,미추홀,,37.44327566,126.6705477
28,인천광역시,미추홀,,37.46235321,126.6691156
28,인천광역시,미추홀,,37.47349079,126.6623614
28,인천광역시,미추홀,,37.46196077,126.6806359
28,인천광역시,미추홀,,37.45541434,126.6719314
28,인천광역시,미추홀,,37.44846698,126.6714435
28,인천광역시,미추홀,,37.45443518,126.6870126
28,인천광역시,미추홀,,37.4691566,126.6806089
28,인천광역시,미추홀,,37.4609938,126.6909095
28,인천광역시,미추홀,,37.44725567,126.6777474
28,인천광역시,미추홀,,37.44737179,126.6853458
28,인천광역시,미추홀,,37.44237886,126.6944124
28,인천광역시,미추홀,,37.43669713,126.6845593
28,인천광역시,서구,,37.61238834,126.6527312
28,인천광역시,서구,,37.61813229,126.6767716
28,인천광역시,서구,,37.59232292,126.7056606
28,인천광역시,서구,,37.59119871,126.6773397
28,인천광역시,서구,,37.58346845,126.6165969
36,세종특별자치시,세종,,36.47044637,127.2743183
41,경기도,의정부,,37.75242073,127.0199895
11,서울특별시,강북,,37.63758266,127.0305903
11,서울특별시,강북,,37.62952469,127.0347691
11,서울특별시,강북,,37.62378199,127.0422615
11,서울특별시,강북,,37.62993883,127.0090531
11,서울특별시,강북,,37.64536634,127.0194415
11,서울특별시,강북,,37.64046913,127.0234921
27,대구광역시,달성,,35.76863006,128.478632
27,대구광역시,달성,,35.68795078,128.4261655
28,인천광역시,연수,,37.4018915,126.6217113
28,인천광역시,남동,,37.42862172,126.7488602
36,세종특별자치시,세종,,36.48902093,127.2526317
46,전라남도,담양,,35.15888764,127.0404131
47,경상북도,청송,,36.3623129,129.1656485
41,경기도,영통,,37.24002254,127.0475878
41,경기도,영통,,37.23911332,127.0584919
43,충청북도,진천,,36.89872605,127.5068617
41,경기도,평택,,37.00113867,127.1411905
41,경기도,김포,,37.63922854,126.6414045
41,경기도,화성,,37.17942378,127.1301702
27,대구광역시,동구,,35.89170859,128.7381726
41,경기도,하남,,37.50258617,127.161871
27,대구광역시,동구,,35.86359301,128.7389149
27,대구광역시,동구,,35.86999707,128.7172905
29,광주광역시,북구,,35.21271344,126.8629754
36,세종특별자치시,세종,,36.49476055,127.2448647
41,경기도,일산서,,37.68574316,126.6982159
41,경기도,일산서,,37.70031336,126.7709693
41,경기도,덕양,,37.61961059,126.8481851
41,경기도,일산동,,37.68122481,126.7865182
41,경기도,일산서,,37.694314,126.7662847
44,충청남도,서북구,,36.81180616,127.1030376
41,경기도,광명,,37.42001416,126.8827032
41,경기도,일산동,,37.69083922,126.7827318
41,경기도,평택,,37.01497745,127.0952626
44,충청남도,서북구,,36.80480351,127.1089323
41,경기도,일산서,,37.69563938,126.7438757
26,부산광역시,기장,,35.28762282,129.2229454
27,대구광역시,달서,,35.81509054,128.5131374
41,경기도,덕양,,37.66291629,126.9036251
41,경기도,여주,,37.2950939,127.5784047
41,경기도,덕양,,37.64712847,126.8801168
30,대전광역시,유성,,36.34076286,127.2979036
41,경기도,평택,,37.04392287,127.0393104
36,세종특별자치시,세종,,36.48440565,127.301106
30,대전광역시,유성,,36.34133338,127.3303864
41,경기도,파주,,37.72928947,126.7189077
41,경기도,과천,,37.42113354,126.9915488
36,세종특별자치시,세종,,36.48643414,127.2638218
41,경기도,하남,,37.55055789,127.1903208
36,세종특별자치시,세종,,36.5013113,127.2640968
41,경기도,시흥,,37.32233462,126.6939746
41,경기도,파주,,37.72398415,126.7758925
41,경기도,파주,,37.71445968,126.7225892
11,서울특별시,강남,,37.49547981,127.0792873
52,전북특별자치도,남원,,35.43982546,127.3747188
52,전북특별자치도,남원,,35.44276039,127.4103629
52,전북특별자치도,김제,,35.86519613,126.8261246
52,전북특별자치도,김제,,35.77360293,126.8086427
52,전북특별자치도,김제,,35.8458336,126.8876327
52,전북특별자치도,김제,,35.84446018,126.9707001
52,전북특별자치도,김제,,35.88709035,126.9634193
52,전북특별자치도,김제,,35.7385813,126.8442457
52,전북특별자치도,김제,,35.88616701,126.9049583
52,전북특별자치도,김제,,35.8872169,126.8514224
52,전북특별자치도,김제,,35.81895931,126.8121757
52,전북특별자치도,김제,,35.85018667,126.7646867
52,전북특별자치도,김제,,35.78098937,127.0179667
52,전북특별자치도,김제,,35.7427509,126.9568459
52,전북특별자치도,김제,,35.78852084,126.9606478
52,전북특별자치도,김제,,35.71526037,127.0296382
52,전북특별자치도,김제,,35.8296022,126.7454157
52,전북특별자치도,김제,,35.81840254,126.8903347
52,전북특별자치도,김제,,35.77445316,126.9173424
52,전북특별자치도,김제,,35.81272235,126.9234801
52,전북특별자치도,김제,,35.78538535,126.8638987
52,전북특별자치도,완주,,35.91296447,127.0845376
52,전북특별자치도,완주,,35.95022554,127.1378654
52,전북특별자치도,완주,,35.89734078,127.180192
52,전북특별자치도,완주,,35.76022967,127.2297156
52,전북특별자치도,완주,,35.82535985,127.032307
52,전북특별자치도,완주,,35.85763909,127.2558924
52,전북특별자치도,완주,,35.70646651,127.1196124
52,전북특별자치도,완주,,35.97140107,127.2328083
52,전북특별자치도,완주,,36.01135847,127.1577052
52,전북특별자치도,완주,,36.07147281,127.3153921
52,전북특별자치도,완주,,36.05070028,127.1988885
52,전북특별자치도,완주,,35.93932085,127.3027459
52,전북특별자치도,완주,,36.0387562,127.2758663
52,전북특별자치도,진안,,35.77670733,127.4446255
52,전북특별자치도,진안,,35.95117926,127.4901808
52,전북특별자치도,진안,,35.90220183,127.5469904
52,전북특별자치도,진안,,35.83654083,127.5741133
52,전북특별자치도,진안,,35.84780224,127.4974399
52,전북특별자치도,진안,,35.68118256,127.4279579
52,전북특별자치도,진안,,35.72144556,127.3187792
52,전북특별자치도,진안,,35.74647427,127.3613804
52,전북특별자치도,진안,,35.83870815,127.3599885
52,전북특별자치도,진안,,35.89075885,127.4378564
52,전북특별자치도,진안,,35.96705324,127.4001038
52,전북특별자치도,무주,,36.0115979,127.6557918
52,전북특별자치도,무주,,35.93258399,127.8475572
52,전북특별자치도,무주,,35.95437544,127.7824241
52,전북특별자치도,무주,,35.93409337,127.6719413
52,전북특별자치도,무주,,35.84713979,127.6789557
52,전북특별자치도,무주,,35.96894293,127.56978
52,전북특별자치도,장수,,35.6241463,127.5123284
52,전북특별자치도,장수,,35.58202116,127.4091599
52,전북특별자치도,장수,,35.55526949,127.5434938
52,전북특별자치도,장수,,35.72547322,127.6188453
52,전북특별자치도,장수,,35.7327165,127.5221806
52,전북특별자치도,장수,,35.68688798,127.5800021
52,전북특별자치도,장수,,35.78965778,127.6311048
52,전북특별자치도,임실,,35.59376994,127.2673683
52,전북특별자치도,임실,,35.56538974,127.207993
52,전북특별자치도,임실,,35.61247606,127.1516725
52,전북특별자치도,임실,,35.64756083,127.2326169
52,전북특별자치도,임실,,35.62714397,127.3602002
52,전북특별자치도,임실,,35.54156384,127.3187827
52,전북특별자치도,임실,,35.69096052,127.1802176
52,전북특별자치도,임실,,35.50852582,127.2657166
52,전북특별자치도,임실,,35.69558723,127.2822214
52,전북특별자치도,임실,,35.54488869,127.1411712
28,인천광역시,서구,,37.59237181,126.7054438
36,세종특별자치시,세종,,36.52035425,127.2761922
41,경기도,수지,,37.30308924,127.0720547
41,경기도,처인,,37.24083525,127.1756494
41,경기도,시흥,,37.37001106,126.7236229
48,경상남도,성산,,35.23114304,128.685982
47,경상북도,구미,,36.12564349,128.3462222
41,경기도,군포,,37.33139387,126.9039663
29,광주광역시,남구,,35.10262077,126.9022722
41,경기도,시흥,,37.37001106,126.7236229
41,경기도,수지,,37.3292955,127.1272124
11,서울특별시,강동,,37.56374626,127.1740787
41,경기도,처인,,37.24083525,127.1756494
28,인천광역시,중구,,37.4756444,126.6071382
11,서울특별시,강동,,37.55066854,127.1648665
41,경기도,양주,,37.83289298,127.0977611
41,경기도,화성,,37.17942378,127.1301702
41,경기도,양주,,37.83289298,127.0977611
52,전북특별자치도,임실,,35.49938177,127.1708831
52,전북특별자치도,임실,,35.5792135,127.3538339
52,전북특별자치도,순창,,35.37027211,127.1334625
52,전북특별자치도,순창,,35.42277887,127.1589351
52,전북특별자치도,순창,,35.45627666,127.249384
52,전북특별자치도,순창,,35.33291851,127.1426728
52,전북특별자치도,순창,,35.33357256,127.0841875
52,전북특별자치도,순창,,35.39445032,127.0851737
52,전북특별자치도,순창,,35.5048686,126.9921409
52,전북특별자치도,순창,,35.44533763,126.9360566
52,전북특별자치도,순창,,35.42363362,127.2079313
52,전북특별자치도,순창,,35.37425635,127.1875353
52,전북특별자치도,순창,,35.46294787,127.0871012
52,전북특별자치도,고창,,35.43202123,126.704348
52,전북특별자치도,고창,,35.3903734,126.6814368
52,전북특별자치도,고창,,35.4672262,126.6114625
52,전북특별자치도,고창,,35.41211464,126.5748732
52,전북특별자치도,고창,,35.38324116,126.5268226
52,전북특별자치도,고창,,35.44436043,126.4785705
52,전북특별자치도,고창,,35.47481331,126.5120379
52,전북특별자치도,고창,,35.36477776,126.6357376
52,전북특별자치도,고창,,35.33900587,126.5731462
52,전북특별자치도,고창,,35.51285105,126.5458794
52,전북특별자치도,고창,,35.53795068,126.6988631
52,전북특별자치도,고창,,35.53538202,126.7448654
52,전북특별자치도,고창,,35.47699998,126.7225429
52,전북특별자치도,고창,,35.52789169,126.641349
52,전북특별자치도,부안,,35.70859358,126.7450318
52,전북특별자치도,부안,,35.66521484,126.7086997
52,전북특별자치도,부안,,35.75581522,126.746807
52,전북특별자치도,부안,,35.72319169,126.7053889
52,전북특별자치도,부안,,35.77148667,126.6716605
52,전북특별자치도,부안,,35.62290419,126.6669775
52,전북특별자치도,부안,,35.64640572,126.5335628
52,전북특별자치도,부안,,35.60489367,126.5715586
52,전북특별자치도,부안,,35.70221058,126.7929766
52,전북특별자치도,부안,,35.66900876,126.6457237
52,전북특별자치도,부안,,35.71297677,126.6274015
52,전북특별자치도,부안,,35.5925526,126.6944607
52,전북특별자치도,부안,,35.60416552,126.2624232
41,경기도,만안,,37.40872041,126.8979796
41,경기도,동안,,37.41062135,126.9642835
41,경기도,동안,,37.39919145,126.971445
41,경기도,원미,,37.49265184,126.7820225
41,경기도,원미,,37.48673793,126.7849346
41,경기도,원미,,37.48956258,126.7747432
41,경기도,원미,,37.49620552,126.7932517
41,경기도,원미,,37.49072368,126.7910189
41,경기도,원미,,37.48568785,126.7959734
41,경기도,원미,,37.49299884,126.8100952
41,경기도,원미,,37.48780043,126.8044591
41,경기도,원미,,37.50256654,126.8024412
41,경기도,원미,,37.51318593,126.785227
41,경기도,원미,,37.51354766,126.7694795
41,경기도,원미,,37.49114937,126.7670611
41,경기도,원미,,37.50046855,126.7655681
41,경기도,원미,,37.49673514,126.7758203
41,경기도,원미,,37.50669504,126.7726958
41,경기도,원미,,37.508572,126.7632768
41,경기도,원미,,37.49127724,126.7593064
41,경기도,원미,,37.49274395,126.7509117
41,경기도,원미,,37.499151,126.7484268
41,경기도,원미,,37.51056215,126.7520608
41,경기도,소사,,37.47841215,126.7760458
41,경기도,소사,,37.47856186,126.7831796
41,경기도,소사,,37.47464387,126.7927723
41,경기도,소사,,37.47102477,126.8004088
41,경기도,소사,,37.47004513,126.8108887
41,경기도,소사,,37.46739643,126.822889
41,경기도,소사,,37.47914493,126.8073683
41,경기도,소사,,37.48323206,126.8168909
41,경기도,소사,,37.4837138,126.7568188
41,경기도,소사,,37.47950584,126.7684233
41,경기도,오정,,37.51364139,126.8081295
41,경기도,오정,,37.53049831,126.8033991
41,경기도,오정,,37.52502672,126.8006766
41,경기도,오정,,37.52905956,126.8206727
41,경기도,오정,,37.5344716,126.8107596
41,경기도,오정,,37.53743121,126.779355
41,경기도,오정,,37.52399015,126.7722152
41,경기도,오산,,37.13771948,127.0726392
41,경기도,오산,,37.13886549,127.0877933
41,경기도,오산,,37.17240355,127.0513557
41,경기도,오산,,37.17398952,127.065408
47,경상북도,예천,,36.60688526,128.4750824
28,인천광역시,중구,,37.49495728,126.5687296
29,광주광역시,북구,,35.17078166,126.9128134
31,울산광역시,중구,,35.56459088,129.3284821
41,경기도,경기광주,,37.43099803,127.226911
41,경기도,경기광주,,37.39834837,127.205141
47,경상북도,구미,,36.17877241,128.4536714
31,울산광역시,울주,,35.53235463,129.0963027
41,경기도,경기광주,,37.38407853,127.2281406
41,경기도,경기광주,,37.40263136,127.2710847
47,경상북도,경주,,35.79929399,129.4135288
47,경상북도,구미,,36.09626445,128.3813037
28,인천광역시,연수,,37.41789917,126.6203845
41,경기도,처인,,37.13276935,127.1566476
41,경기도,경기광주,,37.36819998,127.2607764
30,대전광역시,서구,,36.31949793,127.3481909
41,경기도,경기광주,,37.35055349,127.1675955
41,경기도,경기광주,,37.36436658,127.1612454
41,경기도,경기광주,,37.35980184,127.2129152
51,강원특별자치도,춘천,,37.88864959,127.8450201
51,강원특별자치도,춘천,,37.77253627,127.7824479
51,강원특별자치도,춘천,,37.80883424,127.7056948
51,강원특별자치도,춘천,,37.73862142,127.5984558
51,강원특별자치도,춘천,,37.89756164,127.6438062
51,강원특별자치도,춘천,,38.01064116,127.6435024
51,강원특별자치도,춘천,,37.96930453,127.9093766
51,강원특별자치도,춘천,,37.83713956,127.7844874
51,강원특별자치도,춘천,,37.77929919,127.6205026
51,강원특별자치도,춘천,,37.88203962,127.736725
51,강원특별자치도,춘천,,37.87808754,127.7315486
51,강원특별자치도,춘천,,37.87535559,127.7246804
51,강원특별자치도,춘천,,37.88852126,127.709012
51,강원특별자치도,춘천,,37.88360102,127.7268289
51,강원특별자치도,춘천,,37.8882046,127.7451835
51,강원특별자치도,춘천,,37.8768784,127.7481801
51,강원특별자치도,춘천,,37.87614168,127.7559501
51,강원특별자치도,춘천,,37.87153133,127.7279871
51,강원특별자치도,춘천,,37.86894806,127.7393889
51,강원특별자치도,춘천,,37.87564658,127.7425612
51,강원특별자치도,춘천,,37.85841863,127.7504583
51,강원특별자치도,춘천,,37.85386227,127.7311827
51,강원특별자치도,춘천,,37.85726441,127.6983813
51,강원특별자치도,춘천,,37.91748977,127.7309889
51,강원특별자치도,원주,,37.29136817,127.8164465
51,강원특별자치도,원주,,37.40751832,128.0177635
51,강원특별자치도,원주,,37.42925806,127.910988
51,강원특별자치도,원주,,37.38075123,127.832977
51,강원특별자치도,원주,,37.2055703,127.7890974
51,강원특별자치도,원주,,37.19576407,127.8809243
51,강원특별자치도,원주,,37.28596914,127.8971431
51,강원특별자치도,원주,,37.2824422,127.9909188
51,강원특별자치도,원주,,37.25092039,128.1069928
51,강원특별자치도,원주,,37.3616882,127.9469435
51,강원특별자치도,원주,,37.34443457,127.9485303
51,강원특별자치도,원주,,37.33830972,127.956043
51,강원특별자치도,원주,,37.33913054,127.9470089
51,강원특별자치도,원주,,37.33059739,127.9409948
51,강원특별자치도,원주,,37.32474335,127.9552844
51,강원특별자치도,원주,,37.34820124,127.94306
51,강원특별자치도,원주,,37.35498572,127.9402164
51,강원특별자치도,원주,,37.35219082,127.9276874
51,강원특별자치도,원주,,37.37897526,127.9303191
51,강원특별자치도,원주,,37.36445688,127.9633908
51,강원특별자치도,원주,,37.38905077,127.9512187
51,강원특별자치도,원주,,37.35638144,127.9789808
51,강원특별자치도,원주,,37.34298973,128.0098563
51,강원특별자치도,원주,,37.32795639,127.9215839
51,강원특별자치도,원주,,37.31613962,127.9878727
51,강원특별자치도,강릉,,37.88674635,128.7625219
51,강원특별자치도,강릉,,37.73021327,128.8035804
51,강원특별자치도,강릉,,37.60273764,128.7972901
51,강원특별자치도,강릉,,37.69840736,128.8863591
51,강원특별자치도,강릉,,37.6794398,128.9689841
51,강원특별자치도,강릉,,37.59234824,128.9813121
51,강원특별자치도,강릉,,37.79975315,128.8067093
51,강원특별자치도,강릉,,37.82812862,128.6939505
51,강원특별자치도,강릉,,37.75118107,128.8712034
51,강원특별자치도,강릉,,37.75269205,128.8940511
51,강원특별자치도,강릉,,37.75833713,128.9016611
51,강원특별자치도,강릉,,37.76466554,128.8829361
51,강원특별자치도,강릉,,37.77105922,128.8947225
51,강원특별자치도,강릉,,37.76602484,128.9088737
51,강원특별자치도,강릉,,37.77805641,128.9075382
51,강원특별자치도,강릉,,37.79057293,128.9154556
51,강원특별자치도,강릉,,37.77685394,128.9305425
51,강원특별자치도,강릉,,37.73756187,128.875398
51,강원특별자치도,강릉,,37.73362319,128.9187577
51,강원특별자치도,강릉,,37.75740335,128.9298785
51,강원특별자치도,강릉,,37.78900321,128.8733123
51,강원특별자치도,동해,,37.52353113,129.0986105
51,강원특별자치도,동해,,37.49939005,129.1260831
51,강원특별자치도,동해,,37.49102222,129.0903689
51,강원특별자치도,동해,,37.53628707,129.0810451
51,강원특별자치도,동해,,37.54780958,129.0897929
51,강원특별자치도,동해,,37.54653029,129.1078637
51,강원특별자치도,동해,,37.56529101,129.1123781
51,강원특별자치도,동해,,37.47162506,129.1171755
51,강원특별자치도,동해,,37.57108401,129.0758998
51,강원특별자치도,동해,,37.49177707,129.0178551
51,강원특별자치도,태백,,37.17011434,128.9957106
51,강원특별자치도,태백,,37.16608696,129.0267682
51,강원특별자치도,태백,,37.24941957,128.9639299
51,강원특별자치도,태백,,37.15501586,128.9677261
51,강원특별자치도,태백,,37.11680154,128.9352912
51,강원특별자치도,태백,,37.095579,128.9827704
51,강원특별자치도,태백,,37.09305496,129.0433631
51,강원특별자치도,태백,,37.12524348,129.0601599
51,강원특별자치도,속초,,38.21421604,128.5605226
51,강원특별자치도,속초,,38.21127685,128.5919168
51,강원특별자치도,속초,,38.20920764,128.5815991
51,강원특별자치도,속초,,38.20354579,128.5811034
51,강원특별자치도,속초,,38.19221809,128.53675
51,강원특별자치도,속초,,38.18510692,128.5806719
51,강원특별자치도,속초,,38.19447985,128.5962433
51,강원특별자치도,속초,,38.16467836,128.5007744
51,강원특별자치도,삼척,,37.2306365,129.0715426
51,강원특별자치도,삼척,,37.18267519,129.2773417
51,강원특별자치도,삼척,,37.31875152,129.2357564
51,강원특별자치도,삼척,,37.35539882,128.9287109
51,강원특별자치도,삼척,,37.29315928,129.1589579
51,강원특별자치도,삼척,,37.40519937,129.067088
51,강원특별자치도,삼척,,37.12404646,129.1686009
51,강원특별자치도,삼척,,37.33033621,129.0591269
51,강원특별자치도,삼척,,37.41057173,129.1643796
51,강원특별자치도,삼척,,37.45807726,129.16125
51,강원특별자치도,삼척,,37.4401086,129.1819309
51,강원특별자치도,삼척,,37.43918665,129.1264642
51,강원특별자치도,홍천,,37.66345675,127.9929335
51,강원특별자치도,홍천,,37.66437606,127.8743182
51,강원특별자치도,홍천,,37.76847937,127.9826179
51,강원특별자치도,홍천,,37.87172141,128.031606
51,강원특별자치도,홍천,,37.81229627,128.1126986
51,강원특별자치도,홍천,,37.71376337,128.2116126
51,강원특별자치도,홍천,,37.61324931,127.7854908
51,강원특별자치도,홍천,,37.66771722,127.6355644
51,강원특별자치도,홍천,,37.73130535,127.8131714
51,강원특별자치도,홍천,,37.79456408,128.4081075
51,강원특별자치도,횡성,,37.49100547,127.9965752
51,강원특별자치도,횡성,,37.47460351,128.0957363
51,강원특별자치도,횡성,,37.42351895,128.1826572
51,강원특별자치도,횡성,,37.523395,128.2349914
51,강원특별자치도,횡성,,37.56869787,128.0899029
51,강원특별자치도,횡성,,37.60706493,128.1718846
51,강원특별자치도,횡성,,37.56997147,127.9600939
51,강원특별자치도,횡성,,37.49106312,127.8475385
51,강원특별자치도,횡성,,37.35105093,128.1092791
51,강원특별자치도,영월,,37.17036467,128.6933354
51,강원특별자치도,영월,,37.20175958,128.5106779
51,강원특별자치도,영월,,37.11685621,128.819673
51,강원특별자치도,영월,,37.10359048,128.6348537
51,강원특별자치도,영월,,37.27207387,128.4328617
51,강원특별자치도,영월,,37.16582761,128.3836602
51,강원특별자치도,영월,,37.22552421,128.3420023
51,강원특별자치도,영월,,37.28021668,128.2813526
51,강원특별자치도,영월,,37.33472764,128.2223886
51,강원특별자치도,평창,,37.37115421,128.3907132
51,강원특별자치도,평창,,37.33986844,128.5183411
51,강원특별자치도,평창,,37.45223957,128.3258702
51,강원특별자치도,평창,,37.49764771,128.4475444
51,강원특별자치도,평창,,37.61226971,128.3467
51,강원특별자치도,평창,,37.63072522,128.4523621
51,강원특별자치도,평창,,37.63239562,128.5631724
51,강원특별자치도,평창,,37.68776863,128.6751803
51,강원특별자치도,정선,,37.38059352,128.6231111
51,강원특별자치도,정선,,37.19231312,128.8710363
51,강원특별자치도,정선,,37.23341399,128.8227842
51,강원특별자치도,정선,,37.23810227,128.647932
51,강원특별자치도,정선,,37.28055547,128.7288881
51,강원특별자치도,정선,,37.47866523,128.6346057
51,강원특별자치도,정선,,37.4734723,128.8730675
51,강원특별자치도,정선,,37.32909846,128.8079954
51,강원특별자치도,정선,,37.49102288,128.7301907
51,강원특별자치도,철원,,38.27117465,127.174649
51,강원특별자치도,철원,,38.27936892,127.4075192
51,강원특별자치도,철원,,38.20259857,127.3301137
51,강원특별자치도,철원,,38.24088151,127.2490137
51,강원특별자치도,철원,,38.17766116,127.4216944
51,강원특별자치도,철원,,38.2231892,127.501545
51,강원특별자치도,철원,,38.26876979,127.3922374
51,강원특별자치도,철원,,38.30483643,127.541239
51,강원특별자치도,철원,,38.31455214,127.7492999
51,강원특별자치도,철원,,38.29461984,127.6446206
51,강원특별자치도,철원,,38.30786518,127.8457016
51,강원특별자치도,화천,,38.18482377,127.7818847
51,강원특별자치도,화천,,38.06344679,127.8181764
51,강원특별자치도,화천,,38.08179988,127.6540365
51,강원특별자치도,화천,,38.19307731,127.6155388
51,강원특별자치도,화천,,38.07360626,127.508048
51,강원특별자치도,양구,,38.08294486,128.0497674
51,강원특별자치도,양구,,38.11390916,127.9532135
51,강원특별자치도,양구,,38.24071736,128.0530148
51,강원특별자치도,양구,,38.25277449,127.9313163
51,강원특별자치도,양구,,38.28669347,128.1212085
51,강원특별자치도,인제,,38.06638283,128.2478309
51,강원특별자치도,인제,,37.97510417,128.1066855
51,강원특별자치도,인제,,38.16656818,128.3155463
51,강원특별자치도,인제,,37.96409289,128.3893188
51,강원특별자치도,인제,,38.27419716,128.2202325
51,강원특별자치도,인제,,37.88397311,128.2669318
51,강원특별자치도,고성,,38.33205802,128.3910377
51,강원특별자치도,고성,,38.43018422,128.4086071
51,강원특별자치도,고성,,38.52721768,128.379295
51,강원특별자치도,고성,,38.32395326,128.4883932
51,강원특별자치도,고성,,38.24972892,128.4929257
47,경상북도,상주,,36.48268611,128.2213857
28,인천광역시,서구,,37.59528881,126.675576
11,서울특별시,구로,,37.48172969,126.8256354
41,경기도,의정부,,37.75399868,127.1160899
41,경기도,기흥,,37.25665947,127.0927476
46,전라남도,화순,,35.16254229,127.1404895
41,경기도,기흥,,37.27465949,127.0804218
47,경상북도,경산,,35.84507015,128.7788745
41,경기도,기흥,,37.24502538,127.1309965
41,경기도,기흥,,37.27198982,127.1506508
46,전라남도,화순,,35.00219016,127.124713
41,경기도,화성,,37.15496256,127.1115359
41,경기도,기흥,,37.28565559,127.1646314
41,경기도,남양주,,37.65352347,127.1434207
41,경기도,기흥,,37.26788995,127.1625807
51,강원특별자치도,고성,,38.43427116,128.3042592
51,강원특별자치도,양양,,38.09189401,128.6008041
51,강원특별자치도,양양,,38.010944,128.5249437
51,강원특별자치도,양양,,38.04771997,128.6524342
51,강원특별자치도,양양,,37.95053532,128.6463709
51,강원특별자치도,양양,,37.939412,128.7387879
27,대구광역시,군위,,36.2368878,128.5726582
27,대구광역시,군위,,36.26263576,128.4771332
27,대구광역시,군위,,36.1390643,128.5970841
27,대구광역시,군위,,36.06237804,128.6603416
27,대구광역시,군위,,36.16993433,128.6597707
27,대구광역시,군위,,36.17063795,128.7381285
27,대구광역시,군위,,36.10079682,128.7097378
27,대구광역시,군위,,36.15135682,128.8201521
26,부산광역시,사하,다대2동,35.05938776,128.9856499
26,부산광역시,사하,구평동,35.07335467,128.9904154
26,부산광역시,사하,감천1동,35.08756188,129.0025574
26,부산광역시,사하,감천2동,35.09368936,129.0088293
26,부산광역시,금정,서1동,35.2180641,129.0980342
26,부산광역시,금정,서2동,35.21288433,129.1044494
26,부산광역시,금정,서3동,35.22052133,129.1049359
26,부산광역시,금정,부곡1동,35.22447336,129.0961888
26,부산광역시,금정,부곡2동,35.23077805,129.0958198
26,부산광역시,금정,부곡3동,35.24663718,129.1145044
26,부산광역시,금정,부곡4동,35.21924442,129.0911685
26,부산광역시,금정,장전1동,35.24113423,129.0760216
26,부산광역시,금정,장전2동,35.23176537,129.0719924
26,부산광역시,금정,선두구동,35.28143,129.1115985
26,부산광역시,금정,청룡노포동,35.28563912,129.0791307
26,부산광역시,금정,남산동,35.26696319,129.0789141
26,부산광역시,금정,구서1동,35.24917609,129.0922127
26,부산광역시,금정,구서2동,35.25496322,129.0812497
26,부산광역시,금정,금성동,35.25480975,129.0541083
26,부산광역시,강서,대저1동,35.21049794,128.9674093
26,부산광역시,강서,대저2동,35.15869542,128.9420881
26,부산광역시,강서,강동동,35.18046585,128.9189369
26,부산광역시,강서,가락동,35.18462396,128.8947164
26,부산광역시,강서,녹산동,35.12593315,128.8566511
26,부산광역시,강서,가덕도동,35.0431593,128.8256776
26,부산광역시,연제,거제1동,35.19385757,129.0775082
26,부산광역시,연제,거제2동,35.18877704,129.0599389
26,부산광역시,연제,거제3동,35.18276042,129.0718024
26,부산광역시,연제,거제4동,35.18140017,129.0656672
26,부산광역시,연제,연산1동,35.18854684,129.089775
26,부산광역시,연제,연산2동,35.17227003,129.0812248
26,부산광역시,연제,연산3동,35.16745323,129.0909917
26,부산광역시,연제,연산4동,35.18425865,129.0865065
26,부산광역시,연제,연산5동,35.18388628,129.0781013
26,부산광역시,연제,연산6동,35.17224254,129.0885804
26,부산광역시,연제,연산8동,35.18654783,129.0970392
26,부산광역시,연제,연산9동,35.18409705,129.1067675
26,부산광역시,수영,남천1동,35.14403568,129.1080532
26,부산광역시,수영,남천2동,35.14337711,129.114404
26,부산광역시,수영,수영동,35.17042638,129.1177107
26,부산광역시,수영,망미1동,35.17151517,129.1009697
26,부산광역시,수영,망미2동,35.17745072,129.1149586
26,부산광역시,수영,광안1동,35.16252409,129.1097353
26,부산광역시,수영,광안2동,35.15446628,129.1155577
26,부산광역시,수영,광안3동,35.16775303,129.1106905
26,부산광역시,수영,광안4동,35.15593963,129.1054314
26,부산광역시,수영,민락동,35.15962245,129.1258473
26,부산광역시,사상,삼락동,35.17221491,128.9710596
26,부산광역시,사상,모라1동,35.18820329,128.98994
26,부산광역시,사상,모라3동,35.18312101,129.0076063
26,부산광역시,사상,덕포1동,35.16971906,128.9871317
26,부산광역시,사상,덕포2동,35.17635945,128.9889645
26,부산광역시,사상,괘법동,35.1662036,128.9931899
26,부산광역시,사상,감전동,35.14939161,128.9775319
26,부산광역시,사상,주례1동,35.15562355,129.0002871
11,서울특별시,종로,청운효자동,37.58459349,126.9704065
11,서울특별시,종로,사직동,37.57412506,126.970026
11,서울특별시,종로,삼청동,37.58786759,126.9811261
11,서울특별시,종로,부암동,37.59673294,126.9626027
11,서울특별시,종로,평창동,37.61402995,126.9692731
11,서울특별시,종로,무악동,37.57769743,126.9587949
11,서울특별시,종로,교남동,37.57102439,126.9641768
11,서울특별시,종로,가회동,37.58272454,126.986607
11,서울특별시,종로,"종로1,2,3,4가동",37.57512523,126.9898015
11,서울특별시,종로,"종로5,6가동",37.57286335,127.0043889
11,서울특별시,종로,이화동,37.57948616,127.0029543
11,서울특별시,종로,혜화동,37.58740327,126.9976873
11,서울특별시,종로,창신1동,37.5723912,127.0137788
11,서울특별시,종로,창신2동,37.57591836,127.0101977
11,서울특별시,종로,창신3동,37.57892247,127.0131685
11,서울특별시,종로,숭인1동,37.57726345,127.0168492
11,서울특별시,종로,숭인2동,37.57448038,127.0203184
11,서울특별시,중구,소공동,37.56434258,126.9742762
11,서울특별시,중구,회현동,37.5570114,126.9766528
11,서울특별시,중구,명동,37.56373494,126.9842577
11,서울특별시,중구,필동,37.55687366,126.9937415
11,서울특별시,중구,장충동,37.55557209,127.0021719
11,서울특별시,중구,광희동,37.5651595,127.0038018
11,서울특별시,중구,을지로동,37.56659803,126.9965204
11,서울특별시,중구,신당동,37.56573708,127.0136897
11,서울특별시,중구,다산동,37.55485161,127.0082959
11,서울특별시,중구,약수동,37.54992217,127.0101864
11,서울특별시,중구,청구동,37.55685123,127.0152084
11,서울특별시,중구,신당5동,37.56365173,127.0218019
11,서울특별시,중구,동화동,37.56072926,127.0186329
11,서울특별시,중구,황학동,37.56852496,127.0207978
11,서울특별시,중구,중림동,37.55730118,126.9659097
11,서울특별시,용산,후암동,37.54990904,126.9806006
11,서울특별시,용산,용산2가동,37.54030951,126.9835607
11,서울특별시,용산,남영동,37.54531365,126.9735054
11,서울특별시,용산,청파동,37.54768276,126.9670111
11,서울특별시,용산,원효로제1동,37.53744697,126.9664757
11,서울특별시,용산,원효로2동,37.53298163,126.9511917
11,서울특별시,용산,효창동,37.54300871,126.9610582
11,서울특별시,용산,용문동,37.53801388,126.9584735
11,서울특별시,용산,한강로동,37.52852926,126.9705179
11,서울특별시,용산,이촌1동,37.51722348,126.9710251
11,서울특별시,용산,이촌2동,37.52324101,126.9539183
11,서울특별시,용산,이태원1동,37.53336054,126.9932375
11,서울특별시,용산,이태원2동,37.54174941,126.9921098
11,서울특별시,용산,한남동,37.53715043,127.005811
11,서울특별시,용산,서빙고동,37.5213083,126.9907639
11,서울특별시,용산,보광동,37.52576285,127.001331
11,서울특별시,성동,왕십리2동,37.5614596,127.0276876
11,서울특별시,성동,왕십리도선동,37.56682163,127.0295875
11,서울특별시,성동,마장동,37.56767269,127.0405526
11,서울특별시,성동,사근동,37.55807349,127.0453209
11,서울특별시,성동,행당1동,37.55902564,127.0360939
11,서울특별시,성동,행당2동,37.55665279,127.0296024
11,서울특별시,성동,응봉동,37.5509844,127.0337545
11,서울특별시,성동,금호1가동,37.55364832,127.0248772
11,서울특별시,성동,"금호2,3가동",37.55131272,127.0198595
11,서울특별시,성동,금호4가동,37.54455388,127.0244159
11,서울특별시,성동,옥수동,37.54200387,127.0160873
11,서울특별시,성동,성수1가1동,37.54050886,127.0410391
11,서울특별시,성동,성수1가2동,37.54912679,127.0439057
11,서울특별시,성동,성수2가1동,37.53662674,127.0553516
11,서울특별시,성동,성수2가3동,37.54554061,127.0581112
11,서울특별시,성동,송정동,37.55231596,127.065705
11,서울특별시,성동,용답동,37.55858492,127.0578394
11,서울특별시,광진,화양동,37.54341268,127.0731289
11,서울특별시,광진,군자동,37.55305311,127.0736626
11,서울특별시,광진,중곡1동,37.56201878,127.0777286
11,서울특별시,광진,중곡2동,37.55888736,127.0845665
11,서울특별시,광진,중곡3동,37.56786943,127.082006
11,서울특별시,광진,중곡4동,37.56387807,127.0944553
11,서울특별시,광진,능동,37.5505883,127.0817516
11,서울특별시,광진,광장동,37.54847652,127.1050159
11,서울특별시,광진,자양1동,37.5359546,127.0804253
11,서울특별시,광진,자양2동,37.52930881,127.0832354
11,서울특별시,광진,자양3동,37.53169751,127.0711893
11,서울특별시,광진,자양4동,37.53387463,127.0637671
11,서울특별시,광진,구의1동,37.54147107,127.0860344
11,서울특별시,광진,구의2동,37.55103519,127.0946014
11,서울특별시,광진,구의3동,37.5350904,127.0952224
11,서울특별시,동대문,용신동,37.5755718,127.0323393
11,서울특별시,동대문,제기동,37.58372536,127.0372081
11,서울특별시,동대문,전농1동,37.57915703,127.0510337
11,서울특별시,동대문,전농2동,37.58064623,127.0611129
11,서울특별시,동대문,답십리1동,37.57090357,127.0519503
11,서울특별시,동대문,답십리2동,37.57104721,127.0613015
11,서울특별시,동대문,장안1동,37.56623538,127.0685955
11,서울특별시,동대문,장안2동,37.57574905,127.0726622
11,서울특별시,동대문,청량리동,37.58882736,127.0452476
11,서울특별시,동대문,회기동,37.59398022,127.05167
11,서울특별시,동대문,휘경1동,37.59191357,127.0624672
11,서울특별시,동대문,휘경2동,37.58640877,127.0664329
11,서울특별시,동대문,이문1동,37.59737396,127.0607571
11,서울특별시,동대문,이문2동,37.60272169,127.0674739
11,서울특별시,중랑,면목2동,37.58931894,127.0779814
11,서울특별시,중랑,면목4동,37.57342005,127.0863216
11,서울특별시,중랑,면목5동,37.58288313,127.07976
11,서울특별시,중랑,면목본동,37.58833438,127.0894354
11,서울특별시,중랑,면목7동,37.57723256,127.0927599
11,서울특별시,중랑,"면목3,8동",37.58465192,127.0973747
11,서울특별시,중랑,상봉1동,37.60187938,127.0893172
11,서울특별시,중랑,상봉2동,37.59422247,127.083884
11,서울특별시,중랑,중화1동,37.6024871,127.0829783
11,서울특별시,중랑,중화2동,37.59867829,127.0751495
11,서울특별시,중랑,묵1동,37.61374241,127.0824155
11,서울특별시,중랑,묵2동,37.61028642,127.0746405
11,서울특별시,중랑,망우본동,37.60195133,127.1074878
11,서울특별시,중랑,망우3동,37.59179024,127.102821
11,서울특별시,중랑,신내1동,37.61289538,127.104442
11,서울특별시,중랑,신내2동,37.61102969,127.0915581
11,서울특별시,성북,성북동,37.5958281,126.9960736
11,서울특별시,성북,삼선동,37.58657398,127.0117165
11,서울특별시,성북,동선동,37.59368809,127.018499
11,서울특별시,성북,돈암1동,37.59948783,127.0243655
11,서울특별시,성북,돈암2동,37.59713407,127.0116162
11,서울특별시,성북,안암동,37.58728189,127.0272292
11,서울특별시,성북,보문동,37.58281469,127.0191141
11,서울특별시,성북,정릉1동,37.60350364,127.0171364
11,서울특별시,성북,정릉2동,37.60357863,127.0082002
11,서울특별시,성북,정릉3동,37.61217979,126.9937238
11,서울특별시,성북,정릉4동,37.62341809,126.9952062
11,서울특별시,성북,길음1동,37.6082801,127.019967
11,서울특별시,성북,길음2동,37.60821765,127.0271392
11,서울특별시,성북,종암동,37.59721879,127.0334532
11,서울특별시,성북,월곡1동,37.60781434,127.036546
11,서울특별시,성북,월곡2동,37.60318849,127.0452305
11,서울특별시,성북,장위1동,37.61510674,127.0446481
11,서울특별시,성북,장위2동,37.61232417,127.051803
11,서울특별시,성북,장위3동,37.61827653,127.0534425
11,서울특별시,성북,석관동,37.60820914,127.0615427
11,서울특별시,강북,삼양동,37.62382185,127.0147349
11,서울특별시,강북,미아동,37.62863998,127.0263514
11,서울특별시,강북,송중동,37.61768514,127.0330201
11,서울특별시,강북,송천동,37.61819166,127.0249032
11,서울특별시,강북,삼각산동,37.61713288,127.0165892
11,서울특별시,강북,우이동,37.66028602,127.0003051
11,서울특별시,강북,인수동,37.6376216,127.0038093
11,서울특별시,도봉,창1동,37.64713506,127.0434447
11,서울특별시,도봉,창2동,37.6424851,127.0367477
11,서울특별시,도봉,창3동,37.63738838,127.0417016
11,서울특별시,도봉,창4동,37.65273734,127.0508704
11,서울특별시,도봉,창5동,37.65536337,127.0427402
11,서울특별시,도봉,도봉1동,37.68505251,127.0267133
11,서울특별시,도봉,도봉2동,37.68099343,127.0477853
11,서울특별시,도봉,쌍문1동,37.65308037,127.0194862
11,서울특별시,도봉,쌍문2동,37.65708333,127.0369076
11,서울특별시,도봉,쌍문3동,37.64764392,127.0305693
11,서울특별시,도봉,쌍문4동,37.65536298,127.0304467
11,서울특별시,도봉,방학1동,37.66504141,127.0434199
11,서울특별시,도봉,방학2동,37.66910754,127.0323499
11,서울특별시,도봉,방학3동,37.66269571,127.0235679
11,서울특별시,노원,월계1동,37.62156196,127.0588763
11,서울특별시,노원,월계2동,37.63405868,127.0512233
11,서울특별시,노원,월계3동,37.62482313,127.0648786
11,서울특별시,노원,공릉1동,37.62411359,127.0727578
11,서울특별시,노원,공릉2동,37.63155999,127.0941915
11,서울특별시,노원,하계1동,37.63851789,127.0747863
11,서울특별시,노원,하계2동,37.63495089,127.0647802
11,서울특별시,노원,중계본동,37.64824324,127.0857374
11,서울특별시,노원,중계1동,37.65009794,127.0736414
11,서울특별시,노원,중계4동,37.65906914,127.0830966
11,서울특별시,노원,"중계2,3동",37.64339707,127.0658346
11,서울특별시,노원,상계1동,37.68327725,127.0653503
11,서울특별시,노원,상계2동,37.65660113,127.0671265
11,서울특별시,노원,"상계3,4동",37.67514087,127.0831802
11,서울특별시,노원,상계5동,37.66331935,127.0695703
11,서울특별시,노원,"상계6,7동",37.64866415,127.0601035
11,서울특별시,노원,상계8동,37.66627127,127.0536753
11,서울특별시,노원,상계9동,37.66804006,127.0625795
11,서울특별시,노원,상계10동,37.65966445,127.0583431
11,서울특별시,은평,녹번동,37.60540102,126.9351152
11,서울특별시,은평,불광1동,37.61713595,126.9408063
11,서울특별시,은평,불광2동,37.62313869,126.9281702
11,서울특별시,은평,갈현1동,37.62515554,126.9148648
11,서울특별시,은평,갈현2동,37.61813877,126.9122376
11,서울특별시,은평,구산동,37.61108579,126.907587
11,서울특별시,은평,대조동,37.61232831,126.9231321
11,서울특별시,은평,응암1동,37.59822445,126.9271365
11,서울특별시,은평,응암2동,37.5922551,126.9238918
11,서울특별시,은평,응암3동,37.58931585,126.9183233
11,서울특별시,은평,역촌동,37.60460643,126.9145278
11,서울특별시,은평,신사1동,37.5989994,126.9088197
11,서울특별시,은평,신사2동,37.59282208,126.9063132
11,서울특별시,은평,증산동,37.58363986,126.9056416
11,서울특별시,은평,수색동,37.58592037,126.8946598
11,서울특별시,은평,진관동,37.63922495,126.9403566
11,서울특별시,서대문,천연동,37.57111468,126.9572956
11,서울특별시,서대문,북아현동,37.55919996,126.9552162
11,서울특별시,서대문,충현동,37.56399921,126.958146
11,서울특별시,서대문,신촌동,37.56366992,126.9413231
11,서울특별시,서대문,연희동,37.5719018,126.9328604
11,서울특별시,서대문,홍제1동,37.58165771,126.9452331
11,서울특별시,서대문,홍제3동,37.59198339,126.9512497
11,서울특별시,서대문,홍제2동,37.58436035,126.9526033
11,서울특별시,서대문,홍은1동,37.60005242,126.946934
11,서울특별시,서대문,홍은2동,37.58692806,126.9320987
11,서울특별시,서대문,남가좌1동,37.57174686,126.9159443
11,서울특별시,서대문,남가좌2동,37.57771529,126.9213176
11,서울특별시,서대문,북가좌1동,37.57541902,126.9078389
11,서울특별시,서대문,북가좌2동,37.58103657,126.9134355
11,서울특별시,마포,아현동,37.55100153,126.9528327
11,서울특별시,마포,공덕동,37.54961249,126.9583637
11,서울특별시,마포,도화동,37.53702138,126.9468018
11,서울특별시,마포,용강동,37.54063232,126.9412937
11,서울특별시,마포,대흥동,37.55203455,126.9414556
11,서울특별시,마포,염리동,37.54984629,126.9475077
11,서울특별시,마포,신수동,37.5436071,126.9335477
11,서울특별시,마포,서강동,37.54593602,126.9251257
11,서울특별시,마포,서교동,37.55480057,126.9210288
11,서울특별시,마포,합정동,37.54689477,126.9088614
11,서울특별시,마포,망원1동,37.55275872,126.9002003
11,서울특별시,마포,망원2동,37.55709576,126.8956672
11,서울특별시,마포,연남동,37.5629832,126.9215418
11,서울특별시,마포,성산1동,37.56195526,126.9118178
11,서울특별시,마포,성산2동,37.56806153,126.9020013
11,서울특별시,마포,상암동,37.57175011,126.8807804
11,서울특별시,양천,목1동,37.52739563,126.8750598
11,서울특별시,양천,목2동,37.54360241,126.8743027
11,서울특별시,양천,목3동,37.54514346,126.86555
11,서울특별시,양천,목4동,37.53534119,126.8669361
11,서울특별시,양천,목5동,37.53632304,126.881095
11,서울특별시,양천,신월1동,37.53123854,126.834492
11,서울특별시,양천,신월2동,37.52337357,126.8463002
11,서울특별시,양천,신월3동,37.53229263,126.8274614
11,서울특별시,양천,신월4동,37.5221367,126.8398391
11,서울특별시,양천,신월5동,37.54003862,126.8299263
11,서울특별시,양천,신월6동,37.5160022,126.8421593
11,서울특별시,양천,신월7동,37.51851267,126.8304403
11,서울특별시,양천,신정1동,37.51882605,126.8597606
11,서울특별시,양천,신정2동,37.5191491,126.8752626
11,서울특별시,양천,신정3동,37.51131426,126.8420799
11,서울특별시,양천,신정4동,37.52539532,126.8575641
11,서울특별시,양천,신정6동,37.51585487,126.8698807
11,서울특별시,양천,신정7동,37.51011822,126.8647871
11,서울특별시,강서,염창동,37.55320235,126.8754264
11,서울특별시,강서,등촌1동,37.5558541,126.8596073
11,서울특별시,강서,등촌2동,37.54582578,126.8600134
11,서울특별시,강서,등촌3동,37.56114418,126.8462796
11,서울특별시,강서,화곡1동,37.53376352,126.8409155
11,서울특별시,강서,화곡2동,37.53224394,126.8543676
11,서울특별시,강서,화곡3동,37.54398304,126.8343186
11,서울특별시,강서,화곡4동,37.53607427,126.8585856
11,서울특별시,강서,화곡본동,37.54250886,126.8482517
11,서울특별시,강서,화곡6동,37.55176287,126.8512072
11,서울특별시,강서,화곡8동,37.53409901,126.8485987
11,서울특별시,강서,가양1동,37.57247729,126.8337009
11,서울특별시,강서,가양2동,37.56867881,126.8539283
11,서울특별시,강서,가양3동,37.56271464,126.862217
11,서울특별시,강서,발산1동,37.55031965,126.8252808
11,서울특별시,강서,우장산동,37.55061025,126.8410842
11,서울특별시,강서,공항동,37.55656665,126.7949042
11,서울특별시,강서,방화1동,37.570029,126.8157136
11,서울특별시,강서,방화2동,37.5836975,126.8047376
11,서울특별시,강서,방화3동,37.58154901,126.815612
11,서울특별시,구로,신도림동,37.50976629,126.8823555
11,서울특별시,구로,구로1동,37.49327621,126.8756728
11,서울특별시,구로,구로2동,37.4974396,126.8791442
11,서울특별시,구로,구로3동,37.48480895,126.8949543
11,서울특별시,구로,구로4동,37.49146479,126.8901136
11,서울특별시,구로,구로5동,37.50236481,126.8886997
11,서울특별시,구로,가리봉동,37.48267323,126.8880381
11,서울특별시,구로,고척1동,37.50079273,126.8633385
11,서울특별시,구로,고척2동,37.50586559,126.8533766
11,서울특별시,구로,개봉1동,37.49989632,126.8495867
11,서울특별시,구로,개봉2동,37.49263971,126.8565479
11,서울특별시,구로,개봉3동,37.4867468,126.8521287
11,서울특별시,구로,오류1동,37.4969125,126.841515
11,서울특별시,구로,오류2동,37.48425843,126.8347237
11,서울특별시,구로,수궁동,37.49845858,126.8260694
11,서울특별시,금천,가산동,37.4768781,126.884306
11,서울특별시,금천,독산1동,37.46423338,126.8928041
11,서울특별시,금천,독산2동,37.46384943,126.9024513
11,서울특별시,금천,독산3동,37.47582969,126.9045366
11,서울특별시,금천,독산4동,37.46908167,126.9041947
11,서울특별시,금천,시흥1동,37.45282131,126.9002158
11,서울특별시,금천,시흥2동,37.4505692,126.9201109
11,서울특별시,금천,시흥3동,37.4402415,126.9058793
11,서울특별시,금천,시흥4동,37.46011184,126.9092302
11,서울특별시,금천,시흥5동,37.44872768,126.9123463
11,서울특별시,영등포,영등포본동,37.5136689,126.9095385
11,서울특별시,영등포,영등포동,37.52158983,126.9077475
11,서울특별시,영등포,여의동,37.52748186,126.927475
11,서울특별시,영등포,당산1동,37.52390524,126.8968284
11,서울특별시,영등포,당산2동,37.53296934,126.9037762
11,서울특별시,영등포,도림동,37.50922893,126.900945
11,서울특별시,영등포,문래동,37.51636828,126.8914239
11,서울특별시,송파,방이1동,37.50977407,127.1223171
11,서울특별시,송파,방이2동,37.51321566,127.1138347
11,서울특별시,송파,오륜동,37.51755911,127.1285264
11,서울특별시,송파,오금동,37.50400179,127.1341639
11,서울특별시,송파,송파1동,37.50717884,127.1103727
11,서울특별시,송파,송파2동,37.50279253,127.1169334
11,서울특별시,송파,석촌동,37.50274422,127.1025128
11,서울특별시,송파,삼전동,37.50170136,127.0919016
11,서울특별시,송파,가락본동,37.49702985,127.1216562
11,서울특별시,송파,가락1동,37.49527851,127.1081864
11,서울특별시,송파,가락2동,37.49584303,127.1307572
11,서울특별시,송파,문정1동,37.4884305,127.1268425
11,서울특별시,송파,문정2동,37.48065884,127.1191617
11,서울특별시,송파,위례동,37.48141515,127.1410707
11,서울특별시,송파,잠실본동,37.5054806,127.0822732
11,서울특별시,송파,잠실2동,37.51768473,127.0788065
11,서울특별시,송파,잠실3동,37.5136267,127.0942986
11,서울특별시,송파,잠실4동,37.52120496,127.1081508
11,서울특별시,송파,잠실6동,37.51903474,127.0999733
11,서울특별시,송파,잠실7동,37.50744292,127.0740813
11,서울특별시,강동,강일동,37.56374626,127.1740787
11,서울특별시,강동,명일1동,37.55029756,127.1459279
11,서울특별시,강동,명일2동,37.54824439,127.1543345
11,서울특별시,강동,고덕1동,37.56335628,127.1502175
11,서울특별시,강동,고덕2동,37.56585015,127.1615518
11,서울특별시,강동,암사1동,37.55182867,127.134568
11,서울특별시,강동,암사2동,37.55739756,127.1232082
11,서울특별시,강동,암사3동,37.56141587,127.1384608
11,서울특별시,강동,천호1동,37.54631249,127.1385461
11,서울특별시,강동,천호2동,37.54471409,127.1222504
11,서울특별시,강동,천호3동,37.53966713,127.1333107
11,서울특별시,강동,성내1동,37.52873886,127.1255201
11,서울특별시,강동,성내2동,37.5343442,127.1276591
11,서울특별시,강동,성내3동,37.52837825,127.1337785
11,서울특별시,강동,길동,37.53974631,127.1458895
11,서울특별시,강동,둔촌1동,37.52312401,127.140428
11,서울특별시,강동,둔촌2동,37.53148163,127.1473594
26,부산광역시,중구,중앙동,35.10491469,129.0384563
26,부산광역시,중구,동광동,35.10402845,129.0344318
26,부산광역시,중구,대청동,35.10532149,129.0310351
26,부산광역시,중구,보수동,35.10633364,129.0251141
26,부산광역시,중구,부평동,35.10121476,129.0252039
26,부산광역시,중구,광복동,35.10032972,129.0311223
26,부산광역시,중구,남포동,35.09747665,129.0301109
26,부산광역시,중구,영주1동,35.11182016,129.0351862
26,부산광역시,중구,영주2동,35.11249802,129.0304333
26,부산광역시,서구,동대신1동,35.11003557,129.0222675
26,부산광역시,서구,동대신2동,35.11353229,129.0232825
26,부산광역시,서구,동대신3동,35.12237851,129.0213768
26,부산광역시,서구,서대신1동,35.10896048,129.0124277
26,부산광역시,서구,서대신3동,35.11428916,129.0081175
26,부산광역시,서구,서대신4동,35.12752161,129.0103539
26,부산광역시,서구,부민동,35.10470302,129.017861
26,부산광역시,서구,아미동,35.10045753,129.0132655
26,부산광역시,서구,초장동,35.09471822,129.0174719
26,부산광역시,서구,충무동,35.09747057,129.0227639
26,부산광역시,서구,남부민1동,35.09021469,129.0211705
26,부산광역시,서구,남부민2동,35.08500461,129.0213974
26,부산광역시,서구,암남동,35.07042547,129.0144138
26,부산광역시,동구,초량1동,35.1149309,129.0371251
26,부산광역시,동구,초량2동,35.11790431,129.0352903
26,부산광역시,동구,초량3동,35.11996782,129.0450152
26,부산광역시,동구,초량6동,35.12388431,129.030559
26,부산광역시,동구,수정1동,35.12498781,129.0405364
26,부산광역시,동구,수정2동,35.13199623,129.0391997
26,부산광역시,동구,수정4동,35.13040819,129.0334495
26,부산광역시,동구,수정5동,35.1363757,129.041856
26,부산광역시,동구,좌천동,35.13420646,129.0506486
26,부산광역시,동구,범일1동,35.14122078,129.048044
26,부산광역시,동구,범일2동,35.13608476,129.0617915
26,부산광역시,동구,범일5동,35.12679404,129.0571343
26,부산광역시,영도,남항동,35.08917223,129.0370407
26,부산광역시,영도,영선1동,35.08920575,129.0431252
26,부산광역시,영도,영선2동,35.07963509,129.0470634
26,부산광역시,영도,신선동,35.08484008,129.0489049
26,부산광역시,영도,봉래1동,35.09433123,129.043021
26,부산광역시,영도,봉래2동,35.09314159,129.0508618
26,부산광역시,영도,청학1동,35.0961605,129.056918
26,부산광역시,영도,청학2동,35.08968113,129.0633736
26,부산광역시,영도,동삼1동,35.07492321,129.0675986
26,부산광역시,영도,동삼2동,35.06356194,129.0830594
26,부산광역시,영도,동삼3동,35.08401099,129.0684553
26,부산광역시,부산진,부전1동,35.16403257,129.059437
26,부산광역시,부산진,부전2동,35.15462519,129.0572153
26,부산광역시,부산진,연지동,35.1716744,129.0537059
26,부산광역시,부산진,초읍동,35.18561217,129.0407643
26,부산광역시,부산진,양정1동,35.17221545,129.0670174
26,부산광역시,부산진,양정2동,35.1728498,129.0754944
26,부산광역시,부산진,전포1동,35.1546167,129.0718386
26,부산광역시,부산진,전포2동,35.16241045,129.0697678
26,부산광역시,부산진,부암1동,35.16464323,129.0492185
26,부산광역시,부산진,부암3동,35.17509275,129.0339144
26,부산광역시,부산진,당감1동,35.16888884,129.0236901
26,부산광역시,부산진,당감2동,35.15916782,129.042009
26,부산광역시,부산진,당감4동,35.17086771,129.0300572
26,부산광역시,부산진,가야1동,35.14705298,129.0351377
26,부산광역시,부산진,가야2동,35.14565116,129.0265328
26,부산광역시,부산진,개금1동,35.15139424,129.0217343
26,부산광역시,부산진,개금2동,35.14210687,129.0184205
26,부산광역시,부산진,개금3동,35.16010819,129.0217681
26,부산광역시,부산진,범천1동,35.14594167,129.0603083
26,부산광역시,부산진,범천2동,35.14883962,129.0493054
26,부산광역시,동래,수민동,35.19777248,129.0887824
26,부산광역시,동래,복산동,35.20564261,129.0902269
26,부산광역시,동래,명륜동,35.21100156,129.0851458
26,부산광역시,동래,온천1동,35.22057878,129.0742169
26,부산광역시,동래,온천2동,35.21385929,129.0655018
26,부산광역시,동래,온천3동,35.20609841,129.0640329
26,부산광역시,동래,사직1동,35.19876806,129.0628075
26,부산광역시,동래,사직2동,35.19884353,129.0533911
26,부산광역시,동래,사직3동,35.19889878,129.0712519
26,부산광역시,동래,안락1동,35.19891688,129.0987295
26,부산광역시,동래,안락2동,35.19430553,129.1096456
26,부산광역시,동래,명장1동,35.20471709,129.1067799
26,부산광역시,동래,명장2동,35.20933982,129.0982566
26,부산광역시,남구,대연1동,35.1326793,129.0887861
26,부산광역시,남구,대연3동,35.14552678,129.0960891
26,부산광역시,남구,대연4동,35.1275195,129.0911544
26,부산광역시,남구,대연5동,35.14145156,129.0895648
26,부산광역시,남구,대연6동,35.13822026,129.0821167
26,부산광역시,남구,용호1동,35.12585405,129.1099309
26,부산광역시,남구,용호2동,35.10814308,129.1191534
26,부산광역시,남구,용호3동,35.12175123,129.1195085
26,부산광역시,남구,용호4동,35.10293333,129.1049822
26,부산광역시,남구,용당동,35.11323662,129.0971183
26,부산광역시,남구,감만1동,35.11188205,129.0785917
26,부산광역시,남구,감만2동,35.12138397,129.0846822
26,부산광역시,남구,우암동,35.12600841,129.0757694
26,부산광역시,남구,문현1동,35.14639986,129.0768408
26,부산광역시,남구,문현2동,35.14461016,129.0667341
26,부산광역시,남구,문현3동,35.13887099,129.0736241
26,부산광역시,남구,문현4동,35.13289648,129.07079
26,부산광역시,북구,구포1동,35.20628235,129.0049801
26,부산광역시,북구,구포2동,35.1993765,128.9969861
26,부산광역시,북구,구포3동,35.19527779,129.0138393
26,부산광역시,북구,금곡동,35.26303389,129.0242323
26,부산광역시,북구,화명1동,35.23071683,129.0281598
26,부산광역시,북구,화명2동,35.24647957,129.0325776
26,부산광역시,북구,화명3동,35.2325028,129.0052117
26,부산광역시,북구,덕천1동,35.21661418,129.0177057
26,부산광역시,북구,덕천2동,35.21544405,129.0042425
26,부산광역시,북구,덕천3동,35.20674294,129.0186498
26,부산광역시,북구,만덕1동,35.22072785,129.0413897
26,부산광역시,북구,만덕2동,35.20517229,129.0387633
26,부산광역시,북구,만덕3동,35.20502765,129.0269955
26,부산광역시,해운대,우1동,35.17335654,129.1565651
26,부산광역시,해운대,우2동,35.17771721,129.1418503
26,부산광역시,해운대,중1동,35.16377156,129.1696315
26,부산광역시,해운대,중2동,35.1611032,129.1841839
26,부산광역시,해운대,좌1동,35.17389845,129.1760293
26,부산광역시,해운대,좌2동,35.17009124,129.1843844
26,부산광역시,해운대,좌3동,35.17299982,129.1672554
26,부산광역시,해운대,좌4동,35.19035808,129.1727347
26,부산광역시,해운대,송정동,35.1848362,129.1981689
26,부산광역시,사상,주례2동,35.15219721,129.0106618
26,부산광역시,사상,주례3동,35.14526072,129.0013534
26,부산광역시,사상,학장동,35.13792028,128.9889148
26,부산광역시,사상,엄궁동,35.12697008,128.9721429
26,부산광역시,기장,기장읍,35.2259636,129.2078025
26,부산광역시,기장,장안읍,35.34965026,129.2470803
26,부산광역시,기장,정관읍,35.33554027,129.1790764
26,부산광역시,기장,철마면,35.28194673,129.1545702
27,대구광역시,중구,동인동,35.8702773,128.6075352
27,대구광역시,중구,삼덕동,35.86524828,128.60424
27,대구광역시,중구,성내1동,35.86884562,128.597212
27,대구광역시,중구,성내2동,35.87083752,128.5893086
27,대구광역시,중구,성내3동,35.87493633,128.5825641
27,대구광역시,중구,대신동,35.86731614,128.5790034
27,대구광역시,중구,남산1동,35.8599819,128.5926794
27,대구광역시,중구,남산2동,35.86421273,128.5882884
27,대구광역시,중구,남산3동,35.85990759,128.5859908
27,대구광역시,중구,남산4동,35.86093573,128.5792341
27,대구광역시,중구,대봉1동,35.85937046,128.6046461
27,대구광역시,중구,대봉2동,35.8577016,128.5986838
27,대구광역시,동구,신암1동,35.88542264,128.6185056
27,대구광역시,동구,신암2동,35.87786072,128.6121093
27,대구광역시,동구,신암3동,35.87987271,128.621237
27,대구광역시,동구,신암4동,35.88477061,128.6284894
27,대구광역시,동구,신암5동,35.88913545,128.6344035
27,대구광역시,동구,"신천1,2동",35.8721172,128.6160155
27,대구광역시,동구,신천3동,35.87266609,128.6224688
27,대구광역시,동구,신천4동,35.87297788,128.6297925
27,대구광역시,동구,효목1동,35.88217211,128.6463095
27,대구광역시,동구,효목2동,35.87729565,128.6382502
27,대구광역시,동구,도평동,35.92849711,128.6881564
27,대구광역시,동구,"불로,봉무동",35.92113716,128.6416749
27,대구광역시,동구,지저동,35.90002013,128.6422561
27,대구광역시,동구,동촌동,35.89496498,128.6561731
27,대구광역시,동구,방촌동,35.87818701,128.6647906
27,대구광역시,동구,해안동,35.89861179,128.6852585
27,대구광역시,동구,안심1동,35.86552163,128.6959546
27,대구광역시,동구,안심2동,35.90293686,128.7138322
27,대구광역시,동구,공산동,35.97537157,128.6771226
27,대구광역시,서구,내당1동,35.86212115,128.5616398
27,대구광역시,서구,"내당2,3동",35.86530811,128.571474
27,대구광역시,서구,내당4동,35.85928816,128.5508273
27,대구광역시,서구,비산1동,35.88199243,128.5666066
27,대구광역시,서구,"비산2,3동",35.87658179,128.5744646
27,대구광역시,서구,비산4동,35.86997907,128.5724092
27,대구광역시,서구,비산5동,35.88643019,128.568172
27,대구광역시,서구,비산6동,35.87583296,128.5693314
27,대구광역시,서구,비산7동,35.88747883,128.549518
27,대구광역시,서구,평리1동,35.87653138,128.5653058
27,대구광역시,서구,평리2동,35.86929191,128.5657485
27,대구광역시,서구,평리3동,35.87610102,128.55882
27,대구광역시,서구,평리4동,35.8676584,128.5579835
27,대구광역시,서구,평리5동,35.87228446,128.5508424
27,대구광역시,서구,평리6동,35.87932162,128.5499579
27,대구광역시,서구,상중이동,35.87296794,128.5345532
27,대구광역시,서구,원대동,35.88404698,128.5766227
27,대구광역시,남구,이천동,35.85165737,128.6018316
27,대구광역시,남구,봉덕1동,35.84662149,128.5980082
27,대구광역시,남구,봉덕2동,35.82453687,128.5982923
27,대구광역시,남구,봉덕3동,35.83238952,128.5925487
27,대구광역시,남구,대명1동,35.84298867,128.5761624
27,대구광역시,남구,대명2동,35.85237236,128.5894937
27,대구광역시,남구,대명3동,35.8530193,128.5793884
27,대구광역시,남구,대명4동,35.84665118,128.5711236
27,대구광역시,남구,대명5동,35.84468991,128.585836
27,대구광역시,남구,대명6동,35.82933643,128.570316
27,대구광역시,남구,대명9동,35.82863133,128.5806312
27,대구광역시,남구,대명10동,35.8407113,128.5667206
27,대구광역시,남구,대명11동,35.83145953,128.562414
27,대구광역시,북구,고성동,35.88130803,128.5851829
27,대구광역시,북구,칠성동,35.8796885,128.5970573
27,대구광역시,북구,침산1동,35.89946353,128.5844252
27,대구광역시,북구,침산2동,35.88737718,128.5961889
27,대구광역시,북구,침산3동,35.89220593,128.5883
27,대구광역시,북구,산격1동,35.89738851,128.5975855
27,대구광역시,북구,산격2동,35.90651917,128.6075795
27,대구광역시,북구,산격3동,35.89229057,128.6101858
27,대구광역시,북구,산격4동,35.89510006,128.6033062
27,대구광역시,북구,대현동,35.88306756,128.6074913
27,대구광역시,북구,복현1동,35.89323997,128.6171718
27,대구광역시,북구,복현2동,35.8988044,128.623329
27,대구광역시,북구,검단동,35.91724984,128.6222805
27,대구광역시,북구,무태조야동,35.93758691,128.6017698
27,대구광역시,북구,관문동,35.90505802,128.5369752
27,대구광역시,북구,태전1동,35.92593824,128.5400475
27,대구광역시,북구,태전2동,35.91883751,128.5506978
27,대구광역시,북구,구암동,35.93245577,128.5675154
27,대구광역시,북구,관음동,35.94513014,128.5404121
27,대구광역시,북구,읍내동,35.95899878,128.5436347
27,대구광역시,북구,동천동,35.93941891,128.5592133
27,대구광역시,북구,노원동,35.89470689,128.5694708
27,대구광역시,북구,국우동,35.96010931,128.5814224
27,대구광역시,수성,범어1동,35.85385688,128.6271072
27,대구광역시,수성,범어2동,35.86290783,128.6333919
27,대구광역시,수성,범어3동,35.86424638,128.6229769
27,대구광역시,수성,범어4동,35.85400866,128.6383464
27,대구광역시,수성,만촌1동,35.87123023,128.6491562
27,대구광역시,수성,만촌2동,35.86170401,128.6506513
27,대구광역시,수성,만촌3동,35.85081239,128.6504169
27,대구광역시,수성,수성1가동,35.85489706,128.6109909
27,대구광역시,수성,"수성2,3가동",35.8553367,128.6175643
27,대구광역시,수성,수성4가동,35.86281307,128.6161374
27,대구광역시,수성,황금1동,35.8410544,128.6381384
27,대구광역시,수성,황금2동,35.84521875,128.622731
27,대구광역시,수성,중동,35.84485437,128.6121175
27,대구광역시,수성,상동,35.833399,128.6118068
27,대구광역시,수성,파동,35.81331871,128.6130322
27,대구광역시,수성,두산동,35.82876794,128.6209126
27,대구광역시,수성,지산1동,35.83026441,128.6379638
27,대구광역시,수성,지산2동,35.81835025,128.6321572
27,대구광역시,수성,범물1동,35.81024445,128.6605126
27,대구광역시,수성,범물2동,35.81040892,128.6439577
27,대구광역시,수성,고산1동,35.81169845,128.6995381
27,대구광역시,수성,고산2동,35.83867601,128.6773257
27,대구광역시,수성,고산3동,35.84956667,128.7142408
27,대구광역시,달서,성당동,35.84463242,128.5564319
27,대구광역시,달서,두류1.2동,35.85653458,128.5673183
27,대구광역시,달서,두류3동,35.85170528,128.5550609
27,대구광역시,달서,감삼동,35.84804572,128.539972
27,대구광역시,달서,죽전동,35.85467153,128.5389622
27,대구광역시,달서,장기동,35.84286057,128.5198607
27,대구광역시,달서,용산1동,35.85572268,128.5284725
27,대구광역시,달서,용산2동,35.85959655,128.5197572
27,대구광역시,달서,이곡1동,35.85693619,128.5113504
27,대구광역시,달서,이곡2동,35.85056901,128.5036511
27,대구광역시,달서,신당동,35.84864137,128.4853488
27,대구광역시,달서,본리동,35.83995769,128.5383622
27,대구광역시,달서,월성1동,35.8238634,128.5253177
27,대구광역시,달서,월성2동,35.82736402,128.5029036
27,대구광역시,달서,진천동,35.80378086,128.5250893
27,대구광역시,달서,상인1동,35.81962356,128.541112
27,대구광역시,달서,상인2동,35.81307546,128.538558
27,대구광역시,달서,상인3동,35.8117437,128.5654226
27,대구광역시,달서,도원동,35.7953752,128.5581411
27,대구광역시,달서,송현1동,35.82203223,128.557352
27,대구광역시,달서,송현2동,35.83091766,128.5482275
27,대구광역시,달서,본동,35.83369787,128.5396606
27,대구광역시,달성,화원읍,35.78650252,128.5115943
27,대구광역시,달성,논공읍,35.75175548,128.4346036
27,대구광역시,달성,다사읍,35.87198907,128.4660801
27,대구광역시,달성,가창면,35.75841181,128.6198995
27,대구광역시,달성,하빈면,35.89790716,128.4302827
27,대구광역시,달성,유가읍,35.68344907,128.4883257
27,대구광역시,달성,구지면,35.65714806,128.4026481
28,인천광역시,중구,연안동,37.45143581,126.6091282
28,인천광역시,중구,신포동,37.46756133,126.6243024
28,인천광역시,중구,신흥동,37.4439913,126.6268544
28,인천광역시,중구,도원동,37.46720072,126.6400457
28,인천광역시,중구,율목동,37.47013898,126.634949
28,인천광역시,중구,동인천동,37.47512006,126.6287547
28,인천광역시,중구,운서동,37.46979143,126.4516702
28,인천광역시,중구,용유동,37.42338843,126.4055006
28,인천광역시,동구,만석동,37.4870623,126.6182581
28,인천광역시,동구,"화수1,화평동",37.48067234,126.6301223
28,인천광역시,동구,화수2동,37.48526919,126.6309001
28,인천광역시,동구,"송현1,2동",37.47793753,126.6357259
28,인천광역시,동구,송현3동,37.48834559,126.6405641
28,인천광역시,동구,송림1동,37.47519155,126.6387716
28,인천광역시,동구,송림2동,37.47675467,126.6429925
28,인천광역시,동구,"송림3,5동",37.47294645,126.6482851
28,인천광역시,동구,송림4동,37.48178142,126.6580027
28,인천광역시,동구,송림6동,37.48169928,126.6485439
28,인천광역시,동구,금창동,37.47174827,126.6403695
28,인천광역시,연수,옥련1동,37.42017007,126.6497151
28,인천광역시,연수,옥련2동,37.42885269,126.6469173
28,인천광역시,연수,선학동,37.42972,126.6970885
28,인천광역시,연수,연수1동,37.42508149,126.6799145
28,인천광역시,연수,연수2동,37.41314883,126.683952
28,인천광역시,연수,연수3동,37.41951734,126.6885855
28,인천광역시,연수,청학동,37.42497138,126.6663823
28,인천광역시,연수,동춘1동,37.40872294,126.6596613
28,인천광역시,연수,동춘2동,37.40086513,126.6711364
28,인천광역시,연수,동춘3동,37.40772219,126.6781732
28,인천광역시,연수,송도2동,37.40108781,126.6398676
28,인천광역시,남동,구월1동,37.44592966,126.7092534
28,인천광역시,남동,구월2동,37.45640461,126.7154681
28,인천광역시,남동,구월3동,37.44978864,126.6974703
28,인천광역시,남동,구월4동,37.44842927,126.7226884
28,인천광역시,남동,간석1동,37.45973835,126.7017947
28,인천광역시,남동,간석2동,37.46049754,126.7104246
28,인천광역시,남동,간석3동,37.46879108,126.715255
28,인천광역시,남동,간석4동,37.46683364,126.6965107
28,인천광역시,남동,만수1동,37.45088795,126.7339939
28,인천광역시,남동,만수2동,37.46509016,126.7363078
28,인천광역시,남동,만수3동,37.46555071,126.7270405
28,인천광역시,남동,만수4동,37.45666794,126.737869
28,인천광역시,남동,만수5동,37.45616298,126.7263091
28,인천광역시,남동,만수6동,37.4418854,126.7399989
28,인천광역시,남동,장수서창동,37.45117322,126.7605368
28,인천광역시,남동,남촌도림동,37.42567099,126.7208166
28,인천광역시,남동,논현1동,37.41069368,126.7395974
28,인천광역시,남동,논현고잔동,37.39303159,126.7019522
28,인천광역시,부평,부평1동,37.49636415,126.7202918
28,인천광역시,부평,부평2동,37.47922384,126.7211634
28,인천광역시,부평,부평3동,37.48438603,126.708999
28,인천광역시,부평,부평4동,37.50145859,126.7260512
28,인천광역시,부평,부평5동,37.49547676,126.7304077
28,인천광역시,부평,부평6동,37.48521127,126.7266388
28,인천광역시,부평,산곡1동,37.50473789,126.6957686
28,인천광역시,부평,산곡2동,37.50353674,126.7053504
28,인천광역시,부평,산곡3동,37.49289571,126.7069509
28,인천광역시,부평,산곡4동,37.50203613,126.7120581
28,인천광역시,부평,청천1동,37.51852923,126.6946799
28,인천광역시,부평,청천2동,37.51514673,126.713317
28,인천광역시,부평,갈산1동,37.51862251,126.7267323
28,인천광역시,부평,갈산2동,37.51053188,126.7266762
28,인천광역시,부평,삼산1동,37.52037995,126.7470175
28,인천광역시,부평,삼산2동,37.51248884,126.7387356
28,인천광역시,부평,부개1동,37.48387488,126.7353542
28,인천광역시,부평,부개2동,37.49309651,126.7378153
28,인천광역시,부평,부개3동,37.50226289,126.7382239
28,인천광역시,부평,일신동,37.47517254,126.7484069
28,인천광역시,부평,십정1동,37.47805005,126.6948764
28,인천광역시,부평,십정2동,37.47322239,126.7027444
28,인천광역시,계양,효성1동,37.53412962,126.7079462
28,인천광역시,계양,효성2동,37.52989545,126.6979707
28,인천광역시,계양,계산1동,37.54082593,126.7176047
28,인천광역시,계양,계산2동,37.5477754,126.7198241
28,인천광역시,계양,계산3동,37.53953371,126.7316645
28,인천광역시,계양,계산4동,37.53852142,126.7399197
28,인천광역시,계양,작전1동,37.52943741,126.7298422
28,인천광역시,계양,작전2동,37.53083472,126.72249
28,인천광역시,계양,작전서운동,37.53030765,126.7479631
28,인천광역시,계양,계양1동,37.5715795,126.7264358
28,인천광역시,계양,계양2동,37.54838809,126.7411491
28,인천광역시,서구,검암경서동,37.56558891,126.6661313
28,인천광역시,서구,연희동,37.54753324,126.6823763
28,인천광역시,서구,청라1동,37.52985615,126.6558695
28,인천광역시,서구,청라3동,37.53493949,126.6183338
28,인천광역시,서구,가정1동,37.52839433,126.6709353
28,인천광역시,서구,가정2동,37.52859489,126.6813574
28,인천광역시,서구,가정3동,37.51782425,126.6812856
28,인천광역시,서구,석남1동,37.51012539,126.6685864
28,인천광역시,서구,석남2동,37.50303077,126.6584257
28,인천광역시,서구,석남3동,37.50648177,126.6814738
28,인천광역시,서구,신현원창동,37.50970383,126.6341071
28,인천광역시,서구,가좌1동,37.4913614,126.6625639
28,인천광역시,서구,가좌2동,37.49492554,126.6859171
28,인천광역시,서구,가좌3동,37.48781949,126.6801924
28,인천광역시,서구,가좌4동,37.4860684,126.6885404
28,인천광역시,강화,강화읍,37.75217665,126.4896916
28,인천광역시,강화,선원면,37.71579792,126.4889079
28,인천광역시,강화,불은면,37.68310026,126.4850827
28,인천광역시,강화,길상면,37.62704759,126.4979372
28,인천광역시,강화,화도면,37.61906976,126.4234535
28,인천광역시,강화,양도면,37.67138173,126.4297849
28,인천광역시,강화,내가면,37.72200829,126.3887578
28,인천광역시,강화,하점면,37.76240382,126.4008564
28,인천광역시,강화,양사면,37.80310066,126.4014736
28,인천광역시,강화,송해면,37.77960724,126.4603539
28,인천광역시,강화,교동면,37.78698994,126.2652359
28,인천광역시,강화,삼산면,37.69789505,126.3201061
28,인천광역시,강화,서도면,37.66088134,126.2097639
28,인천광역시,옹진,북도면,37.53330351,126.3999699
28,인천광역시,옹진,덕적면,37.19388276,126.086335
28,인천광역시,옹진,영흥면,37.2557342,126.4655222
28,인천광역시,옹진,자월면,37.19209369,126.2498703
28,인천광역시,옹진,연평면,37.66320365,125.6968064
29,광주광역시,동구,충장동,35.15056106,126.9154893
29,광주광역시,동구,동명동,35.15059402,126.9254733
29,광주광역시,동구,계림1동,35.15861692,126.9179076
29,광주광역시,동구,계림2동,35.15967956,126.9229696
29,광주광역시,동구,산수1동,35.15598331,126.9285973
29,광주광역시,동구,산수2동,35.15694144,126.9375444
29,광주광역시,동구,지산1동,35.14997,126.9311812
29,광주광역시,동구,지산2동,35.14817824,126.9447174
29,광주광역시,동구,서남동,35.14292475,126.9266298
29,광주광역시,동구,학동,35.13665753,126.9248826
29,광주광역시,동구,학운동,35.12852884,126.9633312
29,광주광역시,동구,지원1동,35.12774718,126.9377729
29,광주광역시,동구,지원2동,35.10145149,126.9502875
29,광주광역시,서구,양동,35.15231355,126.9027288
29,광주광역시,서구,양3동,35.15775824,126.8950872
29,광주광역시,서구,농성1동,35.15593785,126.8890949
29,광주광역시,서구,농성2동,35.15055186,126.8865351
29,광주광역시,서구,광천동,35.1650378,126.8802031
29,광주광역시,서구,유덕동,35.16371091,126.8455766
29,광주광역시,서구,치평동,35.15297813,126.8454245
29,광주광역시,서구,상무1동,35.1561236,126.8620651
29,광주광역시,서구,상무2동,35.14655908,126.8615904
29,광주광역시,서구,화정1동,35.15527419,126.8768187
29,광주광역시,서구,화정2동,35.14534189,126.8820654
29,광주광역시,서구,화정3동,35.14482009,126.8763607
29,광주광역시,서구,화정4동,35.13971682,126.8706484
29,광주광역시,서구,서창동,35.11743026,126.8325363
29,광주광역시,서구,금호1동,35.13549004,126.8551663
29,광주광역시,서구,금호2동,35.12782677,126.8578229
29,광주광역시,서구,풍암동,35.12488578,126.8755805
29,광주광역시,남구,양림동,35.13825767,126.9145273
29,광주광역시,남구,방림1동,35.13338256,126.9165724
29,광주광역시,남구,방림2동,35.12961686,126.9225752
29,광주광역시,남구,봉선1동,35.13027545,126.9087202
29,광주광역시,남구,봉선2동,35.12219028,126.9136304
29,광주광역시,남구,사직동,35.14484254,126.9092156
29,광주광역시,남구,월산동,35.14661337,126.8999327
29,광주광역시,남구,월산4동,35.14596152,126.8916391
29,광주광역시,남구,월산5동,35.14045775,126.8944924
29,광주광역시,남구,백운1동,35.13978369,126.9057216
29,광주광역시,남구,백운2동,35.13603936,126.9032938
29,광주광역시,남구,주월1동,35.12844109,126.8958602
29,광주광역시,남구,주월2동,35.13630367,126.8902501
29,광주광역시,남구,효덕동,35.10262077,126.9022722
29,광주광역시,남구,송암동,35.10566196,126.8784443
29,광주광역시,남구,대촌동,35.0784711,126.827622
29,광주광역시,북구,중흥1동,35.16257746,126.9117024
29,광주광역시,북구,중앙동,35.15674887,126.9064915
29,광주광역시,북구,임동,35.1637406,126.8934969
29,광주광역시,북구,신안동,35.16810818,126.9001515
29,광주광역시,북구,용봉동,35.1791611,126.9006313
29,광주광역시,북구,운암1동,35.17604602,126.8730001
29,광주광역시,북구,운암2동,35.17498814,126.8845432
29,광주광역시,북구,운암3동,35.18390916,126.8757784
29,광주광역시,북구,동림동,35.18135438,126.8594804
29,광주광역시,북구,우산동,35.17431279,126.921245
29,광주광역시,북구,풍향동,35.16476331,126.9258116
29,광주광역시,북구,문화동,35.18294427,126.941167
29,광주광역시,북구,문흥1동,35.19209689,126.9294017
29,광주광역시,북구,문흥2동,35.18234881,126.9183645
29,광주광역시,북구,두암1동,35.16967851,126.9282743
29,광주광역시,북구,두암2동,35.17412509,126.9374886
29,광주광역시,북구,두암3동,35.16495065,126.9394323
29,광주광역시,북구,삼각동,35.202204,126.9087152
29,광주광역시,북구,매곡동,35.19090207,126.889167
29,광주광역시,북구,오치1동,35.18988465,126.9126472
29,광주광역시,북구,오치2동,35.18862964,126.9021398
29,광주광역시,북구,석곡동,35.17462709,126.9708559
29,광주광역시,북구,건국동,35.23111643,126.8868866
29,광주광역시,광산,송정1동,35.13469491,126.8045683
29,광주광역시,광산,송정2동,35.13691228,126.7930293
29,광주광역시,광산,도산동,35.11991972,126.7948587
29,광주광역시,광산,신흥동,35.13201434,126.8119104
29,광주광역시,광산,어룡동,35.15963014,126.7690714
29,광주광역시,광산,우산동,35.15517221,126.8153763
29,광주광역시,광산,월곡1동,35.16759947,126.8129932
29,광주광역시,광산,월곡2동,35.17143945,126.8057103
29,광주광역시,광산,비아동,35.21219863,126.8231944
29,광주광역시,광산,첨단1동,35.22206945,126.8364262
29,광주광역시,광산,첨단2동,35.20919132,126.8449441
29,광주광역시,광산,신가동,35.18036405,126.8325938
29,광주광역시,광산,운남동,35.17301587,126.821613
29,광주광역시,광산,수완동,35.19160579,126.8200427
29,광주광역시,광산,하남동,35.19460667,126.7952264
29,광주광역시,광산,임곡동,35.21712612,126.7543843
29,광주광역시,광산,동곡동,35.0953396,126.7768769
29,광주광역시,광산,평동,35.12725433,126.7419457
29,광주광역시,광산,삼도동,35.14322121,126.688882
29,광주광역시,광산,본량동,35.18919923,126.7092803
29,광주광역시,광산,신창동,35.19046901,126.8462589
30,대전광역시,동구,중앙동,36.33220378,127.4344166
30,대전광역시,동구,효동,36.31080889,127.4516561
30,대전광역시,동구,신인동,36.32261128,127.4410061
30,대전광역시,동구,판암1동,36.3152506,127.4706731
26,부산광역시,해운대,반여1동,35.20693514,129.1296651
26,부산광역시,해운대,반여2동,35.19710059,129.1358128
26,부산광역시,해운대,반여3동,35.20135668,129.1385254
26,부산광역시,해운대,반여4동,35.20820053,129.115697
26,부산광역시,해운대,반송1동,35.22097486,129.1434405
26,부산광역시,해운대,반송2동,35.23583832,129.1515529
26,부산광역시,해운대,재송1동,35.18414818,129.1288064
26,부산광역시,해운대,재송2동,35.19125767,129.1318797
26,부산광역시,사하,괴정1동,35.09918014,128.9897451
26,부산광역시,사하,괴정2동,35.10565974,129.0032307
26,부산광역시,사하,괴정3동,35.10541496,128.9963164
26,부산광역시,사하,괴정4동,35.1003018,128.9835651
26,부산광역시,사하,당리동,35.11205843,128.9835816
26,부산광역시,사하,하단1동,35.09927694,128.9483046
26,부산광역시,사하,하단2동,35.11433,128.9574632
26,부산광역시,사하,신평1동,35.09057845,128.975139
26,부산광역시,사하,신평2동,35.09045204,128.9603409
26,부산광역시,사하,장림1동,35.076648,128.9620533
26,부산광역시,사하,장림2동,35.07543297,128.9757056
26,부산광역시,사하,다대1동,35.05292529,128.9630454
41,경기도,만안,박달1동,37.40452614,126.909146
41,경기도,만안,박달2동,37.39611375,126.8886096
41,경기도,동안,비산1동,37.4066223,126.9338583
41,경기도,동안,비산2동,37.39673571,126.9390867
41,경기도,동안,비산3동,37.42015199,126.9511516
41,경기도,동안,부흥동,37.39397589,126.9459331
41,경기도,동안,달안동,37.39606968,126.9505485
41,경기도,동안,부림동,37.39664292,126.9579265
41,경기도,동안,평촌동,37.39238674,126.9754554
41,경기도,동안,평안동,37.39022654,126.9637849
41,경기도,동안,귀인동,37.38441996,126.9671303
41,경기도,동안,호계1동,37.37264277,126.9540607
41,경기도,동안,호계2동,37.38247985,126.9469995
41,경기도,동안,호계3동,37.36722218,126.9603918
41,경기도,동안,범계동,37.3876583,126.9538517
41,경기도,동안,신촌동,37.38113321,126.9571456
41,경기도,동안,갈산동,37.37783681,126.9648087
41,경기도,광명,광명1동,37.48729765,126.8617429
41,경기도,광명,광명2동,37.48295803,126.8577403
41,경기도,광명,광명3동,37.48010365,126.8562107
41,경기도,광명,광명4동,37.47767094,126.8547807
41,경기도,광명,광명5동,37.47715584,126.8486406
41,경기도,광명,광명6동,37.46725235,126.8388073
41,경기도,광명,광명7동,37.46550135,126.8513331
41,경기도,광명,철산1동,37.48905827,126.8697582
41,경기도,광명,철산2동,37.48346285,126.8670537
41,경기도,광명,철산3동,37.47549519,126.8714167
41,경기도,광명,철산4동,37.47257912,126.8631805
41,경기도,광명,하안1동,37.45741013,126.8665033
41,경기도,광명,하안2동,37.46469261,126.8742686
41,경기도,광명,하안3동,37.46046017,126.8829033
41,경기도,광명,하안4동,37.46717567,126.880212
41,경기도,광명,소하1동,37.44441771,126.8873515
41,경기도,광명,소하2동,37.42777864,126.8793607
41,경기도,광명,학온동,37.4292929,126.855111
41,경기도,평택,팽성읍,36.96160381,127.0368111
41,경기도,평택,안중읍,36.99087648,126.9370273
41,경기도,평택,포승읍,36.97306146,126.8597987
41,경기도,평택,진위면,37.10815056,127.088403
41,경기도,평택,서탄면,37.10180851,127.0217894
41,경기도,평택,고덕면,37.03752416,127.0280964
41,경기도,평택,오성면,37.00403937,126.9919326
41,경기도,평택,청북읍,37.04497237,126.9346
41,경기도,평택,현덕면,36.94483663,126.9319518
41,경기도,평택,중앙동,37.05154794,127.0612125
41,경기도,평택,서정동,37.06969797,127.0534145
41,경기도,평택,송탄동,37.04521152,127.0959992
41,경기도,평택,지산동,37.07630479,127.0593429
41,경기도,평택,송북동,37.07915427,127.0778833
41,경기도,평택,신장1동,37.08767953,127.0501396
41,경기도,평택,신장2동,37.0768265,127.0502548
41,경기도,평택,신평동,36.98174351,127.1066026
41,경기도,평택,원평동,36.99265438,127.0718034
41,경기도,평택,통복동,36.99802823,127.0857186
41,경기도,평택,비전1동,37.01464938,127.1200106
41,경기도,평택,비전2동,36.99057675,127.1191177
41,경기도,평택,세교동,37.01337197,127.0731231
41,경기도,동두천,생연1동,37.90914807,127.0667784
41,경기도,동두천,생연2동,37.9000354,127.0512374
41,경기도,동두천,중앙동,37.90839615,127.0545686
41,경기도,동두천,보산동,37.92516798,127.0881464
41,경기도,동두천,불현동,37.89242541,127.1085557
41,경기도,동두천,송내동,37.88067393,127.0646829
41,경기도,동두천,소요동,37.94793368,127.0563142
41,경기도,동두천,상패동,37.90923181,127.0317473
41,경기도,상록,일동,37.31290764,126.8702365
41,경기도,상록,이동,37.3094119,126.8556626
41,경기도,상록,사동,37.29923226,126.8507262
41,경기도,상록,사이동,37.28392572,126.8419403
41,경기도,상록,해양동,37.29678289,126.8306935
41,경기도,상록,본오1동,37.28426192,126.8699111
41,경기도,상록,본오2동,37.29465244,126.869536
41,경기도,상록,본오3동,37.29999782,126.8673779
41,경기도,상록,부곡동,37.33457823,126.8691686
41,경기도,상록,월피동,37.34477397,126.847699
41,경기도,상록,성포동,37.32161413,126.8489824
41,경기도,상록,반월동,37.30298487,126.9064252
41,경기도,단원,선부3동,37.35167254,126.8223752
41,경기도,단원,와동,37.33961978,126.8267594
41,경기도,단원,고잔동,37.32457617,126.825198
41,경기도,단원,중앙동,37.32583028,126.8360393
41,경기도,단원,호수동,37.31043218,126.8313483
41,경기도,단원,신길동,37.33073526,126.7689604
41,경기도,단원,백운동,37.3239612,126.7994503
41,경기도,단원,초지동,37.31003468,126.7746246
41,경기도,단원,선부1동,37.33215876,126.8080714
41,경기도,단원,선부2동,37.34502815,126.8006705
41,경기도,상록,안산동,37.35833729,126.8767812
41,경기도,단원,대부동,37.2442434,126.5966785
41,경기도,덕양,주교동,37.66181889,126.8278115
41,경기도,덕양,원신동,37.67180788,126.8643447
41,경기도,덕양,흥도동,37.63645617,126.8628266
41,경기도,덕양,성사1동,37.65892558,126.8454418
41,경기도,덕양,성사2동,37.65057475,126.8399941
41,경기도,덕양,효자동,37.663969,126.9574545
41,경기도,덕양,창릉동,37.6313788,126.892394
41,경기도,덕양,고양동,37.70939938,126.9043565
41,경기도,덕양,관산동,37.70940375,126.8636309
41,경기도,덕양,능곡동,37.6285965,126.802266
41,경기도,덕양,화정1동,37.64188302,126.8329555
41,경기도,덕양,화정2동,37.63228529,126.8368195
41,경기도,덕양,행주동,37.6072588,126.818987
41,경기도,덕양,행신1동,37.62133033,126.8337766
41,경기도,덕양,행신2동,37.60803864,126.8406178
41,경기도,덕양,행신3동,37.62142219,126.8454524
41,경기도,덕양,화전동,37.6038031,126.8838714
41,경기도,덕양,대덕동,37.58996994,126.8563497
41,경기도,일산동,식사동,37.67868554,126.8159142
41,경기도,일산동,정발산동,37.67057084,126.7779436
41,경기도,일산동,풍산동,37.66202028,126.8013099
41,경기도,일산동,백석1동,37.64743218,126.7921814
41,경기도,일산동,백석2동,37.64213538,126.7843514
41,경기도,일산동,마두1동,37.66073215,126.7836211
41,경기도,일산동,마두2동,37.65343738,126.782035
41,경기도,일산동,장항1동,37.64188221,126.7628282
41,경기도,일산동,장항2동,37.65572018,126.7687771
41,경기도,일산동,고봉동,37.70679156,126.8138687
41,경기도,일산서,일산1동,37.68782844,126.7678753
41,경기도,일산서,일산2동,37.68563706,126.7743446
41,경기도,일산서,일산3동,37.67919325,126.7677021
41,경기도,일산서,주엽1동,37.66981674,126.7656804
41,경기도,일산서,주엽2동,37.67195802,126.7577652
41,경기도,일산서,대화동,37.67811753,126.7480976
41,경기도,일산서,송포동,37.66454142,126.7243553
41,경기도,과천,중앙동,37.43466923,126.9786681
41,경기도,과천,갈현동,37.41512963,126.9815882
41,경기도,과천,별양동,37.42745314,126.9957627
41,경기도,과천,부림동,37.43488791,126.9990715
41,경기도,과천,과천동,37.45061831,127.0089341
41,경기도,과천,문원동,37.42472488,127.0190136
41,경기도,구리,갈매동,37.63141377,127.1177688
41,경기도,구리,동구동,37.62486468,127.1367842
41,경기도,구리,인창동,37.60834439,127.1284247
41,경기도,구리,교문1동,37.5812266,127.118253
41,경기도,구리,교문2동,37.58602882,127.1337079
41,경기도,구리,수택1동,37.5980879,127.1481282
41,경기도,구리,수택2동,37.59423863,127.1434247
41,경기도,구리,수택3동,37.58219267,127.1486171
41,경기도,남양주,와부읍,37.59448239,127.2471349
41,경기도,남양주,진접읍,37.72569218,127.1929502
41,경기도,남양주,화도읍,37.65276763,127.3155553
41,경기도,남양주,진건읍,37.6566039,127.1838684
41,경기도,남양주,오남읍,37.69401984,127.2310775
41,경기도,남양주,별내면,37.70968375,127.1258954
41,경기도,남양주,수동면,37.7262258,127.3041997
41,경기도,남양주,조안면,37.56749458,127.2984818
41,경기도,남양주,호평동,37.66389504,127.2494833
41,경기도,남양주,평내동,37.64634218,127.2350604
41,경기도,남양주,금곡동,37.63208844,127.2122862
41,경기도,남양주,양정동,37.61090435,127.1912051
41,경기도,남양주,다산2동,37.59729729,127.1683176
41,경기도,남양주,별내동,37.66634227,127.1145507
41,경기도,오산,중앙동,37.15357828,127.0839327
41,경기도,오산,남촌동,37.15662114,127.0492882
41,경기도,오산,세마동,37.184337,127.0296361
41,경기도,오산,초평동,37.14301972,127.0452977
41,경기도,시흥,대야동,37.45301827,126.7998739
41,경기도,시흥,신천동,37.43844656,126.7799674
41,경기도,시흥,신현동,37.41234734,126.7742863
41,경기도,시흥,은행동,37.43191738,126.8078847
41,경기도,시흥,매화동,37.4059125,126.824497
41,경기도,시흥,목감동,37.38009763,126.8528547
41,경기도,시흥,월곶동,37.38461343,126.7583991
41,경기도,시흥,정왕본동,37.35793343,126.7531028
41,경기도,시흥,정왕1동,37.33224077,126.7340058
41,경기도,시흥,정왕2동,37.34072757,126.7215392
41,경기도,시흥,정왕3동,37.34517879,126.7060514
41,경기도,시흥,정왕4동,37.36256417,126.7312804
41,경기도,시흥,과림동,37.43302675,126.8338169
41,경기도,시흥,연성동,37.38871944,126.805165
41,경기도,시흥,능곡동,37.36514437,126.8101092
41,경기도,군포,군포1동,37.35362953,126.9520299
41,경기도,군포,군포2동,37.33453374,126.9369908
41,경기도,군포,산본1동,37.37314327,126.9399373
41,경기도,군포,산본2동,37.37136418,126.9315853
41,경기도,군포,금정동,37.36589152,126.9452996
41,경기도,군포,재궁동,37.35862435,126.9373411
41,경기도,군포,오금동,37.34915395,126.9294972
41,경기도,군포,수리동,37.351039,126.9172488
41,경기도,군포,궁내동,37.36378017,126.9171636
41,경기도,군포,대야동,37.33139387,126.9039663
41,경기도,군포,광정동,37.36715979,126.9248519
41,경기도,의왕,고천동,37.34293511,126.9864366
41,경기도,의왕,부곡동,37.3198469,126.9529231
41,경기도,의왕,오전동,37.35983764,126.9843404
41,경기도,의왕,내손1동,37.37791233,126.9771742
41,경기도,의왕,내손2동,37.38545289,126.9831815
41,경기도,의왕,청계동,37.38880672,127.0121634
41,경기도,하남,천현동,37.51206849,127.2385434
41,경기도,하남,신장1동,37.53893938,127.2072011
41,경기도,하남,신장2동,37.55006764,127.2213128
41,경기도,하남,덕풍1동,37.53506859,127.1981051
41,경기도,하남,덕풍2동,37.54137272,127.1991118
41,경기도,하남,덕풍3동,37.55121688,127.2051178
41,경기도,하남,미사1동,37.56786447,127.205033
41,경기도,하남,감북동,37.5087799,127.1614196
41,경기도,하남,춘궁동,37.50669041,127.1935633
41,경기도,하남,초이동,37.53416927,127.1733117
41,경기도,처인,포곡읍,37.29054993,127.2176614
41,경기도,처인,모현읍,37.32637374,127.2182037
41,경기도,처인,이동읍,37.16463779,127.2111598
41,경기도,처인,원삼면,37.16334432,127.3133981
41,경기도,처인,백암면,37.14400475,127.3797524
41,경기도,처인,양지면,37.24203463,127.2886716
41,경기도,처인,중앙동,37.22540887,127.1999619
41,경기도,처인,유림동,37.25409809,127.2117986
41,경기도,처인,동부동,37.20457848,127.2508481
41,경기도,기흥,신갈동,37.28317273,127.1017847
41,경기도,기흥,구갈동,37.27703756,127.1231231
41,경기도,기흥,상갈동,37.24839425,127.1276941
41,경기도,기흥,기흥동,37.23106591,127.1143208
41,경기도,기흥,서농동,37.23432752,127.0811602
41,경기도,기흥,구성동,37.29591597,127.1412521
41,경기도,기흥,마북동,37.30671578,127.1275794
41,경기도,기흥,상하동,37.26308277,127.1430665
41,경기도,기흥,보정동,37.30949007,127.107653
41,경기도,수지,풍덕천1동,37.32791344,127.094567
41,경기도,수지,풍덕천2동,37.31993036,127.0899622
41,경기도,수지,신봉동,37.3324306,127.0574991
41,경기도,수지,죽전1동,37.3292955,127.1272124
41,경기도,수지,죽전2동,37.33061712,127.1071743
41,경기도,수지,동천동,37.35015104,127.0573115
41,경기도,수지,상현1동,37.30308924,127.0720547
41,경기도,수지,상현2동,37.30648405,127.0884844
41,경기도,수지,성복동,37.31938604,127.0605924
41,경기도,파주,문산읍,37.87425421,126.7805049
41,경기도,파주,파주읍,37.82844253,126.8151611
41,경기도,파주,법원읍,37.86745732,126.8928249
41,경기도,파주,조리읍,37.750355,126.823113
41,경기도,파주,월롱면,37.79741537,126.78946
41,경기도,파주,탄현면,37.80350731,126.7069516
41,경기도,파주,광탄면,37.77643173,126.8829807
41,경기도,파주,파평면,37.91422411,126.8506327
41,경기도,파주,적성면,37.95807011,126.9294674
41,경기도,파주,장단면,37.8735781,126.7017103
41,경기도,파주,금촌1동,37.77610845,126.7544326
41,경기도,파주,금촌2동,37.75114263,126.7758868
41,경기도,파주,금촌3동,37.77009165,126.7755086
41,경기도,파주,교하동,37.73216395,126.712053
41,경기도,파주,운정1동,37.73037315,126.7683445
41,경기도,파주,운정2동,37.72687906,126.7403218
41,경기도,파주,운정3동,37.71207402,126.7535264
41,경기도,이천,장호원읍,37.13450944,127.5964707
41,경기도,이천,부발읍,37.27302343,127.5071352
41,경기도,이천,신둔면,37.31371789,127.4104924
41,경기도,이천,백사면,37.3256379,127.4827457
41,경기도,이천,호법면,37.21542213,127.4121633
41,경기도,이천,마장면,37.24972657,127.3708179
41,경기도,이천,대월면,37.21285218,127.4976732
41,경기도,이천,모가면,37.17087946,127.456868
41,경기도,이천,설성면,37.13944117,127.5231497
41,경기도,이천,율면,37.07562194,127.5471871
41,경기도,이천,창전동,37.28331737,127.4454281
41,경기도,이천,증포동,37.28999234,127.4539999
41,경기도,이천,중리동,37.24336993,127.4503219
41,경기도,이천,관고동,37.28817298,127.421762
41,경기도,안성,공도읍,36.99440394,127.1735526
41,경기도,안성,보개면,37.05587205,127.3139137
41,경기도,안성,금광면,36.98161016,127.3446842
41,경기도,안성,서운면,36.93682243,127.26803
41,경기도,안성,미양면,36.96953922,127.2237901
41,경기도,안성,대덕면,37.03450421,127.2382854
41,경기도,안성,양성면,37.08215727,127.2201767
41,경기도,안성,원곡면,37.05604299,127.1475332
41,경기도,안성,일죽면,37.09828835,127.4688954
41,경기도,안성,죽산면,37.04872436,127.4218852
41,경기도,안성,삼죽면,37.06824063,127.3670479
41,경기도,안성,고삼면,37.09225446,127.2714259
41,경기도,안성,안성1동,37.00357931,127.2829112
41,경기도,안성,안성2동,36.99327593,127.2656022
41,경기도,안성,안성3동,37.0270949,127.2642371
41,경기도,김포,통진읍,37.69595362,126.5994629
41,경기도,김포,고촌읍,37.60657267,126.7631376
41,경기도,김포,양촌읍,37.64425929,126.6275449
41,경기도,김포,대곶면,37.64845931,126.5691866
41,경기도,김포,월곶면,37.7317238,126.5513353
41,경기도,김포,하성면,37.7344177,126.6451191
41,경기도,김포,김포본동,37.63408003,126.7097387
41,경기도,김포,운양동,37.65725439,126.6859478
41,경기도,김포,사우동,37.61898956,126.7261935
41,경기도,김포,풍무동,37.60637771,126.721834
41,경기도,화성,봉담읍,37.20413678,126.9389468
41,경기도,화성,우정읍,37.10001132,126.768179
41,경기도,화성,향남읍,37.11433952,126.9274178
41,경기도,화성,매송면,37.26325317,126.9071495
41,경기도,화성,비봉면,37.23251249,126.8711617
41,경기도,화성,마도면,37.19203281,126.7631531
41,경기도,화성,서신면,37.1699861,126.6913362
41,경기도,화성,팔탄면,37.15392246,126.88251
41,경기도,화성,장안면,37.07449398,126.8405422
41,경기도,화성,양감면,37.08845213,126.9602307
41,경기도,화성,정남면,37.16192361,126.9859994
41,경기도,화성,동탄6동,37.17087008,127.0979975
41,경기도,화성,남양읍,37.21708469,126.8168759
41,경기도,화성,병점1동,37.20254873,127.0392678
41,경기도,화성,병점2동,37.21049583,127.0459377
41,경기도,화성,반월동,37.22701778,127.0604679
41,경기도,화성,기배동,37.22344894,126.9891918
41,경기도,화성,화산동,37.20773169,127.0053548
41,경기도,화성,동탄1동,37.2097084,127.0744593
41,경기도,화성,동탄2동,37.19157272,127.0745105
41,경기도,화성,동탄3동,37.20870552,127.0567902
41,경기도,경기광주,초월읍,37.39702362,127.3111881
41,경기도,경기광주,곤지암읍,37.36386956,127.3822239
41,경기도,경기광주,도척면,37.3082391,127.3154362
41,경기도,경기광주,퇴촌면,37.45414954,127.339943
41,경기도,경기광주,남종면,37.50258225,127.3202752
41,경기도,경기광주,남한산성면,37.45912935,127.2340602
41,경기도,경기광주,경안동,37.40399058,127.262471
41,경기도,경기광주,송정동,37.42960742,127.2352929
41,경기도,양주,백석읍,37.78942544,126.976656
41,경기도,양주,은현면,37.8695358,127.0238631
41,경기도,양주,남면,37.89615104,126.9796895
41,경기도,양주,광적면,37.82988171,126.9531148
41,경기도,양주,장흥면,37.71742417,126.9638599
41,경기도,양주,양주1동,37.78586955,127.0335285
41,경기도,양주,양주2동,37.7931454,127.0870398
41,경기도,양주,회천1동,37.85685461,127.0750399
41,경기도,양주,회천2동,37.82519949,127.0476513
41,경기도,양주,회천3동,37.82575237,127.0713998
41,경기도,포천,소흘읍,37.79508321,127.1488281
41,경기도,포천,군내면,37.87751918,127.2296703
41,경기도,포천,내촌면,37.79731869,127.2351588
41,경기도,포천,가산면,37.83400379,127.2010769
41,경기도,포천,신북면,37.94503806,127.1709032
41,경기도,포천,창수면,38.02247791,127.1764493
41,경기도,포천,영중면,38.00243062,127.2510248
41,경기도,포천,일동면,37.96495288,127.3237743
41,경기도,포천,이동면,38.05190225,127.384929
41,경기도,포천,영북면,38.07371023,127.2842235
41,경기도,포천,관인면,38.12856512,127.2254754
41,경기도,포천,화현면,37.89785211,127.2857848
41,경기도,포천,포천동,37.89432589,127.1815494
41,경기도,포천,선단동,37.86103318,127.1468963
41,경기도,여주,여흥동,37.25606877,127.6505035
41,경기도,여주,점동면,37.19141882,127.68442
41,경기도,여주,가남읍,37.20905243,127.580627
41,경기도,여주,흥천면,37.34536861,127.5330815
41,경기도,여주,금사면,37.39654242,127.4978334
41,경기도,여주,대신면,37.37787579,127.6023242
41,경기도,여주,북내면,37.35655857,127.6892459
41,경기도,여주,강천면,37.28843858,127.7263026
41,경기도,여주,산북면,37.40925653,127.4421286
41,경기도,연천,연천읍,38.10033861,127.1143778
41,경기도,연천,전곡읍,37.9941039,127.036695
41,경기도,연천,군남면,38.07469971,127.0379203
41,경기도,연천,청산면,38.01120377,127.1016144
41,경기도,연천,백학면,38.0252724,126.9180699
41,경기도,연천,미산면,38.03538981,126.9776031
41,경기도,연천,왕징면,38.13173491,126.8832055
41,경기도,연천,신서면,38.20234155,127.1021138
41,경기도,연천,중면,38.17020866,126.998845
41,경기도,연천,장남면,37.99551082,126.8502897
41,경기도,가평,가평읍,37.82858462,127.4875607
41,경기도,가평,설악면,37.6531351,127.4997053
41,경기도,가평,청평면,37.72943483,127.4294045
41,경기도,가평,상면,37.79050691,127.3379633
41,경기도,가평,조종면,37.86711148,127.3718558
41,경기도,가평,북면,37.94428553,127.4944336
41,경기도,양평,양평읍,37.49341129,127.5137225
41,경기도,양평,강상면,37.46119173,127.4673709
41,경기도,양평,강하면,37.46830311,127.4114638
41,경기도,양평,양서면,37.54125961,127.3787312
41,경기도,양평,옥천면,37.5518554,127.4864361
11,서울특별시,영등포,양평1동,37.52507785,126.887074
11,서울특별시,영등포,양평2동,37.54060098,126.894168
11,서울특별시,영등포,신길1동,37.51278312,126.9195562
11,서울특별시,영등포,신길3동,37.50627956,126.9057867
11,서울특별시,영등포,신길4동,37.50720302,126.9129612
11,서울특별시,영등포,신길5동,37.50094535,126.9055734
11,서울특별시,영등포,신길6동,37.4990883,126.9134685
11,서울특별시,영등포,신길7동,37.5059714,126.9197305
11,서울특별시,영등포,대림1동,37.49368189,126.905196
11,서울특별시,영등포,대림2동,37.48956217,126.9005328
11,서울특별시,영등포,대림3동,37.49978572,126.897263
11,서울특별시,동작,노량진1동,37.51303084,126.9488855
11,서울특별시,동작,노량진2동,37.51090495,126.9378694
11,서울특별시,동작,상도1동,37.49848899,126.9534051
11,서울특별시,동작,상도2동,37.50370573,126.9418553
11,서울특별시,동작,상도3동,37.49720225,126.9333415
11,서울특별시,동작,상도4동,37.4974081,126.9407282
11,서울특별시,동작,흑석동,37.50642548,126.9636903
11,서울특별시,동작,사당1동,37.47977701,126.977457
11,서울특별시,동작,사당2동,37.49836695,126.9750883
11,서울특별시,동작,사당3동,37.48871826,126.9710205
11,서울특별시,동작,사당4동,37.48054129,126.9707795
11,서울특별시,동작,사당5동,37.48586439,126.965038
11,서울특별시,동작,대방동,37.50705668,126.9280165
11,서울특별시,동작,신대방1동,37.48998097,126.9107372
11,서울특별시,동작,신대방2동,37.4943415,126.9216096
11,서울특별시,관악,보라매동,37.49034836,126.9326058
11,서울특별시,관악,청림동,37.48947884,126.9595388
11,서울특별시,관악,성현동,37.48959148,126.9510174
11,서울특별시,관악,행운동,37.48098265,126.9606145
11,서울특별시,관악,낙성대동,37.46728228,126.9599899
11,서울특별시,관악,청룡동,37.47802192,126.9458499
11,서울특별시,관악,은천동,37.48674135,126.9421844
11,서울특별시,관악,중앙동,37.4841344,126.9506449
11,서울특별시,관악,인헌동,37.47207459,126.9664675
11,서울특별시,관악,남현동,37.46253048,126.9765805
11,서울특별시,관악,서원동,37.480569,126.9334158
11,서울특별시,관악,신원동,37.47946956,126.9266003
11,서울특별시,관악,서림동,37.47369156,126.9392523
11,서울특별시,관악,신사동,37.48564441,126.9187262
11,서울특별시,관악,신림동,37.48693375,126.9274711
11,서울특별시,관악,난향동,37.4616523,126.9183754
11,서울특별시,관악,조원동,37.48293623,126.907516
11,서울특별시,관악,대학동,37.45354552,126.948412
11,서울특별시,관악,삼성동,37.46097307,126.930073
11,서울특별시,관악,미성동,37.47586091,126.9154715
11,서울특별시,관악,난곡동,37.47054246,126.9211791
11,서울특별시,서초,서초1동,37.48692295,127.0201018
11,서울특별시,서초,서초2동,37.48882604,127.0278821
11,서울특별시,서초,서초3동,37.48543262,127.0094732
11,서울특별시,서초,서초4동,37.49894199,127.0198382
11,서울특별시,서초,잠원동,37.51760656,127.0130416
11,서울특별시,서초,반포본동,37.50628636,126.9864467
11,서울특별시,서초,반포1동,37.50549613,127.0167056
11,서울특별시,서초,반포2동,37.50629272,126.995626
11,서울특별시,서초,반포3동,37.51227927,127.0036003
11,서울특별시,서초,반포4동,37.49959137,127.0033349
11,서울특별시,서초,방배본동,37.4949367,126.9877502
11,서울특별시,서초,방배1동,37.48487947,126.9962533
11,서울특별시,서초,방배2동,37.47318326,126.9883815
11,서울특별시,서초,방배3동,37.47429918,126.9979437
11,서울특별시,서초,방배4동,37.48981491,126.9909498
11,서울특별시,서초,양재1동,37.4695323,127.0225492
11,서울특별시,서초,양재2동,37.45106633,127.045923
11,서울특별시,서초,내곡동,37.45650616,127.0706531
11,서울특별시,강남,신사동,37.52570445,127.0213676
11,서울특별시,강남,논현1동,37.51186691,127.0264819
11,서울특별시,강남,논현2동,37.51517735,127.0362171
11,서울특별시,강남,압구정동,37.53025994,127.0334378
11,서울특별시,강남,청담동,37.52461674,127.0504451
11,서울특별시,강남,삼성1동,37.51537047,127.0606096
11,서울특별시,강남,삼성2동,37.51183603,127.0487719
11,서울특별시,강남,대치1동,37.49331724,127.0590405
11,서울특별시,강남,대치2동,37.50057376,127.0663677
11,서울특별시,강남,대치4동,37.50157378,127.0548555
11,서울특별시,강남,역삼1동,37.50085569,127.0355007
11,서울특별시,강남,역삼2동,37.49849581,127.0448681
11,서울특별시,강남,도곡1동,37.48898423,127.0409497
11,서울특별시,강남,도곡2동,37.48820416,127.0496452
11,서울특별시,강남,개포1동,37.47959093,127.0595936
11,서울특별시,강남,개포2동,37.48401261,127.0688244
11,서울특별시,강남,개포4동,37.47564222,127.0531989
11,서울특별시,강남,세곡동,37.47107923,127.1044417
11,서울특별시,강남,일원본동,37.4822608,127.0846112
11,서울특별시,강남,일원1동,37.49336813,127.0892181
11,서울특별시,강남,수서동,37.4868416,127.1003921
11,서울특별시,송파,풍납1동,37.53821994,127.1142833
11,서울특별시,송파,풍납2동,37.52982222,127.1101185
11,서울특별시,송파,거여1동,37.49468092,127.1418048
11,서울특별시,송파,마천1동,37.49482525,127.1556005
11,서울특별시,송파,마천2동,37.50033317,127.151395
30,대전광역시,동구,판암2동,36.32152813,127.4543591
30,대전광역시,동구,용운동,36.3327944,127.4614557
30,대전광역시,동구,대동,36.32931955,127.4440125
30,대전광역시,동구,자양동,36.33803779,127.4499602
30,대전광역시,동구,가양1동,36.34331939,127.4422073
30,대전광역시,동구,가양2동,36.34874399,127.4533908
30,대전광역시,동구,용전동,36.35406484,127.4345888
30,대전광역시,동구,성남동,36.34361152,127.4337796
30,대전광역시,동구,홍도동,36.34710238,127.4257113
30,대전광역시,동구,삼성동,36.3394173,127.4246778
30,대전광역시,동구,대청동,36.37684455,127.4955612
30,대전광역시,동구,산내동,36.25389359,127.4595306
30,대전광역시,중구,은행선화동,36.33085847,127.420124
30,대전광역시,중구,목동,36.33356874,127.4091314
30,대전광역시,중구,중촌동,36.34202304,127.4087996
30,대전광역시,중구,대흥동,36.32270372,127.4249515
30,대전광역시,중구,문창동,36.31794136,127.4358501
30,대전광역시,중구,석교동,36.30058879,127.4408375
30,대전광역시,중구,대사동,36.30945184,127.4224116
30,대전광역시,중구,부사동,36.31146619,127.4315332
30,대전광역시,중구,용두동,36.32973312,127.4069945
30,대전광역시,중구,오류동,36.32521164,127.4051967
30,대전광역시,중구,태평1동,36.32688748,127.39856
30,대전광역시,중구,태평2동,36.32366829,127.3914966
30,대전광역시,중구,유천1동,36.31546109,127.3928301
30,대전광역시,중구,유천2동,36.31831741,127.3996076
30,대전광역시,중구,문화1동,36.31122939,127.4120612
30,대전광역시,중구,문화2동,36.30731876,127.402542
30,대전광역시,중구,산성동,36.26365952,127.4079183
30,대전광역시,서구,복수동,36.30233688,127.3768439
30,대전광역시,서구,도마1동,36.31854265,127.3793313
30,대전광역시,서구,도마2동,36.31945602,127.3687476
30,대전광역시,서구,정림동,36.29116672,127.3637797
30,대전광역시,서구,변동,36.32751944,127.3765409
30,대전광역시,서구,용문동,36.3375752,127.3958192
30,대전광역시,서구,탄방동,36.34501772,127.3915461
30,대전광역시,서구,괴정동,36.33866197,127.3800218
30,대전광역시,서구,가장동,36.33112084,127.3875619
30,대전광역시,서구,내동,36.33399298,127.3742098
30,대전광역시,서구,갈마1동,36.34773094,127.3670899
30,대전광역시,서구,갈마2동,36.34593713,127.3738847
30,대전광역시,서구,월평1동,36.34583037,127.3578334
30,대전광역시,서구,월평2동,36.36211277,127.3747102
30,대전광역시,서구,월평3동,36.36053151,127.3667352
30,대전광역시,서구,가수원동,36.30540786,127.3491434
30,대전광역시,서구,관저1동,36.30614583,127.3369784
30,대전광역시,서구,관저2동,36.29237176,127.3327774
30,대전광역시,서구,기성동,36.24227275,127.3269177
30,대전광역시,서구,둔산1동,36.35307943,127.3898887
30,대전광역시,서구,둔산2동,36.35749138,127.3854586
30,대전광역시,서구,만년동,36.36851939,127.3832548
30,대전광역시,서구,둔산3동,36.35330415,127.399191
30,대전광역시,유성,진잠동,36.30632021,127.2929434
30,대전광역시,유성,온천1동,36.34974846,127.3121999
30,대전광역시,유성,온천2동,36.36874288,127.3488807
30,대전광역시,유성,노은1동,36.36996356,127.3020055
30,대전광역시,유성,노은2동,36.4049272,127.3098248
30,대전광역시,유성,신성동,36.40311563,127.3580105
30,대전광역시,유성,전민동,36.39439681,127.3981918
30,대전광역시,유성,구즉동,36.46106671,127.3766704
30,대전광역시,유성,관평동,36.42047083,127.3983255
30,대전광역시,대덕,오정동,36.3540007,127.4138001
30,대전광역시,대덕,대화동,36.3687707,127.4074238
30,대전광역시,대덕,회덕동,36.39949703,127.4342794
30,대전광역시,대덕,비래동,36.36310425,127.4547099
30,대전광역시,대덕,송촌동,36.36465444,127.4428108
30,대전광역시,대덕,중리동,36.36144556,127.4269152
30,대전광역시,대덕,신탄진동,36.44196858,127.4659192
30,대전광역시,대덕,석봉동,36.45047378,127.4232007
30,대전광역시,대덕,덕암동,36.43071305,127.4270822
30,대전광역시,대덕,목상동,36.44179283,127.4059696
30,대전광역시,대덕,법1동,36.3704943,127.4257168
30,대전광역시,대덕,법2동,36.3749283,127.4379535
31,울산광역시,중구,학성동,35.55465018,129.3351099
31,울산광역시,중구,반구1동,35.55466486,129.3460229
31,울산광역시,중구,반구2동,35.56229999,129.3395371
43,충청북도,상당,중앙동,36.64247309,127.4936427
43,충청북도,상당,성안동,36.63106414,127.4890883
43,충청북도,청원,우암동,36.65038478,127.4892837
43,충청북도,청원,내덕1동,36.65877219,127.4813982
43,충청북도,청원,내덕2동,36.65820138,127.4948137
43,충청북도,청원,"율량,사천동",36.66626998,127.4971911
43,충청북도,상당,"탑,대성동",36.63169173,127.497899
43,충청북도,상당,영운동,36.61905168,127.4999324
43,충청북도,상당,금천동,36.62633446,127.505804
43,충청북도,상당,"용담,명암,산성동",36.6513371,127.5265256
43,충청북도,상당,용암1동,36.62710947,127.5231704
43,충청북도,상당,용암2동,36.61531218,127.5316817
43,충청북도,청원,오근장동,36.69241583,127.4794428
43,충청북도,서원,사직1동,36.63997252,127.4765931
43,충청북도,서원,사직2동,36.63241545,127.4750005
43,충청북도,서원,사창동,36.63451298,127.462895
43,충청북도,서원,모충동,36.62510676,127.4808032
43,충청북도,흥덕,"운천,신봉동",36.65232873,127.4709027
43,충청북도,서원,산남동,36.60862287,127.4693912
43,충청북도,서원,분평동,36.5966896,127.4873336
43,충청북도,서원,수곡1동,36.61706308,127.4857663
43,충청북도,서원,수곡2동,36.6187974,127.4737054
43,충청북도,흥덕,복대1동,36.63756687,127.4349356
43,충청북도,흥덕,복대2동,36.62986098,127.4460385
43,충청북도,흥덕,가경동,36.62034653,127.4339647
43,충청북도,흥덕,봉명1동,36.64043306,127.4603217
43,충청북도,흥덕,"봉명2,송정동",36.64853369,127.4505583
43,충청북도,흥덕,강서1동,36.62270552,127.3994614
43,충청북도,흥덕,강서2동,36.66648942,127.4290999
43,충청북도,서원,"성화,개신,죽림동",36.61503768,127.452109
43,충청북도,충주,주덕읍,36.98643388,127.7830335
43,충청북도,충주,살미면,36.91246055,127.9955528
43,충청북도,충주,수안보면,36.84401271,128.0269328
43,충청북도,충주,대소원면,36.94901411,127.8521981
43,충청북도,충주,신니면,36.99934691,127.7102252
43,충청북도,충주,노은면,37.05210005,127.7501434
43,충청북도,충주,앙성면,37.12234152,127.7554673
43,충청북도,충주,중앙탑면,37.03706551,127.8512465
43,충청북도,충주,금가면,37.03164498,127.8954371
43,충청북도,충주,동량면,37.01517545,128.0209825
43,충청북도,충주,산척면,37.08388295,128.0045584
43,충청북도,충주,엄정면,37.11830944,127.9253433
43,충청북도,충주,소태면,37.12283999,127.8543166
43,충청북도,충주,"성내,충인동",36.97136163,127.9334549
43,충청북도,충주,"교현,안림동",36.97661999,127.9804698
43,충청북도,충주,교현2동,36.97941864,127.9292042
43,충청북도,충주,용산동,36.96104474,127.9444894
43,충청북도,충주,지현동,36.96291618,127.9319723
43,충청북도,충주,문화동,36.96922796,127.9230574
43,충청북도,충주,"호암,직동",36.94699024,127.9499004
43,충청북도,충주,달천동,36.94371632,127.9001201
43,충청북도,충주,봉방동,36.97557306,127.9063092
43,충청북도,충주,"칠금,금릉동",36.98996737,127.9133669
43,충청북도,충주,연수동,36.99058543,127.9449496
43,충청북도,충주,"목행,용탄동",37.00912368,127.9450701
43,충청북도,제천,봉양읍,37.14780586,128.1153659
43,충청북도,제천,금성면,37.06296785,128.1834477
43,충청북도,제천,청풍면,37.00953591,128.1449828
43,충청북도,제천,수산면,36.94878921,128.2086479
43,충청북도,제천,덕산면,36.87573848,128.1650246
43,충청북도,제천,한수면,36.90336046,128.0879315
43,충청북도,제천,백운면,37.18073353,127.9958389
43,충청북도,제천,송학면,37.20219536,128.2444928
43,충청북도,제천,교동,37.14736963,128.2278094
43,충청북도,제천,의림지동,37.17362945,128.2154338
43,충청북도,제천,중앙동,37.13958863,128.2091446
43,충청북도,제천,남현동,37.13279839,128.2184116
43,충청북도,제천,영서동,37.12768826,128.1781188
43,충청북도,제천,용두동,37.15854814,128.1844769
43,충청북도,제천,신백동,37.11917037,128.2622321
43,충청북도,제천,청전동,37.1504828,128.2095708
43,충청북도,제천,화산동,37.10978369,128.2010634
43,충청북도,청원,내수읍,36.70276963,127.5471173
43,충청북도,청원,오창읍,36.7332025,127.4214582
43,충청북도,흥덕,오송읍,36.6289812,127.3203498
43,충청북도,상당,낭성면,36.63013853,127.5972652
43,충청북도,상당,미원면,36.65343579,127.6768351
43,충청북도,상당,가덕면,36.56316701,127.5627715
43,충청북도,상당,남일면,36.57477729,127.520126
43,충청북도,서원,남이면,36.5666815,127.4285206
43,충청북도,상당,문의면,36.49127975,127.5112542
43,충청북도,서원,현도면,36.48939792,127.4346342
43,충청북도,흥덕,강내면,36.5988055,127.3604236
43,충청북도,흥덕,옥산면,36.68729892,127.3563504
43,충청북도,청원,북이면,36.74619542,127.5478952
43,충청북도,보은,보은읍,36.49906577,127.7231394
43,충청북도,보은,속리산면,36.52501902,127.8337159
43,충청북도,보은,장안면,36.47774037,127.8000564
43,충청북도,보은,마로면,36.41749021,127.8381283
43,충청북도,보은,탄부면,36.43715709,127.7785131
43,충청북도,보은,삼승면,36.41731719,127.7350441
43,충청북도,보은,수한면,36.460744,127.6682729
43,충청북도,보은,회남면,36.43355224,127.5742448
43,충청북도,보은,회인면,36.50054468,127.6025147
43,충청북도,보은,내북면,36.55454011,127.6585997
43,충청북도,보은,산외면,36.57154896,127.7471681
43,충청북도,옥천,옥천읍,36.30103652,127.5834537
43,충청북도,옥천,동이면,36.29507192,127.6462159
43,충청북도,옥천,안남면,36.35485245,127.6809021
43,충청북도,옥천,안내면,36.39931949,127.6489657
43,충청북도,옥천,청성면,36.32437267,127.7330751
43,충청북도,옥천,청산면,36.3453987,127.8155875
43,충청북도,옥천,이원면,36.22797376,127.6320478
43,충청북도,옥천,군서면,36.27307307,127.5252068
43,충청북도,옥천,군북면,36.35649672,127.5595679
43,충청북도,영동,영동읍,36.17705216,127.8109606
43,충청북도,영동,용산면,36.26297803,127.8046727
43,충청북도,영동,황간면,36.23596184,127.8967364
43,충청북도,영동,추풍령면,36.22892583,127.9978917
43,충청북도,영동,매곡면,36.16672618,127.9529609
43,충청북도,영동,상촌면,36.09991926,127.895385
43,충청북도,영동,양강면,36.12277809,127.761134
43,충청북도,영동,용화면,36.04707223,127.7771737
43,충청북도,영동,학산면,36.08647192,127.6882321
43,충청북도,영동,양산면,36.14620146,127.6421783
43,충청북도,영동,심천면,36.21498122,127.7094385
43,충청북도,증평,증평읍,36.76699188,127.6038188
43,충청북도,증평,도안면,36.8273504,127.6061398
43,충청북도,진천,진천읍,36.84783154,127.4127614
43,충청북도,진천,초평면,36.82980367,127.531068
43,충청북도,진천,문백면,36.79985166,127.4512023
43,충청북도,진천,백곡면,36.89968357,127.3511623
43,충청북도,진천,이월면,36.91918864,127.4329687
43,충청북도,진천,광혜원면,36.9766324,127.423758
43,충청북도,괴산,괴산읍,36.82666767,127.8051837
43,충청북도,괴산,감물면,36.83904837,127.8827093
43,충청북도,괴산,장연면,36.83532278,127.9348129
43,충청북도,괴산,연풍면,36.7667195,128.002839
43,충청북도,괴산,칠성면,36.7532606,127.8826286
43,충청북도,괴산,문광면,36.7716059,127.7740419
43,충청북도,괴산,청천면,36.67348661,127.8154764
43,충청북도,괴산,청안면,36.74911776,127.6821717
43,충청북도,괴산,사리면,36.81536098,127.6817108
43,충청북도,괴산,소수면,36.84894424,127.7273298
43,충청북도,괴산,불정면,36.8925764,127.8235777
43,충청북도,음성,음성읍,36.94183731,127.6549759
43,충청북도,음성,금왕읍,36.98801633,127.5733678
43,충청북도,음성,소이면,36.9128757,127.7521112
43,충청북도,음성,원남면,36.88134854,127.6475363
43,충청북도,음성,맹동면,36.91853458,127.5585645
43,충청북도,음성,대소면,36.96100991,127.491458
43,충청북도,음성,삼성면,37.01915275,127.49375
43,충청북도,음성,생극면,37.0357031,127.6121152
43,충청북도,음성,감곡면,37.09674398,127.6628317
43,충청북도,단양,단양읍,36.96062902,128.3911637
43,충청북도,단양,매포읍,37.04644217,128.3017595
43,충청북도,단양,대강면,36.86783004,128.3800928
43,충청북도,단양,가곡면,37.01426593,128.4317367
43,충청북도,단양,영춘면,37.06831636,128.4997783
43,충청북도,단양,어상천면,37.09709536,128.3469886
43,충청북도,단양,적성면,36.99501999,128.2762504
43,충청북도,단양,단성면,36.89745686,128.2902812
44,충청남도,동남구,목천읍,36.78845643,127.21269
44,충청남도,동남구,풍세면,36.73784779,127.1228587
44,충청남도,동남구,광덕면,36.67679386,127.0926069
44,충청남도,동남구,북면,36.83491184,127.2717907
44,충청남도,동남구,성남면,36.73211357,127.2366732
44,충청남도,동남구,수신면,36.725387,127.2858276
44,충청남도,동남구,병천면,36.79591552,127.31299
44,충청남도,동남구,동면,36.78115191,127.3671829
44,충청남도,동남구,중앙동,36.80321827,127.1495513
44,충청남도,동남구,문성동,36.81261149,127.1521601
44,충청남도,동남구,원성1동,36.81504766,127.1826042
44,충청남도,동남구,원성2동,36.80248659,127.1587525
44,충청남도,동남구,봉명동,36.80942919,127.1340792
44,충청남도,동남구,일봉동,36.79299575,127.1411536
44,충청남도,동남구,신방동,36.77835436,127.1280216
44,충청남도,동남구,청룡동,36.78061398,127.1618409
44,충청남도,동남구,신안동,36.83355658,127.1802946
44,충청남도,서북구,성환읍,36.93165624,127.1288265
44,충청남도,서북구,성거읍,36.87386979,127.1951605
44,충청남도,서북구,직산읍,36.88482072,127.1378416
44,충청남도,서북구,입장면,36.91040935,127.2259141
44,충청남도,서북구,성정1동,36.8134308,127.1419083
44,충청남도,서북구,성정2동,36.82403849,127.1400682
44,충청남도,서북구,쌍용1동,36.80121516,127.1302347
44,충청남도,서북구,쌍용2동,36.79429635,127.1184424
44,충청남도,서북구,쌍용3동,36.80840562,127.1222085
44,충청남도,서북구,백석동,36.82726421,127.1160788
44,충청남도,서북구,부성1동,36.84927211,127.1491261
44,충청남도,공주,유구읍,36.5966017,126.9684521
44,충청남도,공주,이인면,36.37435681,127.0701152
44,충청남도,공주,탄천면,36.326393,127.0293653
44,충청남도,공주,계룡면,36.36793997,127.1577815
44,충청남도,공주,반포면,36.38369275,127.2387419
44,충청남도,공주,의당면,36.54399726,127.1594212
44,충청남도,공주,정안면,36.59931883,127.0981075
44,충청남도,공주,우성면,36.47477492,127.0584929
44,충청남도,공주,사곡면,36.53861489,127.0336961
44,충청남도,공주,신풍면,36.5061568,126.9462056
44,충청남도,공주,중학동,36.45017909,127.1218144
44,충청남도,공주,웅진동,36.45911718,127.1122133
44,충청남도,공주,금학동,36.42397695,127.1004666
44,충청남도,공주,옥룡동,36.43640091,127.1610205
44,충청남도,공주,월송동,36.47363533,127.1621778
44,충청남도,보령,웅천읍,36.24181896,126.5882361
44,충청남도,보령,주포면,36.41060719,126.5802233
44,충청남도,보령,오천면,36.37743412,126.4286311
44,충청남도,보령,천북면,36.4844569,126.5293525
44,충청남도,보령,청소면,36.45158262,126.6050769
44,충청남도,보령,청라면,36.40354161,126.6591975
44,충청남도,보령,남포면,36.29622155,126.5785417
44,충청남도,보령,주산면,36.20219005,126.6170946
44,충청남도,보령,미산면,36.24296284,126.682532
44,충청남도,보령,성주면,36.3293286,126.6608096
44,충청남도,보령,주교면,36.38096447,126.5566472
44,충청남도,보령,대천1동,36.3640708,126.6059594
44,충청남도,보령,대천2동,36.35609706,126.575771
44,충청남도,보령,대천3동,36.35602476,126.6219227
44,충청남도,보령,대천4동,36.33426764,126.6145508
44,충청남도,보령,대천5동,36.32699106,126.547341
44,충청남도,아산,염치읍,36.82236906,126.9799649
44,충청남도,아산,배방읍,36.75385867,127.0687027
44,충청남도,아산,송악면,36.70341245,126.9942002
44,충청남도,아산,탕정면,36.80861311,127.068617
44,충청남도,아산,음봉면,36.85801104,127.048049
44,충청남도,아산,둔포면,36.91083091,127.0387285
44,충청남도,아산,영인면,36.88565598,126.9633473
44,충청남도,아산,인주면,36.85991347,126.8879456
44,충청남도,아산,선장면,36.79258839,126.8685192
44,충청남도,아산,도고면,36.74100165,126.9036861
44,충청남도,아산,신창면,36.78996837,126.9338658
44,충청남도,아산,온양1동,36.78835198,127.000652
44,충청남도,아산,온양2동,36.77940833,127.001711
44,충청남도,아산,온양3동,36.78768759,127.0217342
44,충청남도,아산,온양4동,36.78246415,126.9780599
44,충청남도,아산,온양5동,36.75410799,126.9836596
44,충청남도,아산,온양6동,36.75864444,127.0174351
44,충청남도,서산,대산읍,36.96613015,126.4216257
44,충청남도,서산,인지면,36.74834437,126.4174381
44,충청남도,서산,부석면,36.67931012,126.3985697
44,충청남도,서산,팔봉면,36.81888813,126.3665571
44,충청남도,서산,지곡면,36.8757752,126.4297527
44,충청남도,서산,성연면,36.83387662,126.4603968
44,충청남도,서산,음암면,36.7961374,126.5163016
44,충청남도,서산,운산면,36.77836801,126.5930968
44,충청남도,서산,해미면,36.71502739,126.5427871
44,충청남도,서산,고북면,36.66997536,126.5170678
44,충청남도,서산,부춘동,36.79292717,126.4347347
44,충청남도,서산,동문1동,36.79123718,126.4707385
44,충청남도,서산,도문2동,36.77955091,126.4578458
44,충청남도,서산,수석동,36.76887832,126.4834988
44,충청남도,서산,석남동,36.74444091,126.4619774
44,충청남도,논산,강경읍,36.15207326,127.0186588
44,충청남도,논산,연무읍,36.10982431,127.1033067
44,충청남도,논산,성동면,36.19986725,127.0280613
44,충청남도,논산,광석면,36.24219786,127.0834428
44,충청남도,논산,노성면,36.28818177,127.106469
44,충청남도,논산,상월면,36.29190548,127.1642471
44,충청남도,논산,부적면,36.2067987,127.1437733
44,충청남도,논산,연산면,36.22966344,127.199031
44,충청남도,논산,벌곡면,36.18866976,127.2869061
44,충청남도,논산,양촌면,36.13866943,127.2341308
44,충청남도,논산,가야곡면,36.14091116,127.1685586
44,충청남도,논산,은진면,36.16377073,127.1118083
44,충청남도,논산,채운면,36.16093258,127.0545589
44,충청남도,논산,취암동,36.19644515,127.1038548
44,충청남도,논산,부창동,36.1915035,127.0771011
44,충청남도,계룡,두마면,36.251911,127.2651171
44,충청남도,계룡,엄사면,36.27678786,127.2211627
44,충청남도,계룡,신도안면,36.32077513,127.2292947
44,충청남도,계룡,금암동,36.26229335,127.2506735
44,충청남도,당진,합덕읍,36.79280477,126.7744145
44,충청남도,당진,송악읍,36.92661346,126.7393972
44,충청남도,당진,고대면,36.94275436,126.5776503
44,충청남도,당진,석문면,37.01013849,126.5377823
44,충청남도,당진,대호지면,36.91441039,126.5151314
44,충청남도,당진,정미면,36.8589333,126.5654197
44,충청남도,당진,면천면,36.81488853,126.6602414
44,충청남도,당진,순성면,36.84494291,126.7082242
44,충청남도,당진,우강면,36.83059462,126.8093354
44,충청남도,당진,신평면,36.8846802,126.787845
44,충청남도,당진,송산면,36.95768081,126.6746643
44,충청남도,금산,금산읍,36.09545568,127.4716421
44,충청남도,금산,금성면,36.13608125,127.4660508
44,충청남도,금산,제원면,36.12899923,127.5654794
44,충청남도,금산,부리면,36.05930751,127.5787219
44,충청남도,금산,군북면,36.18176205,127.5424017
44,충청남도,금산,남일면,36.02846187,127.5083281
44,충청남도,금산,남이면,36.04949527,127.4307047
44,충청남도,금산,진산면,36.14079602,127.3751358
44,충청남도,금산,복수면,36.20110334,127.3971743
44,충청남도,금산,추부면,36.20465153,127.491637
44,충청남도,부여,부여읍,36.28624595,126.9471815
44,충청남도,부여,규암면,36.28563089,126.8754325
44,충청남도,부여,은산면,36.32807304,126.8174843
44,충청남도,부여,외산면,36.32244379,126.7212292
44,충청남도,부여,내산면,36.27983891,126.7623374
44,충청남도,부여,구룡면,36.25276856,126.8169198
44,충청남도,부여,홍산면,36.22975906,126.7614139
44,충청남도,부여,옥산면,36.19915249,126.7298202
44,충청남도,부여,남면,36.21287481,126.8071218
44,충청남도,부여,충화면,36.17324255,126.8261454
44,충청남도,부여,양화면,36.11744393,126.8555384
44,충청남도,부여,임천면,36.17417517,126.8897339
31,울산광역시,중구,성안동,35.57916462,129.308989
31,울산광역시,중구,중앙동,35.5537881,129.3228503
31,울산광역시,중구,우정동,35.56291108,129.3102144
31,울산광역시,중구,태화동,35.56318569,129.2948107
31,울산광역시,중구,다운동,35.56799914,129.2746009
31,울산광역시,중구,병영1동,35.56703618,129.3465348
31,울산광역시,중구,병영2동,35.58648378,129.3395855
31,울산광역시,중구,약사동,35.57918214,129.3306664
31,울산광역시,남구,신정1동,35.54355534,129.3046758
31,울산광역시,남구,신정2동,35.52896355,129.303833
31,울산광역시,남구,신정3동,35.54526696,129.3139751
31,울산광역시,남구,신정4동,35.52906658,129.3149372
31,울산광역시,남구,신정5동,35.54570708,129.3211414
31,울산광역시,남구,달동,35.53571763,129.3220583
31,울산광역시,남구,삼산동,35.54198686,129.3414508
31,울산광역시,남구,삼호동,35.54858543,129.2754273
31,울산광역시,남구,무거동,35.54226568,129.2540206
31,울산광역시,남구,옥동,35.52416694,129.2877147
31,울산광역시,남구,대현동,35.52679302,129.3279845
31,울산광역시,남구,수암동,35.52246164,129.3188311
31,울산광역시,남구,야음장생포동,35.5203892,129.3635102
31,울산광역시,동구,화정동,35.49441052,129.4206127
31,울산광역시,동구,대송동,35.50830638,129.4055551
31,울산광역시,동구,전하2동,35.50937879,129.4252102
31,울산광역시,동구,남목1동,35.53868984,129.4151024
31,울산광역시,동구,남목2동,35.52882038,129.4227481
31,울산광역시,북구,농소1동,35.62981768,129.3682886
31,울산광역시,북구,농소2동,35.65881748,129.3526313
31,울산광역시,북구,농소3동,35.62437059,129.3210001
31,울산광역시,북구,효문동,35.56881439,129.3731894
31,울산광역시,북구,송정동,35.5972324,129.3695985
31,울산광역시,북구,양정동,35.55217661,129.3891948
31,울산광역시,북구,염포동,35.53548809,129.3982539
31,울산광역시,울주,언양읍,35.58530088,129.1593094
31,울산광역시,울주,온양읍,35.41733863,129.2560354
31,울산광역시,울주,범서읍,35.59649635,129.2459769
31,울산광역시,울주,청량읍,35.49291663,129.269204
31,울산광역시,울주,웅촌면,35.46728401,129.1978395
31,울산광역시,울주,두동면,35.66275402,129.2121191
31,울산광역시,울주,두서면,35.67288583,129.1444076
31,울산광역시,울주,삼동면,35.50574818,129.1539807
41,경기도,장안,파장동,37.3204218,126.9889683
41,경기도,장안,율천동,37.29881025,126.9721434
41,경기도,장안,정자1동,37.30473736,126.9892464
41,경기도,장안,정자2동,37.29222805,126.998246
41,경기도,장안,정자3동,37.29848214,126.984497
41,경기도,장안,영화동,37.29121121,127.0136175
41,경기도,장안,송죽동,37.30635463,127.0048325
41,경기도,장안,조원1동,37.30050742,127.0166691
41,경기도,장안,조원2동,37.30862446,127.01329
41,경기도,장안,연무동,37.32471883,127.022772
41,경기도,권선,세류1동,37.2598718,127.005287
41,경기도,권선,세류2동,37.24491498,127.0077719
41,경기도,권선,세류3동,37.25990276,127.0151758
41,경기도,권선,평동,37.24508843,126.9798985
41,경기도,권선,서둔동,37.26761782,126.9816548
41,경기도,권선,구운동,37.2806907,126.9704473
41,경기도,권선,호매실동,37.26274186,126.9529045
41,경기도,권선,권선1동,37.25833548,127.0269872
41,경기도,권선,권선2동,37.24664458,127.0246713
41,경기도,권선,곡선동,37.23656255,127.0239754
41,경기도,권선,입북동,37.29043796,126.948437
41,경기도,팔달,매교동,37.26906826,127.0150443
41,경기도,팔달,매산동,37.26894464,127.0056666
41,경기도,팔달,고등동,37.27425441,127.0030913
41,경기도,팔달,화서1동,37.28034785,127.0011466
41,경기도,팔달,화서2동,37.28435084,126.9909346
41,경기도,팔달,지동,37.28053518,127.0249942
41,경기도,팔달,우만1동,37.28778455,127.0335685
41,경기도,팔달,우만2동,37.28122727,127.0391475
41,경기도,팔달,인계동,37.2686887,127.029823
41,경기도,팔달,행궁동,37.28180176,127.0162621
41,경기도,영통,매탄1동,37.2709493,127.0402479
41,경기도,영통,매탄2동,37.2705657,127.0513062
41,경기도,영통,매탄3동,37.25702506,127.049857
41,경기도,영통,매탄4동,37.26604392,127.0500542
41,경기도,영통,광교1동,37.30171107,127.0477707
41,경기도,수정,신흥1동,37.44085447,127.140525
41,경기도,수정,신흥2동,37.44977641,127.1479802
41,경기도,수정,신흥3동,37.4429217,127.1466012
41,경기도,수정,태평1동,37.44555446,127.1229753
41,경기도,수정,태평2동,37.44753719,127.136397
41,경기도,수정,태평3동,37.44537755,127.1321457
41,경기도,수정,태평4동,37.44832878,127.1408371
41,경기도,수정,수진1동,37.43832765,127.1358688
41,경기도,수정,수진2동,37.43648381,127.1256252
41,경기도,수정,단대동,37.45469691,127.157145
41,경기도,수정,산성동,37.45671769,127.1528167
41,경기도,수정,양지동,37.46427636,127.1662256
41,경기도,수정,복정동,37.4586818,127.1312802
41,경기도,수정,신촌동,37.45058158,127.1040431
41,경기도,수정,고등동,37.42926957,127.0811558
41,경기도,수정,시흥동,37.41176719,127.0846331
41,경기도,중원,성남동,37.43128824,127.1326984
41,경기도,중원,중앙동,37.43993747,127.1521629
41,경기도,중원,금광1동,37.44433161,127.1661755
41,경기도,중원,금광2동,37.4493947,127.168423
41,경기도,중원,은행1동,37.45243121,127.1669192
41,경기도,중원,은행2동,37.46112349,127.1745404
41,경기도,중원,상대원1동,37.44006724,127.1800521
41,경기도,중원,상대원2동,37.43611687,127.1575711
41,경기도,중원,상대원3동,37.43892321,127.1631733
41,경기도,중원,하대원동,37.42992682,127.1484026
41,경기도,중원,도촌동,37.41970359,127.1590048
41,경기도,분당,분당동,37.36848284,127.144005
41,경기도,분당,수내1동,37.37896718,127.1159752
41,경기도,분당,수내2동,37.37510867,127.1231104
41,경기도,분당,수내3동,37.36487388,127.1296409
41,경기도,분당,정자1동,37.37104948,127.1064471
41,경기도,분당,정자2동,37.36662243,127.1185655
41,경기도,분당,정자3동,37.35783644,127.1225691
41,경기도,분당,서현1동,37.38520738,127.1494695
41,경기도,분당,서현2동,37.37515248,127.13739
41,경기도,분당,이매1동,37.39478691,127.1326178
41,경기도,분당,이매2동,37.39853868,127.1219841
41,경기도,분당,야탑1동,37.41306824,127.1259955
41,경기도,분당,야탑2동,37.40764484,127.1274918
41,경기도,분당,야탑3동,37.40413393,127.1503795
41,경기도,분당,판교동,37.38998207,127.098658
41,경기도,분당,삼평동,37.40022689,127.1027477
41,경기도,분당,백현동,37.38252147,127.0990703
41,경기도,분당,금곡동,37.36276311,127.0962814
41,경기도,분당,구미1동,37.35248077,127.0933487
41,경기도,분당,구미동,37.34267726,127.1215318
41,경기도,분당,운중동,37.38191122,127.0590976
41,경기도,의정부,의정부1동,37.74580127,127.0485419
41,경기도,의정부,의정부2동,37.73576386,127.0369762
41,경기도,의정부,호원1동,37.70658024,127.036787
41,경기도,의정부,호원2동,37.72126652,127.0312759
41,경기도,의정부,장암동,37.70681517,127.0631907
41,경기도,의정부,신곡1동,37.73127031,127.0644168
41,경기도,의정부,신곡2동,37.74534566,127.0680236
41,경기도,의정부,송산1동,37.72603995,127.0976127
41,경기도,의정부,송산2동,37.75195977,127.1129243
41,경기도,의정부,자금동,37.76314306,127.0865324
41,경기도,의정부,흥선동,37.73692552,127.0191526
41,경기도,의정부,녹양동,37.76149435,127.0294049
41,경기도,만안,안양1동,37.39924643,126.9251184
41,경기도,만안,안양2동,37.40931577,126.920145
41,경기도,만안,안양3동,37.397965,126.9127611
41,경기도,만안,안양4동,37.39680034,126.9186658
41,경기도,만안,안양5동,37.39230313,126.9221707
41,경기도,만안,안양6동,37.38600725,126.9251243
41,경기도,만안,안양7동,37.38945339,126.9366101
41,경기도,만안,안양8동,37.38017438,126.9300132
41,경기도,만안,안양9동,37.37718829,126.9044001
41,경기도,만안,석수1동,37.42944747,126.9265781
41,경기도,만안,석수2동,37.41954125,126.9018995
46,전라남도,목포,용당1동,34.80671679,126.392975
46,전라남도,목포,용당2동,34.80045301,126.4003054
46,전라남도,목포,연동,34.797558,126.393109
46,전라남도,목포,산정동,34.80690142,126.3833971
46,전라남도,목포,연산동,34.81937833,126.3829747
46,전라남도,목포,원산동,34.80912057,126.3780768
46,전라남도,목포,대성동,34.79967282,126.3829469
46,전라남도,목포,목원동,34.79294734,126.3813539
46,전라남도,목포,동명동,34.78989549,126.3945282
46,전라남도,목포,삼학동,34.79172428,126.4022846
46,전라남도,목포,만호동,34.78421131,126.3897296
46,전라남도,목포,유달동,34.78038356,126.3393436
46,전라남도,목포,죽교동,34.79956936,126.3715843
46,전라남도,목포,북항동,34.80562021,126.3694161
46,전라남도,목포,용해동,34.81673584,126.4004821
46,전라남도,목포,이로동,34.79545581,126.4115539
46,전라남도,목포,상동,34.8189398,126.414893
46,전라남도,목포,하당동,34.80933463,126.4203828
46,전라남도,목포,신흥동,34.7996017,126.4251505
46,전라남도,목포,삼향동,34.83280825,126.4153318
46,전라남도,목포,옥암동,34.81461963,126.4366364
46,전라남도,목포,부흥동,34.79927606,126.4460087
46,전라남도,목포,부주동,34.8074513,126.4478049
46,전라남도,여수,돌산읍,34.64614293,127.7621561
46,전라남도,여수,소라면,34.78867129,127.6043127
46,전라남도,여수,율촌면,34.85102,127.5734056
46,전라남도,여수,화양면,34.69101439,127.5962922
46,전라남도,여수,남면,34.50922445,127.7632709
46,전라남도,여수,화정면,34.59925805,127.6161282
46,전라남도,여수,삼산면,34.16192366,127.3162191
46,전라남도,여수,동문동,34.7419957,127.743677
46,전라남도,여수,한려동,34.74455837,127.7511079
46,전라남도,여수,중앙동,34.73933575,127.7369895
46,전라남도,여수,충무동,34.75072671,127.7298176
46,전라남도,여수,광림동,34.75640767,127.7208209
46,전라남도,여수,서강동,34.74173113,127.721734
46,전라남도,여수,대교동,34.7355812,127.7235377
46,전라남도,여수,국동,34.73181739,127.714656
46,전라남도,여수,월호동,34.72024254,127.7109577
46,전라남도,여수,여서동,34.74716843,127.7065582
46,전라남도,여수,문수동,34.75558517,127.6990583
46,전라남도,여수,미평동,34.77382534,127.7097564
46,전라남도,여수,둔덕동,34.77740784,127.6987201
46,전라남도,여수,만덕동,34.77941606,127.738767
46,전라남도,여수,쌍봉동,34.74947091,127.6519909
46,전라남도,여수,시전동,34.7525265,127.6792509
46,전라남도,여수,여천동,34.77466719,127.6562044
46,전라남도,여수,주삼동,34.7912126,127.6654305
46,전라남도,여수,삼일동,34.8287606,127.7047087
46,전라남도,여수,묘도동,34.88328643,127.7208336
46,전라남도,순천,승주읍,35.01755144,127.3622099
46,전라남도,순천,해룡면,34.90603282,127.5499033
46,전라남도,순천,서면,35.02778377,127.4934975
46,전라남도,순천,황전면,35.1162267,127.4591446
46,전라남도,순천,월등면,35.08575688,127.3900208
46,전라남도,순천,주암면,35.06919963,127.2462393
46,전라남도,순천,송광면,34.98897612,127.2474348
46,전라남도,순천,외서면,34.91633497,127.2724533
46,전라남도,순천,낙안면,34.92108759,127.3460274
46,전라남도,순천,별량면,34.86970535,127.42949
46,전라남도,순천,상사면,34.93715962,127.4191581
46,전라남도,순천,향동,34.97328783,127.4403991
46,전라남도,순천,매곡동,34.96293821,127.4797278
46,전라남도,순천,삼산동,34.98315953,127.4698665
46,전라남도,순천,조곡동,34.95574148,127.4969667
46,전라남도,순천,덕연동,34.94322427,127.5166059
46,전라남도,순천,풍덕동,34.93487131,127.50454
46,전라남도,순천,남제동,34.94127138,127.4810935
46,전라남도,순천,저전동,34.94846645,127.4765365
46,전라남도,순천,장천동,34.94976835,127.4891045
46,전라남도,순천,중앙동,34.95638177,127.4873469
46,전라남도,순천,도사동,34.90492134,127.4957406
46,전라남도,순천,왕조1동,34.96876862,127.529957
46,전라남도,순천,왕조2동,34.95575868,127.5323264
46,전라남도,나주,남평읍,35.02843094,126.8630959
46,전라남도,나주,세지면,34.92712926,126.7328596
46,전라남도,나주,왕곡면,34.95999953,126.6706591
46,전라남도,나주,반남면,34.91363468,126.6550643
46,전라남도,나주,공산면,34.9497923,126.6009238
46,전라남도,나주,동강면,34.92624637,126.5527023
46,전라남도,나주,다시면,35.01483619,126.6405392
46,전라남도,나주,문평면,35.06746612,126.6308615
46,전라남도,나주,노안면,35.08322984,126.7167266
46,전라남도,나주,금천면,35.0234488,126.7615259
46,전라남도,나주,산포면,35.03078177,126.8088405
46,전라남도,나주,다도면,34.93449314,126.8361905
46,전라남도,나주,봉황면,34.94442816,126.7826108
46,전라남도,나주,송월동,35.01644434,126.7216825
46,전라남도,나주,영강동,35.00987781,126.6948382
46,전라남도,나주,금남동,35.03399519,126.7054638
46,전라남도,나주,성북동,35.05074635,126.723449
46,전라남도,나주,영산동,34.99144892,126.7368853
46,전라남도,나주,이창동,34.98555155,126.687243
46,전라남도,광양,광양읍,34.95982378,127.6039618
46,전라남도,광양,봉강면,35.04886107,127.5655402
46,전라남도,광양,옥룡면,35.05399994,127.6143731
46,전라남도,광양,옥곡면,34.99780779,127.6786418
46,전라남도,광양,진상면,35.05398104,127.6844851
46,전라남도,광양,진월면,35.00627036,127.7545592
46,전라남도,광양,다압면,35.11899112,127.6642951
46,전라남도,광양,골약동,34.93000579,127.6579098
46,전라남도,광양,중마동,34.94528648,127.6998545
46,전라남도,광양,광영동,34.96122749,127.7171561
46,전라남도,광양,금호동,34.91856662,127.7463462
46,전라남도,광양,태인동,34.94559013,127.7554562
46,전라남도,담양,담양읍,35.32087184,126.9829867
46,전라남도,담양,봉산면,35.26910005,126.955626
46,전라남도,담양,고서면,35.21978768,126.9741855
46,전라남도,담양,창평면,35.23114247,127.0151669
46,전라남도,담양,대덕면,35.23129902,127.0585763
46,전라남도,담양,무정면,35.28649177,127.0479835
46,전라남도,담양,금성면,35.34467616,127.0374987
46,전라남도,담양,용면,35.40650792,127.0052672
46,전라남도,담양,월산면,35.35860956,126.9312902
46,전라남도,담양,수북면,35.30356214,126.9235339
46,전라남도,담양,대전면,35.28457095,126.8879451
46,전라남도,곡성,곡성읍,35.28105086,127.2696062
46,전라남도,곡성,오곡면,35.23386361,127.3214624
46,전라남도,곡성,삼기면,35.2131467,127.2267561
46,전라남도,곡성,석곡면,35.15478088,127.2389837
46,전라남도,곡성,목사동면,35.10739414,127.3021457
46,전라남도,곡성,죽곡면,35.16179133,127.3395034
46,전라남도,곡성,고달면,35.27756324,127.3629512
46,전라남도,곡성,옥과면,35.29545579,127.1414859
46,전라남도,곡성,입면,35.29593038,127.2095653
46,전라남도,곡성,겸면,35.25315848,127.1773101
46,전라남도,곡성,오산면,35.23165076,127.1250727
46,전라남도,구례,구례읍,35.20299858,127.42639
46,전라남도,구례,문척면,35.16618403,127.4989336
46,전라남도,구례,간전면,35.15279822,127.5674344
46,전라남도,구례,토지면,35.24008131,127.5620842
46,전라남도,구례,마산면,35.24277319,127.4991294
46,전라남도,구례,광의면,35.26967715,127.4677564
46,전라남도,구례,용방면,35.24772208,127.4238372
46,전라남도,구례,산동면,35.31982005,127.4679536
46,전라남도,고흥,고흥읍,34.606756,127.2625426
46,전라남도,고흥,도양읍,34.53138008,127.1509762
46,전라남도,고흥,풍양면,34.55738112,127.240737
46,전라남도,고흥,도덕면,34.57727474,127.1834972
46,전라남도,고흥,금산면,34.45968117,127.1685861
46,전라남도,고흥,도화면,34.49846548,127.3214266
46,전라남도,고흥,포두면,34.56547735,127.3574682
46,전라남도,고흥,봉래면,34.44674233,127.4935155
46,전라남도,고흥,점암면,34.64432968,127.4003754
46,전라남도,고흥,과역면,34.68808288,127.3867948
46,전라남도,고흥,남양면,34.74154972,127.3591457
46,전라남도,고흥,동강면,34.79531711,127.3355418
46,전라남도,고흥,대서면,34.76244741,127.2817505
46,전라남도,고흥,두원면,34.65947287,127.2761981
46,전라남도,고흥,영남면,34.60455485,127.4559525
46,전라남도,고흥,동일면,34.50953691,127.4663742
46,전라남도,보성,보성읍,34.75093042,127.0699766
46,전라남도,보성,벌교읍,34.84610594,127.3214996
46,전라남도,보성,노동면,34.81089682,127.0538947
46,전라남도,보성,미력면,34.80869464,127.1064617
46,전라남도,보성,겸백면,34.82565626,127.1584803
46,전라남도,보성,율어면,34.86584546,127.2022097
46,전라남도,보성,복내면,34.89932082,127.1225751
46,전라남도,보성,문덕면,34.93869366,127.1847811
46,전라남도,보성,조성면,34.80368735,127.2390288
46,전라남도,보성,득량면,34.75128515,127.1681978
46,전라남도,보성,회천면,34.69204324,127.0943277
46,전라남도,보성,웅치면,34.70724666,127.0216562
46,전라남도,화순,화순읍,35.06146321,126.9628054
46,전라남도,화순,한천면,34.97055739,127.0328042
46,전라남도,화순,춘양면,34.94128877,126.9499181
46,전라남도,화순,청풍면,34.87605777,126.9538175
46,전라남도,화순,이양면,34.8908737,127.0300765
46,전라남도,화순,능주면,35.00525667,126.9565199
46,전라남도,화순,도곡면,35.0066414,126.9100754
46,전라남도,화순,도암면,34.91226264,126.8895112
46,전라남도,화순,이서면,35.10652583,127.0686314
46,전라남도,화순,동복면,35.07807625,127.1475558
46,전라남도,화순,동면,35.04114143,127.0433689
46,전라남도,장흥,장흥읍,34.67977238,126.9056234
46,전라남도,장흥,관산읍,34.55244341,126.9397422
46,전라남도,장흥,용산면,34.61355263,126.9262705
46,전라남도,장흥,안양면,34.65514474,126.990666
46,전라남도,장흥,장동면,34.74637021,126.9789822
46,전라남도,장흥,장평면,34.8080163,126.9631894
46,전라남도,장흥,유치면,34.79577655,126.8606312
46,전라남도,장흥,부산면,34.73273112,126.9097705
46,전라남도,장흥,회진면,34.47727036,126.9374359
46,전라남도,강진,강진읍,34.63047876,126.7405556
46,전라남도,강진,군동면,34.64466788,126.823394
46,전라남도,강진,칠량면,34.57451025,126.8302481
46,전라남도,강진,대구면,34.51426885,126.81889
46,전라남도,강진,도암면,34.56511119,126.7228367
46,전라남도,강진,신전면,34.49683392,126.7174628
46,전라남도,강진,성전면,34.70895349,126.7121715
46,전라남도,강진,작천면,34.70915318,126.7706398
46,전라남도,강진,병영면,34.71061559,126.8255913
46,전라남도,강진,옴천면,34.75788314,126.7870838
46,전라남도,강진,마량면,34.47266293,126.8304208
46,전라남도,해남,해남읍,34.55780496,126.5655033
46,전라남도,해남,삼산면,34.51102899,126.6048956
46,전라남도,해남,화산면,34.4831013,126.4946095
46,전라남도,해남,현산면,34.45386925,126.5696084
46,전라남도,해남,송지면,34.36796241,126.5348111
46,전라남도,해남,북평면,34.38892761,126.610484
46,전라남도,해남,북일면,34.46093218,126.6794439
46,전라남도,해남,옥천면,34.56237578,126.6554824
46,전라남도,해남,계곡면,34.65494524,126.6359536
46,전라남도,해남,마산면,34.62144379,126.5562425
46,전라남도,해남,황산면,34.57149788,126.4463604
46,전라남도,해남,산이면,34.65585757,126.4324776
46,전라남도,해남,문내면,34.60681767,126.3283097
46,전라남도,해남,화원면,34.68881683,126.3057133
46,전라남도,영암,영암읍,34.79073782,126.7234447
46,전라남도,영암,삼호읍,34.75265723,126.4587984
46,전라남도,영암,덕진면,34.8300186,126.7018455
46,전라남도,영암,금정면,34.85305395,126.781918
46,전라남도,영암,신북면,34.89222787,126.6899706
46,전라남도,영암,시종면,34.86967254,126.5922367
46,전라남도,영암,도포면,34.84486637,126.6412886
46,전라남도,영암,군서면,34.77959378,126.6365246
46,전라남도,영암,서호면,34.77241124,126.5754111
46,전라남도,영암,학산면,34.73191585,126.599369
46,전라남도,영암,미암면,34.70056239,126.5720381
46,전라남도,무안,무안읍,34.992504,126.4712101
46,전라남도,무안,일로읍,34.83383483,126.5083603
46,전라남도,무안,삼향읍,34.84658791,126.4470524
46,전라남도,무안,몽탄면,34.92301943,126.4999974
46,전라남도,무안,청계면,34.93145027,126.4286106
46,전라남도,무안,현경면,35.03860777,126.4114456
46,전라남도,무안,망운면,35.00097045,126.3798366
46,전라남도,무안,해제면,35.10218921,126.2911082
46,전라남도,무안,운남면,34.95183366,126.338031
46,전라남도,함평,함평읍,35.06802843,126.4887317
46,전라남도,함평,손불면,35.14153192,126.4316039
46,전라남도,함평,신광면,35.1627116,126.4877916
46,전라남도,함평,학교면,35.02069454,126.5617202
46,전라남도,함평,엄다면,35.01346784,126.5141266
46,전라남도,함평,대동면,35.10013697,126.5394614
46,전라남도,함평,나산면,35.12181589,126.6048316
46,전라남도,함평,해보면,35.16992768,126.575497
46,전라남도,함평,월야면,35.19079555,126.6263533
46,전라남도,영광,영광읍,35.29454644,126.505782
46,전라남도,영광,백수읍,35.30223185,126.4021837
46,전라남도,영광,홍농읍,35.40164474,126.4444267
46,전라남도,영광,대마면,35.29953273,126.5916887
46,전라남도,영광,묘량면,35.24364763,126.5595126
46,전라남도,영광,불갑면,35.20890935,126.5122248
46,전라남도,영광,군서면,35.26395457,126.4697641
46,전라남도,영광,군남면,35.22412674,126.438931
46,전라남도,영광,염산면,35.21744686,126.3646719
46,전라남도,영광,법성면,35.35356452,126.4708602
46,전라남도,영광,낙월면,35.29844878,126.0887258
46,전라남도,장성,장성읍,35.32643129,126.8158681
46,전라남도,장성,진원면,35.2681312,126.8409277
41,경기도,양평,서종면,37.60925562,127.4064055
41,경기도,양평,단월면,37.58275363,127.6357901
41,경기도,양평,청운면,37.54821753,127.7524418
41,경기도,양평,양동면,37.44291014,127.7421225
41,경기도,양평,지평면,37.44879883,127.6511146
41,경기도,양평,용문면,37.51978141,127.5880734
41,경기도,양평,개군면,37.4400606,127.5492277
44,충청남도,부여,장암면,36.22627878,126.9018089
44,충청남도,부여,세도면,36.17990871,126.9583566
44,충청남도,부여,석성면,36.23632297,126.9946399
44,충청남도,부여,초촌면,36.27041738,127.023892
44,충청남도,서천,장항읍,36.02094596,126.6911017
44,충청남도,서천,서천읍,36.08520011,126.70154
44,충청남도,서천,마서면,36.04973076,126.6909822
44,충청남도,서천,화양면,36.05114458,126.7890309
44,충청남도,서천,기산면,36.07852183,126.759761
44,충청남도,서천,한산면,36.08735731,126.8258978
44,충청남도,서천,마산면,36.13660313,126.7904739
44,충청남도,서천,시초면,36.11750565,126.7536584
44,충청남도,서천,문산면,36.15108704,126.7383166
44,충청남도,서천,판교면,36.15445746,126.6803607
44,충청남도,서천,종천면,36.11048314,126.6606694
44,충청남도,서천,비인면,36.14083444,126.6110647
44,충청남도,서천,서면,36.16201445,126.547575
44,충청남도,청양,청양읍,36.44882378,126.7901481
44,충청남도,청양,운곡면,36.52745763,126.8541103
44,충청남도,청양,대치면,36.44597317,126.8591744
44,충청남도,청양,정산면,36.42382425,126.9371476
44,충청남도,청양,목면,36.41302768,126.9940939
44,충청남도,청양,청남면,36.3488594,126.9481374
44,충청남도,청양,장평면,36.36556995,126.8840461
44,충청남도,청양,남양면,36.39153642,126.7702065
44,충청남도,청양,화성면,36.44302316,126.7154607
44,충청남도,청양,비봉면,36.49868721,126.7818351
44,충청남도,홍성,홍성읍,36.59292032,126.6626757
44,충청남도,홍성,광천읍,36.5084249,126.638483
44,충청남도,홍성,홍북읍,36.64130948,126.6853736
44,충청남도,홍성,금마면,36.6080948,126.730213
44,충청남도,홍성,홍동면,36.55660841,126.7045087
44,충청남도,홍성,장곡면,36.50260012,126.7087868
44,충청남도,홍성,은하면,36.53036759,126.5878696
44,충청남도,홍성,결성면,36.54855984,126.5478357
44,충청남도,홍성,서부면,36.57455216,126.4928383
44,충청남도,홍성,갈산면,36.61950249,126.5436988
44,충청남도,홍성,구항면,36.57407133,126.6188451
44,충청남도,예산,예산읍,36.70352331,126.8548747
44,충청남도,예산,삽교읍,36.69147826,126.7152728
44,충청남도,예산,대술면,36.66651131,126.9177898
44,충청남도,예산,신양면,36.60261461,126.8798706
44,충청남도,예산,광시면,36.56379267,126.7936232
44,충청남도,예산,대흥면,36.63283853,126.8214353
44,충청남도,예산,응봉면,36.64573995,126.7755208
44,충청남도,예산,덕산면,36.67820029,126.6270634
44,충청남도,예산,봉산면,36.74425222,126.6678401
44,충청남도,예산,고덕면,36.75601506,126.7237115
44,충청남도,예산,신암면,36.74466456,126.8059619
44,충청남도,예산,오가면,36.69262791,126.7906711
44,충청남도,태안,태안읍,36.75450291,126.3122537
44,충청남도,태안,안면읍,36.51853806,126.3565026
44,충청남도,태안,고남면,36.43335851,126.3964869
44,충청남도,태안,남면,36.65076216,126.3078598
44,충청남도,태안,근흥면,36.71400374,126.1959327
44,충청남도,태안,소원면,36.77821195,126.1790236
44,충청남도,태안,원북면,36.83798321,126.2337227
44,충청남도,태안,이원면,36.88796327,126.2806916
44,충청남도,당진,당진1동,36.89278811,126.6453429
44,충청남도,당진,당진2동,36.86158195,126.6247223
44,충청남도,당진,당진3동,36.90540879,126.6542213
47,경상북도,영덕,영해면,36.53048589,129.3342868
47,경상북도,영덕,병곡면,36.60809814,129.3855315
47,경상북도,영덕,창수면,36.60265155,129.296043
47,경상북도,청도,화양읍,35.66600834,128.7162086
47,경상북도,청도,청도읍,35.62805462,128.7565498
47,경상북도,청도,각남면,35.6171519,128.6558986
47,경상북도,청도,풍각면,35.63791966,128.5773624
47,경상북도,청도,각북면,35.69920344,128.582044
47,경상북도,청도,이서면,35.68888004,128.6620528
47,경상북도,청도,금천면,35.70247353,128.8970584
47,경상북도,청도,매전면,35.66406879,128.8304602
47,경상북도,고령,대가야읍,35.72969039,128.2564537
47,경상북도,고령,덕곡면,35.78316919,128.2038485
47,경상북도,고령,운수면,35.78291023,128.2973983
47,경상북도,고령,성산면,35.75546417,128.3570554
47,경상북도,고령,다산면,35.82099194,128.4176359
47,경상북도,고령,개진면,35.71406639,128.3657998
47,경상북도,고령,우곡면,35.65955699,128.3460207
47,경상북도,고령,쌍림면,35.68045779,128.2314886
47,경상북도,성주,성주읍,35.91838396,128.2802183
47,경상북도,성주,선남면,35.90366485,128.3519542
47,경상북도,성주,용암면,35.84497928,128.3155652
47,경상북도,성주,수륜면,35.82787377,128.2029968
47,경상북도,성주,가천면,35.86638558,128.128232
47,경상북도,성주,금수면,35.9242214,128.1242119
47,경상북도,성주,대가면,35.90215406,128.2157873
47,경상북도,성주,벽진면,35.97403209,128.1981354
47,경상북도,성주,초전면,36.00734381,128.2482808
47,경상북도,성주,월항면,35.97514584,128.3065843
47,경상북도,칠곡,왜관읍,35.97719011,128.4246989
47,경상북도,칠곡,북삼읍,36.06004013,128.3305625
47,경상북도,칠곡,석적읍,36.05168338,128.4340193
47,경상북도,칠곡,지천면,35.96192739,128.4874008
47,경상북도,칠곡,동명면,36.0094111,128.563178
47,경상북도,칠곡,가산면,36.07038194,128.5431647
47,경상북도,칠곡,약목면,36.02824208,128.3656564
47,경상북도,칠곡,기산면,35.98222159,128.3576428
47,경상북도,예천,예천읍,36.65694421,128.4530834
47,경상북도,예천,용문면,36.70636177,128.394338
47,경상북도,예천,효자면,36.79387867,128.4219595
47,경상북도,예천,은풍면,36.74508168,128.4423802
47,경상북도,예천,감천면,36.73291665,128.5161614
47,경상북도,예천,보문면,36.67728309,128.5521597
47,경상북도,예천,유천면,36.65303461,128.3659588
47,경상북도,예천,용궁면,36.60542985,128.3051189
47,경상북도,예천,개포면,36.60988409,128.3688922
47,경상북도,예천,지보면,36.55348081,128.3891686
47,경상북도,예천,풍양면,36.51330057,128.30375
47,경상북도,봉화,봉화읍,36.88996265,128.7072809
47,경상북도,봉화,물야면,36.97330285,128.733363
47,경상북도,봉화,봉성면,36.91803046,128.8093257
47,경상북도,봉화,법전면,36.9102848,128.9167553
47,경상북도,봉화,춘양면,37.00396515,128.8535071
47,경상북도,봉화,소천면,36.94563923,129.0278069
47,경상북도,봉화,재산면,36.8216366,129.0007045
47,경상북도,봉화,명호면,36.83935174,128.8886135
47,경상북도,봉화,상운면,36.83491548,128.7764039
47,경상북도,봉화,석포면,37.05082471,129.0542171
47,경상북도,울진,울진읍,37.00116465,129.3446679
47,경상북도,울진,평해읍,36.72998669,129.4373217
47,경상북도,울진,북면,37.07535508,129.3093622
47,경상북도,울진,금강송면,36.9470982,129.2076848
47,경상북도,울진,근남면,36.94585871,129.3606509
47,경상북도,울진,매화면,36.86330474,129.352697
47,경상북도,울진,기성면,36.80485552,129.407893
47,경상북도,울진,온정면,36.71755721,129.342275
47,경상북도,울진,죽변면,37.05309632,129.39509
47,경상북도,울진,후포면,36.67962686,129.4268723
47,경상북도,울릉,서면,37.49068389,130.8332789
47,경상북도,울릉,북면,37.52425571,130.8679489
48,경상남도,의창,동읍,35.30787222,128.6695685
48,경상남도,의창,북면,35.33106494,128.6064125
48,경상남도,의창,대산면,35.34325983,128.7091471
48,경상남도,의창,의창동,35.26499565,128.6126716
48,경상남도,의창,팔룡동,35.23521428,128.6316602
48,경상남도,의창,명곡동,35.25493833,128.6447685
48,경상남도,의창,봉림동,35.24757184,128.6877576
48,경상남도,성산,반송동,35.2397706,128.6672836
48,경상남도,성산,중앙동,35.21973979,128.670832
48,경상남도,성산,상남동,35.21831071,128.6870585
48,경상남도,성산,사파동,35.22113805,128.7091638
48,경상남도,성산,가음정동,35.20832949,128.694639
48,경상남도,성산,성주동,35.18528396,128.7163989
48,경상남도,성산,웅남동,35.19124821,128.6340849
48,경상남도,마산합포,구산면,35.09621999,128.577471
48,경상남도,마산합포,진동면,35.13370224,128.5084315
48,경상남도,마산합포,진북면,35.14945407,128.4600941
48,경상남도,마산합포,진전면,35.13109798,128.4029052
48,경상남도,마산합포,현동,35.15412977,128.5533591
48,경상남도,마산합포,가포동,35.16196869,128.5746511
48,경상남도,마산합포,월영동,35.17711752,128.558593
48,경상남도,마산합포,문화동,35.18757867,128.5522172
48,경상남도,마산합포,반월중앙동,35.19298977,128.5634318
48,경상남도,마산합포,완월동,35.19865494,128.5503548
48,경상남도,마산합포,자산동,35.20458188,128.5607421
48,경상남도,마산합포,오동동,35.20387694,128.5744564
48,경상남도,마산합포,교방동,35.21050584,128.5519336
48,경상남도,마산합포,합포동,35.21129395,128.5810322
48,경상남도,마산합포,산호동,35.21699844,128.5840352
48,경상남도,마산회원,내서읍,35.23064985,128.5134097
48,경상남도,마산회원,회원1동,35.22031057,128.5738459
48,경상남도,마산회원,회원2동,35.21949499,128.5476969
48,경상남도,마산회원,석전동,35.23281277,128.5715818
48,경상남도,마산회원,회성동,35.23857877,128.550408
48,경상남도,마산회원,양덕1동,35.23200868,128.5899296
48,경상남도,마산회원,양덕2동,35.2256412,128.5838755
48,경상남도,마산회원,합성1동,35.24860507,128.5757056
48,경상남도,마산회원,합성2동,35.23900764,128.5965888
48,경상남도,마산회원,구암1동,35.25999861,128.5850713
48,경상남도,마산회원,구암2동,35.24900671,128.5977882
48,경상남도,마산회원,봉암동,35.22155428,128.604869
48,경상남도,진해,충무동,35.15045992,128.6670887
48,경상남도,진해,여좌동,35.16758661,128.6625731
48,경상남도,진해,태백동,35.1578829,128.6741713
48,경상남도,진해,경화동,35.16070447,128.6820531
48,경상남도,진해,병암동,35.16047535,128.6916577
48,경상남도,진해,석동,35.16071012,128.7027175
48,경상남도,진해,이동,35.15037582,128.6973047
48,경상남도,진해,자은동,35.15242593,128.7226863
48,경상남도,진해,덕산동,35.14304947,128.7046155
48,경상남도,진해,풍호동,35.12417967,128.7084355
48,경상남도,진해,웅천동,35.10597897,128.7444124
48,경상남도,진해,웅동1동,35.13673191,128.7780462
48,경상남도,진해,웅동2동,35.10043343,128.8122866
48,경상남도,진주,문산읍,35.15703612,128.1817666
48,경상남도,진주,내동면,35.1432662,128.040256
48,경상남도,진주,정촌면,35.1273088,128.1139649
48,경상남도,진주,금곡면,35.10432122,128.188202
48,경상남도,진주,진성면,35.1750016,128.2299394
48,경상남도,진주,일반성면,35.15616912,128.2850519
48,경상남도,진주,이반성면,35.1649489,128.3347362
48,경상남도,진주,사봉면,35.19943934,128.2782444
48,경상남도,진주,지수면,35.23571381,128.2636281
48,경상남도,진주,대곡면,35.2630368,128.1761648
48,경상남도,진주,금산면,35.20940731,128.1580593
48,경상남도,진주,집현면,35.25365529,128.0869484
48,경상남도,진주,미천면,35.30737098,128.1119043
48,경상남도,진주,명석면,35.25492123,128.0210333
48,경상남도,진주,대평면,35.20003528,127.9802702
48,경상남도,진주,수곡면,35.20358492,127.9298595
48,경상남도,진주,천전동,35.17538606,128.0854969
48,경상남도,진주,성북동,35.1919836,128.0767899
48,경상남도,진주,중앙동,35.19572548,128.0903096
48,경상남도,진주,상봉동,35.20320375,128.0726148
48,경상남도,진주,상대동,35.18341679,128.1122703
48,경상남도,진주,하대동,35.19193814,128.1158541
48,경상남도,진주,상평동,35.17334906,128.1142233
48,경상남도,진주,초장동,35.21148411,128.1000888
48,경상남도,진주,평거동,35.17571209,128.0616581
48,경상남도,진주,신안동,35.18442995,128.0702566
48,경상남도,진주,이현동,35.19837053,128.053951
48,경상남도,진주,판문동,35.17890085,128.030992
48,경상남도,진주,가호동,35.15671707,128.1122754
48,경상남도,통영,산양읍,34.79399195,128.3924505
48,경상남도,통영,용남면,34.88712217,128.452202
48,경상남도,통영,도산면,34.90624923,128.3554462
48,경상남도,통영,광도면,34.92214925,128.4081039
48,경상남도,통영,욕지면,34.64709592,128.2587705
48,경상남도,통영,한산면,34.75198065,128.5004911
48,경상남도,통영,사량면,34.83033545,128.2111268
48,경상남도,통영,도천동,34.84447012,128.3928426
48,경상남도,통영,명정동,34.85323811,128.4062411
48,경상남도,통영,중앙동,34.84602652,128.4232025
48,경상남도,통영,정량동,34.84648395,128.4360103
48,경상남도,통영,북신동,34.85454592,128.4242093
48,경상남도,통영,미수동,34.82420202,128.4019705
48,경상남도,통영,봉평동,34.82401609,128.4219287
48,경상남도,통영,무전동,34.86054021,128.4289181
48,경상남도,사천,사천읍,35.09201067,128.1185132
48,경상남도,사천,정동면,35.05117348,128.1361594
48,경상남도,사천,사남면,35.02716932,128.1064186
48,경상남도,사천,용현면,35.01953373,128.0682195
48,경상남도,사천,축동면,35.10626448,128.0592143
48,경상남도,사천,곤양면,35.07163632,127.9843877
48,경상남도,사천,곤명면,35.12056589,127.9461395
48,경상남도,사천,서포면,35.01191184,127.9685484
48,경상남도,사천,동서동,34.93566284,128.0557434
48,경상남도,사천,선구동,34.9490471,128.0765195
48,경상남도,사천,동서금동,34.92990765,128.0799046
48,경상남도,사천,벌룡동,34.96337459,128.0995922
48,경상남도,사천,향촌동,34.9435108,128.1094012
48,경상남도,사천,남양동,34.97984946,128.0736019
48,경상남도,김해,진영읍,35.29472447,128.7397298
48,경상남도,김해,장유3동,35.16987668,128.8215198
48,경상남도,김해,주촌면,35.24297718,128.8221924
48,경상남도,김해,진례면,35.24272899,128.7581257
48,경상남도,김해,한림면,35.31195968,128.8084896
48,경상남도,김해,생림면,35.34332909,128.8511009
48,경상남도,김해,상동면,35.31809051,128.9181059
48,경상남도,김해,대동면,35.25979353,128.9682029
48,경상남도,김해,동상동,35.24236822,128.887723
48,경상남도,김해,회현동,35.2303387,128.8776535
48,경상남도,김해,부원동,35.2236827,128.8889907
48,경상남도,김해,내외동,35.23683093,128.8609787
48,경상남도,김해,북부동,35.26554273,128.8686844
48,경상남도,김해,활천동,35.23336802,128.9006193
48,경상남도,김해,삼안동,35.25547983,128.90714
48,경상남도,김해,불암동,35.22747079,128.9235209
48,경상남도,밀양,삼랑진읍,35.42609914,128.8410532
48,경상남도,밀양,하남읍,35.3784452,128.740772
48,경상남도,밀양,부북면,35.52230733,128.7150334
48,경상남도,밀양,상동면,35.557462,128.7854213
48,경상남도,밀양,산외면,35.52292456,128.8204685
48,경상남도,밀양,산내면,35.59209065,128.9244878
48,경상남도,밀양,단장면,35.50539516,128.9101802
48,경상남도,밀양,상남면,35.42065483,128.764149
48,경상남도,밀양,초동면,35.4185299,128.6838701
48,경상남도,밀양,무안면,35.48601951,128.6430645
48,경상남도,밀양,청도면,35.55914093,128.632481
48,경상남도,밀양,내일동,35.48602568,128.7921877
48,경상남도,밀양,내이동,35.49869413,128.7417875
48,경상남도,밀양,삼문동,35.48340745,128.751949
48,경상남도,밀양,가곡동,35.4751465,128.7813784
48,경상남도,밀양,교동,35.50810224,128.7636106
48,경상남도,거제,일운면,34.82043654,128.6953701
48,경상남도,거제,동부면,34.79812861,128.6145298
48,경상남도,거제,남부면,34.73769895,128.6150313
48,경상남도,거제,거제면,34.85063442,128.5739573
48,경상남도,거제,둔덕면,34.85688191,128.5128908
48,경상남도,거제,사등면,34.90516708,128.5294941
48,경상남도,거제,연초면,34.92703065,128.653086
48,경상남도,거제,하청면,34.96785965,128.6349154
48,경상남도,거제,장목면,34.98288605,128.6954858
48,경상남도,거제,장승포동,34.86326842,128.72614
48,경상남도,거제,능포동,34.88107104,128.7340995
48,경상남도,거제,아주동,34.86728596,128.6907638
48,경상남도,거제,옥포1동,34.88786769,128.6868998
48,경상남도,거제,옥포2동,34.90798128,128.6987919
48,경상남도,거제,장평동,34.8940896,128.5986968
48,경상남도,거제,고현동,34.88320486,128.623333
48,경상남도,거제,상문동,34.85131532,128.6476991
48,경상남도,거제,수양동,34.88504877,128.6562239
48,경상남도,양산,물금읍,35.31523031,129.0008418
48,경상남도,양산,원동면,35.41791019,128.9592523
48,경상남도,양산,상북면,35.42453186,129.0445739
48,경상남도,양산,하북면,35.46312558,129.084251
48,경상남도,양산,중앙동,35.34380067,129.0506816
48,경상남도,양산,양주동,35.33480707,129.0284984
48,경상남도,양산,삼성동,35.3656795,129.0679163
48,경상남도,양산,강서동,35.38411196,129.010827
48,경상남도,양산,서창동,35.40824105,129.1866704
48,경상남도,양산,소주동,35.41274717,129.1451007
48,경상남도,양산,평산동,35.38288771,129.1274533
48,경상남도,의령,의령읍,35.30375366,128.2636896
48,경상남도,의령,가례면,35.35591095,128.2272165
48,경상남도,의령,칠곡면,35.34948765,128.1850201
48,경상남도,의령,대의면,35.36780899,128.1430029
48,경상남도,의령,화정면,35.28426424,128.2168192
48,경상남도,의령,용덕면,35.35705844,128.278748
48,경상남도,의령,정곡면,35.37658652,128.3350239
48,경상남도,의령,지정면,35.39241913,128.3895678
48,경상남도,의령,낙서면,35.48414789,128.3908218
48,경상남도,의령,부림면,35.47724282,128.3321368
48,경상남도,의령,봉수면,35.47648099,128.2665575
48,경상남도,의령,궁류면,35.43319612,128.2317121
48,경상남도,의령,유곡면,35.42264893,128.2960173
48,경상남도,함안,가야읍,35.27358074,128.39546
48,경상남도,함안,함안면,35.23018992,128.4242083
48,경상남도,함안,군북면,35.25758113,128.3336524
48,경상남도,함안,법수면,35.32711156,128.3507826
48,경상남도,함안,대산면,35.3478171,128.4364549
48,경상남도,함안,칠서면,35.35151942,128.4970662
48,경상남도,함안,칠북면,35.35486605,128.5393319
48,경상남도,함안,칠원읍,35.29493994,128.527751
48,경상남도,함안,산인면,35.27647194,128.4536148
48,경상남도,함안,여항면,35.19515705,128.444764
48,경상남도,창녕,창녕읍,35.523788,128.5197846
48,경상남도,창녕,남지읍,35.42840845,128.4333498
48,경상남도,창녕,고암면,35.57068203,128.5351662
48,경상남도,창녕,성산면,35.62294637,128.5204207
48,경상남도,창녕,대합면,35.59476334,128.4455185
48,경상남도,창녕,이방면,35.56854619,128.3826365
48,경상남도,창녕,유어면,35.51773807,128.4208531
48,경상남도,창녕,대지면,35.54262203,128.4588149
48,경상남도,창녕,계성면,35.47664555,128.5156189
48,경상남도,창녕,영산면,35.4466613,128.5247418
48,경상남도,창녕,장마면,35.4679981,128.4696432
48,경상남도,창녕,도천면,35.42343043,128.5331664
48,경상남도,창녕,길곡면,35.40358474,128.5679352
48,경상남도,창녕,부곡면,35.41760106,128.6170043
48,경상남도,고성,고성읍,34.97714994,128.3159048
48,경상남도,고성,삼산면,34.94479783,128.271426
48,경상남도,고성,하일면,34.93641351,128.1920247
48,경상남도,고성,하이면,34.93779329,128.1426042
48,경상남도,고성,상리면,34.9972443,128.2000923
48,경상남도,고성,대가면,35.02746458,128.2767041
48,경상남도,고성,영현면,35.04785561,128.2189587
48,경상남도,고성,영오면,35.10377243,128.2307766
48,경상남도,고성,개천면,35.09681047,128.2863598
48,경상남도,고성,구만면,35.09301631,128.3378906
48,경상남도,고성,회화면,35.07512747,128.3873445
48,경상남도,고성,마암면,35.04511312,128.3349092
48,경상남도,고성,동해면,35.024716,128.4445209
48,경상남도,고성,거류면,34.98437957,128.3826966
48,경상남도,남해,남해읍,34.83180316,127.8908779
48,경상남도,남해,이동면,34.78750182,127.9517898
48,경상남도,남해,상주면,34.73270956,127.9792165
48,경상남도,남해,삼동면,34.79496291,128.0193409
48,경상남도,남해,미조면,34.72938582,128.0364651
48,경상남도,남해,남면,34.76243227,127.8783559
48,경상남도,남해,서면,34.83835038,127.8427167
48,경상남도,남해,고현면,34.88943452,127.8719127
36,세종특별자치시,세종,소담동,36.48986437,127.3085969
36,세종특별자치시,세종,한솔동,36.47330402,127.2495465
51,강원특별자치도,양양,강현면,38.12929386,128.5606065
51,강원특별자치도,춘천,신북읍,37.95986131,127.7534692
46,전라남도,장성,남면,35.24319327,126.7979091
46,전라남도,장성,동화면,35.26457965,126.7191897
46,전라남도,장성,삼서면,35.23252561,126.643486
46,전라남도,장성,삼계면,35.28539572,126.6648592
46,전라남도,장성,황룡면,35.30809429,126.7315077
46,전라남도,장성,서삼면,35.34972636,126.7516026
46,전라남도,장성,북일면,35.38641545,126.7774364
46,전라남도,장성,북이면,35.43168923,126.7957401
46,전라남도,장성,북하면,35.40648601,126.8688484
46,전라남도,완도,완도읍,34.32815487,126.7160384
46,전라남도,완도,금일읍,34.34279781,127.0578929
46,전라남도,완도,노화읍,34.20373786,126.5644711
46,전라남도,완도,군외면,34.36470201,126.6662072
46,전라남도,완도,신지면,34.33066566,126.8396816
46,전라남도,완도,약산면,34.38128875,126.9052929
46,전라남도,완도,청산면,34.16432416,126.8761738
46,전라남도,완도,소안면,34.16417134,126.6466609
46,전라남도,완도,금당면,34.4348668,127.0533978
46,전라남도,완도,보길면,34.15209376,126.5470708
46,전라남도,완도,생일면,34.31546932,126.9860605
46,전라남도,진도,진도읍,34.49043341,126.2406643
46,전라남도,진도,군내면,34.53539138,126.2828052
46,전라남도,진도,고군면,34.48702352,126.3436558
46,전라남도,진도,의신면,34.43249529,126.2917691
46,전라남도,진도,임회면,34.39454773,126.2051073
46,전라남도,진도,지산면,34.44017074,126.1573662
46,전라남도,진도,조도면,34.312779,126.0152953
46,전라남도,신안,지도읍,35.0602913,126.2102991
46,전라남도,신안,압해읍,34.88319398,126.3010839
46,전라남도,신안,증도면,34.98565257,126.1566301
46,전라남도,신안,임자면,35.09255866,126.0798184
46,전라남도,신안,자은면,34.88771073,126.044982
46,전라남도,신안,비금면,34.75947553,125.9477876
46,전라남도,신안,도초면,34.67627273,125.9353851
46,전라남도,신안,흑산면,34.53488599,125.3239509
46,전라남도,신안,하의면,34.6097905,126.0198876
46,전라남도,신안,신의면,34.57865262,126.0744448
46,전라남도,신안,장산면,34.63983992,126.1556184
46,전라남도,신안,안좌면,34.73231098,126.1277445
46,전라남도,신안,팔금면,34.78549114,126.1398672
46,전라남도,신안,암태면,34.84154107,126.1088768
47,경상북도,포항남구,구룡포읍,35.98625544,129.5360371
47,경상북도,포항남구,연일읍,36.00434606,129.3164627
47,경상북도,포항남구,오천읍,35.91870349,129.3964954
47,경상북도,포항남구,대송면,35.94481,129.3528047
47,경상북도,포항남구,동해면,35.99768562,129.486486
47,경상북도,포항남구,장기면,35.90223037,129.4769249
47,경상북도,포항남구,대보면,36.05433957,129.5555831
47,경상북도,포항남구,상대동,36.01184719,129.357477
47,경상북도,포항남구,해도동,36.02007017,129.3718415
47,경상북도,포항남구,송도동,36.03517503,129.3767047
47,경상북도,포항남구,청림동,35.99194992,129.4172667
47,경상북도,포항남구,제철동,36.00227302,129.3898935
47,경상북도,포항남구,효곡동,36.01966454,129.3244428
47,경상북도,포항남구,대이동,36.0261544,129.3347207
47,경상북도,포항북구,흥해읍,36.10779955,129.3440656
47,경상북도,포항북구,신광면,36.1467986,129.2549004
47,경상북도,포항북구,청하면,36.19236888,129.3241394
47,경상북도,포항북구,송라면,36.24464573,129.3234554
47,경상북도,포항북구,기계면,36.0876827,129.178048
47,경상북도,포항북구,죽장면,36.21557531,129.1421188
47,경상북도,포항북구,기북면,36.15173081,129.1834706
47,경상북도,포항북구,중앙동,36.04677543,129.3681292
47,경상북도,포항북구,양학동,36.03265484,129.343944
47,경상북도,포항북구,죽도동,36.02614189,129.359556
47,경상북도,포항북구,용흥동,36.04181462,129.349691
47,경상북도,포항북구,우창동,36.06245235,129.357249
47,경상북도,포항북구,두호동,36.06375307,129.3804072
47,경상북도,포항북구,장량동,36.08346722,129.3830596
47,경상북도,포항북구,환여동,36.07302697,129.4033181
47,경상북도,경주,감포읍,35.80610791,129.4787732
47,경상북도,경주,안강읍,35.98183104,129.18402
47,경상북도,경주,건천읍,35.83164683,129.1035362
47,경상북도,경주,외동읍,35.71240008,129.3132983
47,경상북도,경주,내남면,35.74775769,129.1747955
47,경상북도,경주,산내면,35.74913554,129.0368669
47,경상북도,경주,서면,35.8966494,129.0657145
47,경상북도,경주,현곡면,35.89673428,129.1705737
47,경상북도,경주,강동면,35.99529476,129.2724103
47,경상북도,경주,천북면,35.90428049,129.2767846
47,경상북도,경주,중부동,35.84403119,129.2089516
47,경상북도,경주,황오동,35.84494549,129.2197444
47,경상북도,경주,성건동,35.85738717,129.1931716
47,경상북도,경주,황남동,35.8090317,129.1989587
47,경상북도,경주,선도동,35.83798854,129.1649542
47,경상북도,경주,월성동,35.81112428,129.246886
47,경상북도,경주,용강동,35.87203918,129.232524
47,경상북도,경주,황성동,35.86770525,129.2153175
47,경상북도,경주,동천동,35.85115506,129.2358906
47,경상북도,경주,불국동,35.7819888,129.2980891
47,경상북도,경주,보덕동,35.84620304,129.3178584
47,경상북도,김천,아포읍,36.1555912,128.2496733
47,경상북도,김천,농소면,36.0786222,128.1842817
47,경상북도,김천,남면,36.09505623,128.2407256
47,경상북도,김천,개령면,36.17389087,128.1814092
47,경상북도,김천,감문면,36.22148479,128.1721362
47,경상북도,김천,어모면,36.20308921,128.0953664
47,경상북도,김천,봉산면,36.17030765,128.0309471
47,경상북도,김천,대항면,36.10052006,128.0079528
47,경상북도,김천,감천면,36.06135456,128.139945
47,경상북도,김천,조마면,36.00982417,128.1182759
47,경상북도,김천,구성면,36.04232487,128.0307024
47,경상북도,김천,지례면,35.96520762,128.046447
47,경상북도,김천,부항면,36.000465,127.9357858
47,경상북도,김천,대덕면,35.91489512,127.9499067
47,경상북도,김천,증산면,35.87884711,128.0307423
47,경상북도,김천,자산동,36.12386861,128.1248421
47,경상북도,김천,평화남산동,36.1217175,128.1127518
47,경상북도,김천,양금동,36.09727405,128.1085747
47,경상북도,김천,대신동,36.14549453,128.1092527
47,경상북도,김천,대곡동,36.1154429,128.0820846
47,경상북도,김천,지좌동,36.11706293,128.1453467
47,경상북도,안동,풍산읍,36.59400057,128.5851824
47,경상북도,안동,와룡면,36.63067976,128.7931502
47,경상북도,안동,북후면,36.67820535,128.6763785
47,경상북도,안동,서후면,36.62821632,128.6564412
47,경상북도,안동,풍천면,36.52582255,128.5155001
47,경상북도,안동,일직면,36.46450986,128.6379488
47,경상북도,안동,남후면,36.52842621,128.6257064
47,경상북도,안동,남선면,36.50819984,128.7535851
47,경상북도,안동,임하면,36.51048394,128.8461311
47,경상북도,안동,길안면,36.41387969,128.9161867
47,경상북도,안동,임동면,36.57947593,128.9388778
47,경상북도,안동,예안면,36.6847884,128.9134131
47,경상북도,안동,도산면,36.74776381,128.8467867
47,경상북도,안동,녹전면,36.7502759,128.768343
47,경상북도,안동,중구동,36.57355872,128.7508482
47,경상북도,안동,명륜동,36.58335034,128.7389901
47,경상북도,안동,용상동,36.56153338,128.7855936
47,경상북도,안동,서구동,36.56433551,128.7225263
47,경상북도,안동,태화동,36.56073751,128.7090286
47,경상북도,안동,평화동,36.57226192,128.7122252
47,경상북도,안동,안기동,36.59420177,128.7141057
47,경상북도,안동,옥동,36.55774346,128.6912081
47,경상북도,안동,송하동,36.58058023,128.6894373
47,경상북도,안동,강남동,36.54320158,128.7178726
47,경상북도,구미,선산읍,36.24232455,128.2927432
47,경상북도,구미,고아읍,36.18466305,128.3281836
47,경상북도,구미,무을면,36.26754498,128.1884366
47,경상북도,구미,옥성면,36.30407645,128.2605823
47,경상북도,구미,도개면,36.30482138,128.353489
47,경상북도,구미,해평면,36.2221143,128.3902042
47,경상북도,구미,장천면,36.14813108,128.514158
47,경상북도,구미,송정동,36.11796964,128.3474769
47,경상북도,구미,도량동,36.14194069,128.3280777
47,경상북도,구미,지산동,36.1353959,128.355593
47,경상북도,구미,선주원남동,36.12443401,128.3048684
47,경상북도,구미,형곡1동,36.11462619,128.3326654
47,경상북도,구미,형곡2동,36.10388226,128.3342507
47,경상북도,구미,신평1동,36.11982899,128.3618235
47,경상북도,구미,신평2동,36.12534206,128.3657746
47,경상북도,구미,비산동,36.12280643,128.3787742
47,경상북도,구미,광평동,36.10937111,128.3579389
47,경상북도,구미,상모사곡동,36.09239215,128.3485806
47,경상북도,구미,임오동,36.0752901,128.3651864
47,경상북도,구미,인동동,36.09875172,128.4459112
47,경상북도,구미,진미동,36.10207284,128.4102876
47,경상북도,구미,양포동,36.13357738,128.4184813
47,경상북도,영주,풍기읍,36.90197853,128.4890968
47,경상북도,영주,이산면,36.81797229,128.6911768
47,경상북도,영주,평은면,36.74221561,128.7000346
47,경상북도,영주,문수면,36.74822632,128.6240073
47,경상북도,영주,장수면,36.77900225,128.5691917
47,경상북도,영주,안정면,36.84152121,128.5564601
47,경상북도,영주,봉현면,36.8273241,128.4969113
47,경상북도,영주,순흥면,36.93355349,128.5492715
47,경상북도,영주,단산면,36.96827873,128.5944545
47,경상북도,영주,부석면,36.9906503,128.6555318
47,경상북도,영주,상망동,36.85473828,128.6365759
47,경상북도,영주,하망동,36.82290978,128.6365202
47,경상북도,영주,영주1동,36.82923957,128.6208467
47,경상북도,영주,영주2동,36.82324564,128.6185571
47,경상북도,영주,휴천1동,36.81291769,128.6486656
47,경상북도,영주,휴천2동,36.80799051,128.6202638
47,경상북도,영주,휴천3동,36.79606671,128.6364075
47,경상북도,영주,가흥1동,36.80324214,128.6061716
47,경상북도,영주,가흥2동,36.83934582,128.5987894
47,경상북도,영천,금호읍,35.92158165,128.8993614
47,경상북도,영천,청통면,35.99476994,128.8161014
47,경상북도,영천,신녕면,36.05477858,128.7587699
47,경상북도,영천,화산면,36.04000265,128.8546882
47,경상북도,영천,화북면,36.13078086,128.9433216
47,경상북도,영천,화남면,36.08106813,128.8963205
47,경상북도,영천,임고면,36.04309597,129.0351478
47,경상북도,영천,고경면,35.98321994,129.0612685
47,경상북도,영천,북안면,35.9007663,129.0040642
47,경상북도,영천,대창면,35.86411217,128.9192747
47,경상북도,영천,동부동,35.98656937,128.954912
47,경상북도,영천,중앙동,36.00933756,128.9303147
47,경상북도,영천,서부동,35.9736438,128.90452
47,경상북도,영천,완산동,35.96207707,128.9526625
47,경상북도,영천,남부동,35.92895943,128.9531976
47,경상북도,상주,함창읍,36.54993684,128.197075
47,경상북도,상주,중동면,36.43083045,128.2869432
47,경상북도,상주,낙동면,36.36471889,128.2371005
47,경상북도,상주,청리면,36.32851527,128.1349854
47,경상북도,상주,공성면,36.28801543,128.0744859
47,경상북도,상주,외남면,36.35888201,128.0820863
47,경상북도,상주,내서면,36.41336911,128.050615
47,경상북도,상주,모동면,36.29884052,127.9676645
47,경상북도,상주,모서면,36.33468297,127.9284089
47,경상북도,상주,화동면,36.39410918,127.9571082
47,경상북도,상주,화서면,36.45321932,127.9510462
47,경상북도,상주,화북면,36.5795468,127.8840574
47,경상북도,상주,외서면,36.48297436,128.067856
47,경상북도,상주,은척면,36.53684574,128.0475057
47,경상북도,상주,공검면,36.51755508,128.1339902
47,경상북도,상주,이안면,36.57427533,128.121029
47,경상북도,상주,화남면,36.45187989,127.9043795
47,경상북도,상주,남원동,36.41529194,128.1260372
47,경상북도,상주,북문동,36.44924671,128.1571589
47,경상북도,상주,계림동,36.43953348,128.1827792
47,경상북도,상주,동문동,36.42541185,128.2116187
47,경상북도,상주,동성동,36.39353311,128.1836353
47,경상북도,상주,신흥동,36.36791562,128.1591531
47,경상북도,문경,문경읍,36.76976419,128.1277561
47,경상북도,문경,가은읍,36.65982796,128.0108363
47,경상북도,문경,영순면,36.56507712,128.2511887
47,경상북도,문경,산양면,36.62299211,128.2583803
47,경상북도,문경,호계면,36.66555076,128.2014279
47,경상북도,문경,산북면,36.71422896,128.25372
47,경상북도,문경,동로면,36.7829489,128.2960079
47,경상북도,문경,마성면,36.68582862,128.1162548
47,경상북도,문경,농암면,36.58301053,127.9804229
47,경상북도,문경,점촌1동,36.59856591,128.1957432
47,경상북도,문경,점촌2동,36.58520809,128.2067049
47,경상북도,문경,점촌3동,36.61984234,128.1980554
47,경상북도,문경,점촌4동,36.62460724,128.1536819
47,경상북도,문경,점촌5동,36.59014694,128.1856348
47,경상북도,경산,하양읍,35.91363316,128.7884104
47,경상북도,경산,진량읍,35.87056167,128.834839
47,경상북도,경산,와촌면,35.95695794,128.7966158
47,경상북도,경산,자인면,35.82212137,128.8243313
47,경상북도,경산,용성면,35.79945858,128.9016458
47,경상북도,경산,남산면,35.77156649,128.8223408
47,경상북도,경산,남천면,35.75551169,128.7383638
47,경상북도,경산,중방동,35.82987091,128.7355733
47,경상북도,경산,중앙동,35.82289281,128.7397048
47,경상북도,경산,남부동,35.80374759,128.7430817
47,경상북도,경산,서부1동,35.81509161,128.723971
47,경상북도,경산,서부2동,35.83318343,128.7237914
47,경상북도,경산,북부동,35.83650282,128.7528763
47,경상북도,경산,동부동,35.80229242,128.7695433
47,경상북도,의성,의성읍,36.34891778,128.6994426
47,경상북도,의성,단촌면,36.42813025,128.6987137
47,경상북도,의성,점곡면,36.41150073,128.7671265
47,경상북도,의성,옥산면,36.36269509,128.8321513
47,경상북도,의성,사곡면,36.2980758,128.7954385
47,경상북도,의성,춘산면,36.24048114,128.8175933
47,경상북도,의성,가음면,36.2210624,128.7469758
47,경상북도,의성,금성면,36.25946859,128.6848026
47,경상북도,의성,봉양면,36.304486,128.6099776
47,경상북도,의성,비안면,36.33837134,128.5166563
47,경상북도,의성,구천면,36.33215108,128.4228731
47,경상북도,의성,단밀면,36.36525514,128.3539914
47,경상북도,의성,단북면,36.39531038,128.3966927
47,경상북도,의성,안계면,36.39378679,128.4614703
47,경상북도,의성,다인면,36.45973628,128.3703858
47,경상북도,의성,신평면,36.47004335,128.513147
47,경상북도,의성,안평면,36.38615272,128.5856479
47,경상북도,의성,안사면,36.45720214,128.4553819
47,경상북도,청송,청송읍,36.42307896,129.0985445
47,경상북도,청송,현동면,36.25543125,129.029873
47,경상북도,청송,현서면,36.22823143,128.9290945
47,경상북도,청송,안덕면,36.31905878,128.9845952
47,경상북도,청송,파천면,36.45291075,129.0280391
47,경상북도,청송,진보면,36.52450425,129.0623697
47,경상북도,영양,영양읍,36.65270055,129.1715815
47,경상북도,영양,입암면,36.59999488,129.0593731
47,경상북도,영양,청기면,36.71630578,129.0418247
47,경상북도,영양,일월면,36.76075983,129.1265534
47,경상북도,영양,석보면,36.55551596,129.1721329
47,경상북도,영덕,영덕읍,36.43827938,129.3827741
47,경상북도,영덕,강구면,36.38337233,129.3695101
47,경상북도,영덕,남정면,36.31389834,129.335919
47,경상북도,영덕,달산면,36.37457735,129.272512
47,경상북도,영덕,지품면,36.45872783,129.2480738
47,경상북도,영덕,축산면,36.49455515,129.3835061
48,경상남도,남해,설천면,34.91895974,127.899619
48,경상남도,남해,창선면,34.86875999,128.0165387
48,경상남도,하동,하동읍,35.08564227,127.7376261
48,경상남도,하동,화개면,35.25406925,127.6476362
48,경상남도,하동,악양면,35.17118177,127.710218
48,경상남도,하동,적량면,35.10542133,127.7661021
48,경상남도,하동,횡천면,35.12073269,127.8157509
48,경상남도,하동,고전면,35.02681564,127.8156093
48,경상남도,하동,금남면,34.97797278,127.8551271
48,경상남도,하동,진교면,35.03366468,127.8940488
48,경상남도,하동,양보면,35.06894955,127.8466441
48,경상남도,하동,북천면,35.11998075,127.8709775
48,경상남도,하동,청암면,35.1962217,127.7577536
48,경상남도,하동,옥종면,35.19418144,127.8618235
48,경상남도,하동,금성면,34.964145,127.7983972
48,경상남도,산청,산청읍,35.40774519,127.9005751
48,경상남도,산청,차황면,35.47247785,127.9441716
48,경상남도,산청,오부면,35.49109504,127.8924806
48,경상남도,산청,생초면,35.50910186,127.8481821
48,경상남도,산청,금서면,35.41914672,127.8132346
48,경상남도,산청,삼장면,35.33967525,127.8085954
48,경상남도,산청,시천면,35.27658107,127.7769453
48,경상남도,산청,단성면,35.29489222,127.9160629
48,경상남도,산청,신안면,35.34294075,127.9785229
48,경상남도,산청,생비량면,35.35029472,128.0557575
48,경상남도,산청,신등면,35.40677928,128.0012664
48,경상남도,함양,함양읍,35.49991043,127.7033274
48,경상남도,함양,마천면,35.37439617,127.6793515
48,경상남도,함양,휴천면,35.44522701,127.7347458
48,경상남도,함양,유림면,35.48577539,127.7827664
48,경상남도,함양,수동면,35.55820045,127.8112147
48,경상남도,함양,지곡면,35.57813529,127.7601349
48,경상남도,함양,안의면,35.65647553,127.8038113
48,경상남도,함양,서하면,35.63215239,127.7174371
48,경상남도,함양,서상면,35.69353574,127.6792908
48,경상남도,함양,백전면,35.56775039,127.6333135
48,경상남도,함양,병곡면,35.55633084,127.6883148
48,경상남도,거창,거창읍,35.69719503,127.9095007
48,경상남도,거창,주상면,35.76586532,127.9159681
48,경상남도,거창,웅양면,35.8323872,127.9244385
48,경상남도,거창,고제면,35.84883821,127.8627938
48,경상남도,거창,북상면,35.78930469,127.7667809
48,경상남도,거창,위천면,35.74815445,127.8237017
48,경상남도,거창,마리면,35.6993178,127.8471492
48,경상남도,거창,남상면,35.62010302,127.9166903
48,경상남도,거창,남하면,35.67368329,127.9743626
48,경상남도,거창,신원면,35.56517247,127.9281148
48,경상남도,거창,가조면,35.70478969,128.029608
48,경상남도,거창,가북면,35.79407729,128.0081246
48,경상남도,합천,합천읍,35.60679816,128.1399265
48,경상남도,합천,봉산면,35.61001802,128.0357885
48,경상남도,합천,묘산면,35.66194589,128.1109134
48,경상남도,합천,가야면,35.7600445,128.0986372
48,경상남도,합천,야로면,35.7173938,128.1691141
48,경상남도,합천,율곡면,35.59522235,128.2084309
48,경상남도,합천,초계면,35.54053853,128.2462018
48,경상남도,합천,쌍책면,35.60919062,128.2695423
48,경상남도,합천,덕곡면,35.63137036,128.3241784
48,경상남도,합천,청덕면,35.55947079,128.3307532
48,경상남도,합천,적중면,35.53990374,128.2853024
48,경상남도,합천,대양면,35.51088632,128.1873031
48,경상남도,합천,쌍백면,35.45476005,128.1546925
48,경상남도,합천,삼가면,35.41343392,128.1120366
48,경상남도,합천,가회면,35.45958302,128.0323664
48,경상남도,합천,대병면,35.52701183,128.0096971
48,경상남도,합천,용주면,35.53976464,128.0994719
50,제주특별자치도,제주,한림읍,33.37545288,126.2845513
50,제주특별자치도,제주,애월읍,33.41073394,126.3941594
50,제주특별자치도,제주,구좌읍,33.49851232,126.7956351
50,제주특별자치도,제주,조천읍,33.47162048,126.6674227
50,제주특별자치도,제주,한경면,33.32265165,126.2198344
50,제주특별자치도,제주,추자면,33.95690135,126.3260157
50,제주특별자치도,제주,우도면,33.50579487,126.9559454
50,제주특별자치도,제주,일도1동,33.5130571,126.5275228
50,제주특별자치도,제주,일도2동,33.50653871,126.5410146
50,제주특별자치도,제주,이도1동,33.50549879,126.5275609
50,제주특별자치도,제주,이도2동,33.49146682,126.5327599
50,제주특별자치도,제주,삼도1동,33.5027671,126.5195022
36,세종특별자치시,세종,조치원읍,36.60785986,127.2869288
36,세종특별자치시,세종,연기면,36.52035425,127.2761922
36,세종특별자치시,세종,연동면,36.5475594,127.3279049
36,세종특별자치시,세종,부강면,36.52404486,127.3789256
36,세종특별자치시,세종,금남면,36.45528023,127.3007057
36,세종특별자치시,세종,장군면,36.50291314,127.2076536
36,세종특별자치시,세종,연서면,36.58426044,127.2461727
36,세종특별자치시,세종,전의면,36.6612563,127.1882549
36,세종특별자치시,세종,전동면,36.65648389,127.2508872
36,세종특별자치시,세종,소정면,36.71427254,127.1690458
36,세종특별자치시,세종,도담동,36.50676133,127.2624466
36,세종특별자치시,세종,아름동,36.51773242,127.2495206
36,세종특별자치시,세종,종촌동,36.50342263,127.247388
36,세종특별자치시,세종,고운동,36.51864029,127.235636
36,세종특별자치시,세종,보람동,36.47775125,127.2900335
50,제주특별자치도,제주,삼도2동,33.51270602,126.5212333
50,제주특별자치도,제주,용담1동,33.508514,126.5148065
50,제주특별자치도,제주,용담2동,33.50943736,126.4992441
50,제주특별자치도,제주,건입동,33.5157877,126.5426908
50,제주특별자치도,제주,화북동,33.50863712,126.5642597
50,제주특별자치도,제주,삼양동,33.51439897,126.5917604
50,제주특별자치도,제주,봉개동,33.45456665,126.6112906
50,제주특별자치도,제주,아라동,33.43297163,126.5569105
50,제주특별자치도,제주,오라동,33.4371291,126.5164473
50,제주특별자치도,제주,연동,33.45784342,126.4952717
50,제주특별자치도,제주,노형동,33.43217125,126.4760838
50,제주특별자치도,제주,외도동,33.48293352,126.4400875
50,제주특별자치도,제주,이호동,33.49488969,126.4585691
50,제주특별자치도,제주,도두동,33.5023508,126.4780057
50,제주특별자치도,서귀포,대정읍,33.25633456,126.2475509
50,제주특별자치도,서귀포,남원읍,33.3276518,126.6662408
50,제주특별자치도,서귀포,성산읍,33.41879502,126.8660069
50,제주특별자치도,서귀포,안덕면,33.29237016,126.3477188
50,제주특별자치도,서귀포,표선면,33.37392636,126.7688483
50,제주특별자치도,서귀포,송산동,33.24404807,126.5924943
50,제주특별자치도,서귀포,정방동,33.2464779,126.5657375
50,제주특별자치도,서귀포,중앙동,33.25069901,126.5646846
50,제주특별자치도,서귀포,천지동,33.24438444,126.5543486
50,제주특별자치도,서귀포,효돈동,33.26055904,126.6119244
50,제주특별자치도,서귀포,영천동,33.30825263,126.573663
50,제주특별자치도,서귀포,동홍동,33.29304425,126.5542389
50,제주특별자치도,서귀포,서홍동,33.29800632,126.5378953
50,제주특별자치도,서귀포,대륜동,33.27689416,126.5220883
50,제주특별자치도,서귀포,대천동,33.28587052,126.4921194
50,제주특별자치도,서귀포,중문동,33.29948163,126.4539928
50,제주특별자치도,서귀포,예래동,33.27645921,126.4008196
47,경상북도,청송,부남면,36.29596079,129.1307709
47,경상북도,청도,운문면,35.71025858,128.9749201
48,경상남도,양산,덕계동,35.37015383,129.1716223
31,울산광역시,울주,상북면,35.59201036,129.0566088
48,경상남도,양산,동면,35.3237877,129.0729069
48,경상남도,김해,칠산서부동,35.20228513,128.8582525
48,경상남도,김해,장유1동,35.20412358,128.8110457
48,경상남도,김해,장유2동,35.18905986,128.773386
41,경기도,시흥,군자동,37.35646639,126.7818524
41,경기도,시흥,장곡동,37.38239201,126.7835719
46,전라남도,나주,빛가람동,35.01687734,126.7886275
29,광주광역시,서구,동천동,35.17067388,126.860369
29,광주광역시,북구,일곡동,35.20982146,126.8949148
29,광주광역시,북구,양산동,35.20452575,126.877842
30,대전광역시,유성,원신흥동,36.33748428,127.3452528
41,경기도,영통,원천동,37.27298848,127.0570998
46,전라남도,장흥,대덕읍,34.49327663,126.8823129
46,전라남도,완도,고금면,34.40355197,126.8074319
48,경상남도,진주,충무공동,35.17554849,128.1409632
41,경기도,김포,구래동,37.64519684,126.6273344
47,경상북도,김천,율곡동,36.1254439,128.1869735
44,충청남도,공주,신관동,36.47018083,127.1365767
44,충청남도,서북구,부성2동,36.84337866,127.1224321
41,경기도,여주,중앙동,37.27450751,127.6183344
41,경기도,여주,오학동,37.31630643,127.6493844
28,인천광역시,연수,송도1동,37.36925076,126.6319604
41,경기도,영통,광교2동,37.28749623,127.0726885
28,인천광역시,계양,계양3동,37.56943157,126.7654158
41,경기도,화성,동탄5동,37.20926749,127.1239573
41,경기도,김포,장기동,37.63905744,126.6792532
41,경기도,분당,정자동,37.36667825,127.1113704
41,경기도,화성,송산면,37.24499763,126.7162936
47,경상북도,울릉,울릉읍,37.49120471,130.8996008
31,울산광역시,울주,서생면,35.36749064,129.313257
31,울산광역시,울주,온산읍,35.43047277,129.3313556
31,울산광역시,남구,선암동,35.4904667,129.3485629
31,울산광역시,동구,방어동,35.48608925,129.4150417
31,울산광역시,동구,전하1동,35.5246472,129.4349722
31,울산광역시,동구,남목3동,35.55485584,129.4355249
47,경상북도,경주,양남면,35.70420534,129.4188236
31,울산광역시,북구,강동동,35.61526715,129.4187597
31,울산광역시,동구,일산동,35.49830566,129.4339899
47,경상북도,영천,자양면,36.10238947,129.0402882
47,경상북도,영양,수비면,36.78810561,129.2219353
11,서울특별시,송파,장지동,37.48297487,127.1314933
11,서울특별시,송파,거여2동,37.49229773,127.147155
41,경기도,수정,위례동,37.46832466,127.1467422
41,경기도,하남,위례동,37.47873706,127.1621063
30,대전광역시,유성,노은3동,36.38818352,127.2991227
26,부산광역시,해운대,우3동,35.15887393,129.1445264
41,경기도,권선,금곡동,37.27360798,126.9440422
28,인천광역시,서구,청라2동,37.53326759,126.6407459
28,인천광역시,옹진,백령면,37.95366834,124.6748758
28,인천광역시,옹진,대청면,37.81458274,124.7092883
41,경기도,단원,원곡동,37.33132456,126.7927086
28,인천광역시,연수,송도3동,37.3740206,126.6617051
28,인천광역시,남동,논현2동,37.40634332,126.7047266
41,경기도,하남,미사2동,37.58010337,127.1869136
41,경기도,김포,장기본동,37.64804919,126.6635255
41,경기도,영통,영통3동,37.25172205,127.0716504
41,경기도,영통,영통2동,37.24768274,127.0546033
41,경기도,영통,영통1동,37.26130987,127.0779887
41,경기도,남양주,다산1동,37.61607451,127.1581747
28,인천광역시,중구,영종1동,37.49250725,126.5654693
28,인천광역시,중구,영종동,37.5061688,126.5332809
26,부산광역시,강서,명지1동,35.11034708,128.9148788
26,부산광역시,강서,명지2동,35.07464679,128.9067962
41,경기도,화성,진안동,37.22154973,127.037188
41,경기도,화성,동탄4동,37.19561439,127.1117748
41,경기도,화성,새솔동,37.28118166,126.8209666
52,전북특별자치도,완산,효자5동,35.8261795,127.0971744
52,전북특별자치도,완산,중앙동,35.82051148,127.1405227
52,전북특별자치도,완산,풍남동,35.81445918,127.1576042
52,전북특별자치도,완산,노송동,35.82349261,127.1548563
52,전북특별자치도,완산,완산동,35.80883862,127.1407217
52,전북특별자치도,완산,동서학동,35.79491135,127.183021
52,전북특별자치도,완산,서서학동,35.79310528,127.1530653
52,전북특별자치도,완산,중화산1동,35.81389661,127.1303171
52,전북특별자치도,완산,중화산2동,35.8195765,127.1203629
52,전북특별자치도,완산,서신동,35.83242408,127.1162012
52,전북특별자치도,완산,평화1동,35.79330936,127.1431227
52,전북특별자치도,완산,평화2동,35.77262952,127.1263474
52,전북특별자치도,완산,삼천1동,35.80027775,127.1259396
52,전북특별자치도,완산,삼천2동,35.79553228,127.1228891
52,전북특별자치도,완산,삼천3동,35.77208993,127.0854063
52,전북특별자치도,완산,효자1동,35.80496386,127.1324633
52,전북특별자치도,완산,효자2동,35.8080592,127.1192963
52,전북특별자치도,완산,효자3동,35.80571443,127.1135267
52,전북특별자치도,완산,효자4동,35.810463,127.0888426
52,전북특별자치도,덕진,혁신동,35.83455538,127.0631704
52,전북특별자치도,덕진,여의동,35.86120801,127.0749308
52,전북특별자치도,덕진,진북동,35.82777579,127.1342486
52,전북특별자치도,덕진,인후1동,35.83807482,127.1559974
52,전북특별자치도,덕진,인후2동,35.8406524,127.1480289
52,전북특별자치도,덕진,인후3동,35.8295009,127.1632736
52,전북특별자치도,덕진,덕진동,35.8483357,127.1271563
52,전북특별자치도,덕진,금암1동,35.83818848,127.1332644
52,전북특별자치도,덕진,금암2동,35.8426916,127.1410402
52,전북특별자치도,덕진,팔복동,35.85452988,127.097629
52,전북특별자치도,덕진,우아1동,35.85024001,127.160118
52,전북특별자치도,덕진,우아2동,35.82902257,127.1930012
52,전북특별자치도,덕진,호성동,35.87618881,127.1472137
52,전북특별자치도,덕진,송천1동,35.86581687,127.1310031
52,전북특별자치도,덕진,송천2동,35.88196575,127.1135287
52,전북특별자치도,덕진,조촌동,35.87828063,127.0385401
52,전북특별자치도,군산,옥구읍,35.91293746,126.6890598
52,전북특별자치도,군산,옥산면,35.94100381,126.74011
52,전북특별자치도,군산,회현면,35.91019699,126.7596057
52,전북특별자치도,군산,임피면,35.97237691,126.8596853
52,전북특별자치도,군산,서수면,36.00048485,126.8792468
52,전북특별자치도,군산,대야면,35.93726963,126.8317154
52,전북특별자치도,군산,개정면,35.96062152,126.7861554
52,전북특별자치도,군산,성산면,36.00035853,126.791733
52,전북특별자치도,군산,나포면,36.02750568,126.8343136
52,전북특별자치도,군산,옥도면,35.87982486,126.3800529
52,전북특별자치도,군산,옥서면,35.91182885,126.6319392
52,전북특별자치도,군산,해신동,35.98948064,126.6868206
52,전북특별자치도,군산,월명동,35.98575832,126.7105821
52,전북특별자치도,군산,신풍동,35.97667146,126.702114
52,전북특별자치도,군산,삼학동,35.9783716,126.7100123
52,전북특별자치도,군산,중앙동,35.98470329,126.7213132
52,전북특별자치도,군산,흥남동,35.97631943,126.7177978
52,전북특별자치도,군산,조촌동,35.97242276,126.7394527
52,전북특별자치도,군산,경암동,35.98045073,126.7311906
52,전북특별자치도,군산,구암동,35.99216262,126.756491
52,전북특별자치도,군산,개정동,35.96496382,126.7563395
52,전북특별자치도,군산,수송동,35.95998915,126.7171881
52,전북특별자치도,군산,나운1동,35.96894691,126.6955964
52,전북특별자치도,군산,나운2동,35.96576653,126.7046359
52,전북특별자치도,군산,나운3동,35.94700487,126.6853731
52,전북특별자치도,군산,소룡동,35.95313633,126.5762208
52,전북특별자치도,군산,미성동,35.95418572,126.6431802
52,전북특별자치도,익산,용동면,36.1072911,126.9970875
52,전북특별자치도,익산,중앙동,35.93964377,126.9492705
52,전북특별자치도,익산,평화동,35.92473688,126.9303962
52,전북특별자치도,익산,인화동,35.92558059,126.9503821
52,전북특별자치도,익산,동산동,35.91628329,126.9731501
52,전북특별자치도,익산,마동,35.94019362,126.9643057
52,전북특별자치도,익산,남중동,35.94941776,126.9565564
52,전북특별자치도,익산,모현동,35.95337456,126.9419449
52,전북특별자치도,익산,송학동,35.93954425,126.9337282
52,전북특별자치도,익산,영등1동,35.95202951,126.9715236
52,전북특별자치도,익산,영등2동,35.96451904,126.9733511
52,전북특별자치도,익산,어양동,35.95773988,126.9833898
52,전북특별자치도,익산,신동,35.97304355,126.9428106
52,전북특별자치도,익산,팔봉동,35.96013423,127.0126398
52,전북특별자치도,익산,삼성동,35.97901328,126.9855626
52,전북특별자치도,익산,함열읍,36.06132163,126.9644339
52,전북특별자치도,익산,오산면,35.93781168,126.899794
52,전북특별자치도,익산,황등면,36.01734765,126.937959
52,전북특별자치도,익산,함라면,36.03988511,126.9049919
52,전북특별자치도,익산,웅포면,36.09362836,126.8916576
52,전북특별자치도,익산,성당면,36.09613901,126.9291708
52,전북특별자치도,익산,용안면,36.12048535,126.9557018
52,전북특별자치도,익산,낭산면,36.06079392,127.0206739
52,전북특별자치도,익산,망성면,36.1189537,127.0261482
52,전북특별자치도,익산,여산면,36.05148207,127.0909209
52,전북특별자치도,익산,금마면,36.00743252,127.041507
52,전북특별자치도,익산,왕궁면,35.97332955,127.0839437
52,전북특별자치도,익산,춘포면,35.92665358,127.0236278
52,전북특별자치도,익산,삼기면,36.02040802,126.9931433
52,전북특별자치도,정읍,신태인읍,35.70154161,126.8716332
52,전북특별자치도,정읍,북면,35.59648676,126.9061133
52,전북특별자치도,정읍,입암면,35.50321431,126.7990959
52,전북특별자치도,정읍,소성면,35.55977434,126.7808783
52,전북특별자치도,정읍,고부면,35.60575611,126.7585368
52,전북특별자치도,정읍,영원면,35.65142645,126.7671493
52,전북특별자치도,정읍,덕천면,35.63000617,126.8279567
52,전북특별자치도,정읍,이평면,35.66666186,126.8291766
52,전북특별자치도,정읍,정우면,35.64669077,126.8861049
52,전북특별자치도,정읍,태인면,35.65673909,126.9364467
52,전북특별자치도,정읍,감곡면,35.71629069,126.9285222
52,전북특별자치도,정읍,옹동면,35.64908697,126.9864554
52,전북특별자치도,정읍,칠보면,35.57884165,126.9646449
52,전북특별자치도,정읍,산내면,35.55257252,127.0477414
52,전북특별자치도,정읍,산외면,35.62566164,127.0545434
52,전북특별자치도,정읍,수성동,35.58648409,126.8615034
52,전북특별자치도,정읍,장명동,35.57050213,126.882476
52,전북특별자치도,정읍,내장상동,35.51966039,126.9023245
52,전북특별자치도,정읍,시기동,35.56443489,126.8534777
52,전북특별자치도,정읍,초산동,35.55538017,126.8541726
52,전북특별자치도,정읍,연지동,35.57234964,126.8434462
52,전북특별자치도,정읍,농소동,35.5971253,126.830982
52,전북특별자치도,정읍,상교동,35.51943136,126.8460594
52,전북특별자치도,남원,운봉읍,35.43056603,127.5355137
52,전북특별자치도,남원,주천면,35.38080201,127.4542704
52,전북특별자치도,남원,수지면,35.33380299,127.3750959
52,전북특별자치도,남원,송동면,35.35708227,127.343649
52,전북특별자치도,남원,주생면,35.38476015,127.3045908
52,전북특별자치도,남원,금지면,35.34006832,127.2817767
52,전북특별자치도,남원,대강면,35.36247495,127.230676
52,전북특별자치도,남원,대산면,35.42526644,127.3151699
52,전북특별자치도,남원,사매면,35.4782392,127.3519272
52,전북특별자치도,남원,덕과면,35.52512555,127.3697158
52,전북특별자치도,남원,보절면,35.51531682,127.4166445
52,전북특별자치도,남원,산동면,35.49678186,127.4728582
52,전북특별자치도,남원,이백면,35.43101433,127.4597442
52,전북특별자치도,남원,아영면,35.51091839,127.5939432
52,전북특별자치도,남원,산내면,35.37881963,127.5924357
52,전북특별자치도,남원,인월면,35.46507952,127.6130235
52,전북특별자치도,남원,동충동,35.41146173,127.3826239
52,전북특별자치도,남원,죽항동,35.40714236,127.3843122
52,전북특별자치도,남원,노암동,35.39485304,127.3896812
52,전북특별자치도,남원,금동,35.39915693,127.368217
52,전북특별자치도,남원,왕정동,35.41235091,127.356764
26,부산광역시,금정,금사회동동,35.23285914,129.1233634
28,인천광역시,미추홀,숭의2동,37.46084205,126.6477215
28,인천광역시,미추홀,"숭의1,3동",37.46486148,126.6452997
28,인천광역시,미추홀,숭의4동,37.46226719,126.6572438
28,인천광역시,미추홀,"용현1,4동",37.45158094,126.6588164
28,인천광역시,미추홀,용현2동,37.45611014,126.6434598
28,인천광역시,미추홀,용현3동,37.45528367,126.6527328
28,인천광역시,미추홀,용현5동,37.4489037,126.6389829
28,인천광역시,미추홀,학익1동,37.43845725,126.6537122
28,인천광역시,미추홀,학익2동,37.44327566,126.6705477
28,인천광역시,미추홀,도화1동,37.46235321,126.6691156
28,인천광역시,미추홀,"도화2,3동",37.47349079,126.6623614
28,인천광역시,미추홀,주안1동,37.46196077,126.6806359
28,인천광역시,미추홀,주안2동,37.45541434,126.6719314
28,인천광역시,미추홀,주안3동,37.44846698,126.6714435
28,인천광역시,미추홀,주안4동,37.45443518,126.6870126
28,인천광역시,미추홀,주안5동,37.4691566,126.6806089
28,인천광역시,미추홀,주안6동,37.4609938,126.6909095
28,인천광역시,미추홀,주안7동,37.44725567,126.6777474
28,인천광역시,미추홀,주안8동,37.44737179,126.6853458
28,인천광역시,미추홀,관교동,37.44237886,126.6944124
28,인천광역시,미추홀,문학동,37.43669713,126.6845593
28,인천광역시,서구,검단동,37.61238834,126.6527312
28,인천광역시,서구,불로대곡동,37.61813229,126.6767716
28,인천광역시,서구,원당동,37.59232292,126.7056606
28,인천광역시,서구,당하동,37.59119871,126.6773397
28,인천광역시,서구,오류왕길동,37.58346845,126.6165969
36,세종특별자치시,세종,대평동,36.47044637,127.2743183
41,경기도,의정부,가능동,37.75242073,127.0199895
11,서울특별시,강북,번1동,37.63758266,127.0305903
11,서울특별시,강북,번2동,37.62952469,127.0347691
11,서울특별시,강북,번3동,37.62378199,127.0422615
11,서울특별시,강북,수유1동,37.62993883,127.0090531
11,서울특별시,강북,수유2동,37.64536634,127.0194415
11,서울특별시,강북,수유3동,37.64046913,127.0234921
27,대구광역시,달성,옥포읍,35.76863006,128.478632
27,대구광역시,달성,현풍읍,35.68795078,128.4261655
28,인천광역시,연수,송도4동,37.4018915,126.6217113
28,인천광역시,남동,서창2동,37.42862172,126.7488602
36,세종특별자치시,세종,새롬동,36.48902093,127.2526317
46,전라남도,담양,가사문학면,35.15888764,127.0404131
47,경상북도,청송,주왕산면,36.3623129,129.1656485
41,경기도,영통,망포2동,37.24002254,127.0475878
41,경기도,영통,망포1동,37.23911332,127.0584919
43,충청북도,진천,덕산읍,36.89872605,127.5068617
41,경기도,평택,용이동,37.00113867,127.1411905
41,경기도,김포,마산동,37.63922854,126.6414045
41,경기도,화성,동탄7동,37.17942378,127.1301702
27,대구광역시,동구,혁신동,35.89170859,128.7381726
41,경기도,하남,감일동,37.50258617,127.161871
27,대구광역시,동구,안심3동,35.86359301,128.7389149
27,대구광역시,동구,안심4동,35.86999707,128.7172905
29,광주광역시,북구,신용동,35.21271344,126.8629754
36,세종특별자치시,세종,다정동,36.49476055,127.2448647
41,경기도,일산서,가좌동,37.68574316,126.6982159
41,경기도,일산서,탄현2동,37.70031336,126.7709693
41,경기도,덕양,행신4동,37.61961059,126.8481851
41,경기도,일산동,중산2동,37.68122481,126.7865182
41,경기도,일산서,탄현1동,37.694314,126.7662847
44,충청남도,서북구,불당2동,36.81180616,127.1030376
41,경기도,광명,일직동,37.42001416,126.8827032
41,경기도,일산동,중산1동,37.69083922,126.7827318
41,경기도,평택,동삭동,37.01497745,127.0952626
44,충청남도,서북구,불당1동,36.80480351,127.1089323
41,경기도,일산서,덕이동,37.69563938,126.7438757
26,부산광역시,기장,일광읍,35.28762282,129.2229454
27,대구광역시,달서,유천동,35.81509054,128.5131374
41,경기도,덕양,삼송1동,37.66291629,126.9036251
41,경기도,여주,세종대왕면,37.2950939,127.5784047
41,경기도,덕양,삼송2동,37.64712847,126.8801168
30,대전광역시,유성,학하동,36.34076286,127.2979036
41,경기도,평택,고덕동,37.04392287,127.0393104
36,세종특별자치시,세종,반곡동,36.48440565,127.301106
30,대전광역시,유성,상대동,36.34133338,127.3303864
41,경기도,파주,운정5동,37.72928947,126.7189077
41,경기도,과천,원문동,37.42113354,126.9915488
36,세종특별자치시,세종,나성동,36.48643414,127.2638218
41,경기도,하남,미사3동,37.55055789,127.1903208
36,세종특별자치시,세종,어진동,36.5013113,127.2640968
41,경기도,시흥,거북섬동,37.32233462,126.6939746
41,경기도,파주,운정4동,37.72398415,126.7758925
41,경기도,파주,운정6동,37.71445968,126.7225892
11,서울특별시,강남,개포3동,37.49547981,127.0792873
52,전북특별자치도,남원,향교동,35.43982546,127.3747188
52,전북특별자치도,남원,도통동,35.44276039,127.4103629
52,전북특별자치도,김제,만경읍,35.86519613,126.8261246
52,전북특별자치도,김제,죽산면,35.77360293,126.8086427
52,전북특별자치도,김제,백산면,35.8458336,126.8876327
52,전북특별자치도,김제,용지면,35.84446018,126.9707001
52,전북특별자치도,김제,백구면,35.88709035,126.9634193
52,전북특별자치도,김제,부량면,35.7385813,126.8442457
52,전북특별자치도,김제,공덕면,35.88616701,126.9049583
52,전북특별자치도,김제,청하면,35.8872169,126.8514224
52,전북특별자치도,김제,성덕면,35.81895931,126.8121757
52,전북특별자치도,김제,진봉면,35.85018667,126.7646867
52,전북특별자치도,김제,금구면,35.78098937,127.0179667
52,전북특별자치도,김제,봉남면,35.7427509,126.9568459
52,전북특별자치도,김제,황산면,35.78852084,126.9606478
52,전북특별자치도,김제,금산면,35.71526037,127.0296382
52,전북특별자치도,김제,광활면,35.8296022,126.7454157
52,전북특별자치도,김제,요촌동,35.81840254,126.8903347
52,전북특별자치도,김제,신풍동,35.77445316,126.9173424
52,전북특별자치도,김제,검산동,35.81272235,126.9234801
52,전북특별자치도,김제,교월동,35.78538535,126.8638987
52,전북특별자치도,완주,삼례읍,35.91296447,127.0845376
52,전북특별자치도,완주,봉동읍,35.95022554,127.1378654
52,전북특별자치도,완주,용진읍,35.89734078,127.180192
52,전북특별자치도,완주,상관면,35.76022967,127.2297156
52,전북특별자치도,완주,이서면,35.82535985,127.032307
52,전북특별자치도,완주,소양면,35.85763909,127.2558924
52,전북특별자치도,완주,구이면,35.70646651,127.1196124
52,전북특별자치도,완주,고산면,35.97140107,127.2328083
52,전북특별자치도,완주,비봉면,36.01135847,127.1577052
52,전북특별자치도,완주,운주면,36.07147281,127.3153921
52,전북특별자치도,완주,화산면,36.05070028,127.1988885
52,전북특별자치도,완주,동상면,35.93932085,127.3027459
52,전북특별자치도,완주,경천면,36.0387562,127.2758663
52,전북특별자치도,진안,진안읍,35.77670733,127.4446255
52,전북특별자치도,진안,용담면,35.95117926,127.4901808
52,전북특별자치도,진안,안천면,35.90220183,127.5469904
52,전북특별자치도,진안,동향면,35.83654083,127.5741133
52,전북특별자치도,진안,상전면,35.84780224,127.4974399
52,전북특별자치도,진안,백운면,35.68118256,127.4279579
52,전북특별자치도,진안,성수면,35.72144556,127.3187792
52,전북특별자치도,진안,마령면,35.74647427,127.3613804
52,전북특별자치도,진안,부귀면,35.83870815,127.3599885
52,전북특별자치도,진안,정천면,35.89075885,127.4378564
52,전북특별자치도,진안,주천면,35.96705324,127.4001038
52,전북특별자치도,무주,무주읍,36.0115979,127.6557918
52,전북특별자치도,무주,무풍면,35.93258399,127.8475572
52,전북특별자치도,무주,설천면,35.95437544,127.7824241
52,전북특별자치도,무주,적상면,35.93409337,127.6719413
52,전북특별자치도,무주,안성면,35.84713979,127.6789557
52,전북특별자치도,무주,부남면,35.96894293,127.56978
52,전북특별자치도,장수,장수읍,35.6241463,127.5123284
52,전북특별자치도,장수,산서면,35.58202116,127.4091599
52,전북특별자치도,장수,번암면,35.55526949,127.5434938
52,전북특별자치도,장수,장계면,35.72547322,127.6188453
52,전북특별자치도,장수,천천면,35.7327165,127.5221806
52,전북특별자치도,장수,계남면,35.68688798,127.5800021
52,전북특별자치도,장수,계북면,35.78965778,127.6311048
52,전북특별자치도,임실,임실읍,35.59376994,127.2673683
52,전북특별자치도,임실,청웅면,35.56538974,127.207993
52,전북특별자치도,임실,운암면,35.61247606,127.1516725
52,전북특별자치도,임실,신평면,35.64756083,127.2326169
52,전북특별자치도,임실,성수면,35.62714397,127.3602002
52,전북특별자치도,임실,오수면,35.54156384,127.3187827
52,전북특별자치도,임실,신덕면,35.69096052,127.1802176
52,전북특별자치도,임실,삼계면,35.50852582,127.2657166
52,전북특별자치도,임실,관촌면,35.69558723,127.2822214
52,전북특별자치도,임실,강진면,35.54488869,127.1411712
28,인천광역시,서구,아라동,37.59237181,126.7054438
36,세종특별자치시,세종,해밀동,36.52035425,127.2761922
41,경기도,수지,상현3동,37.30308924,127.0720547
41,경기도,처인,삼가동,37.24083525,127.1756494
41,경기도,시흥,배곧1동,37.37001106,126.7236229
48,경상남도,성산,용지동,35.23114304,128.685982
47,경상북도,구미,원평동,36.12564349,128.3462222
41,경기도,군포,송부동,37.33139387,126.9039663
29,광주광역시,남구,진월동,35.10262077,126.9022722
41,경기도,시흥,배곧2동,37.37001106,126.7236229
41,경기도,수지,죽전3동,37.3292955,127.1272124
11,서울특별시,강동,상일제2동,37.56374626,127.1740787
41,경기도,처인,역북동,37.24083525,127.1756494
28,인천광역시,중구,개항동,37.4756444,126.6071382
11,서울특별시,강동,상일제1동,37.55066854,127.1648665
41,경기도,양주,옥정1동,37.83289298,127.0977611
41,경기도,화성,동탄9동,37.17942378,127.1301702
41,경기도,양주,옥정2동,37.83289298,127.0977611
52,전북특별자치도,임실,덕치면,35.49938177,127.1708831
52,전북특별자치도,임실,지사면,35.5792135,127.3538339
52,전북특별자치도,순창,순창읍,35.37027211,127.1334625
52,전북특별자치도,순창,인계면,35.42277887,127.1589351
52,전북특별자치도,순창,동계면,35.45627666,127.249384
52,전북특별자치도,순창,풍산면,35.33291851,127.1426728
52,전북특별자치도,순창,금과면,35.33357256,127.0841875
52,전북특별자치도,순창,팔덕면,35.39445032,127.0851737
52,전북특별자치도,순창,쌍치면,35.5048686,126.9921409
52,전북특별자치도,순창,복흥면,35.44533763,126.9360566
52,전북특별자치도,순창,적성면,35.42363362,127.2079313
52,전북특별자치도,순창,유등면,35.37425635,127.1875353
52,전북특별자치도,순창,구림면,35.46294787,127.0871012
52,전북특별자치도,고창,고창읍,35.43202123,126.704348
52,전북특별자치도,고창,고수면,35.3903734,126.6814368
52,전북특별자치도,고창,아산면,35.4672262,126.6114625
52,전북특별자치도,고창,무장면,35.41211464,126.5748732
52,전북특별자치도,고창,공음면,35.38324116,126.5268226
52,전북특별자치도,고창,상하면,35.44436043,126.4785705
52,전북특별자치도,고창,해리면,35.47481331,126.5120379
52,전북특별자치도,고창,성송면,35.36477776,126.6357376
52,전북특별자치도,고창,대산면,35.33900587,126.5731462
52,전북특별자치도,고창,심원면,35.51285105,126.5458794
52,전북특별자치도,고창,흥덕면,35.53795068,126.6988631
52,전북특별자치도,고창,성내면,35.53538202,126.7448654
52,전북특별자치도,고창,신림면,35.47699998,126.7225429
52,전북특별자치도,고창,부안면,35.52789169,126.641349
52,전북특별자치도,부안,부안읍,35.70859358,126.7450318
52,전북특별자치도,부안,주산면,35.66521484,126.7086997
52,전북특별자치도,부안,동진면,35.75581522,126.746807
52,전북특별자치도,부안,행안면,35.72319169,126.7053889
52,전북특별자치도,부안,계화면,35.77148667,126.6716605
52,전북특별자치도,부안,보안면,35.62290419,126.6669775
52,전북특별자치도,부안,변산면,35.64640572,126.5335628
52,전북특별자치도,부안,진서면,35.60489367,126.5715586
52,전북특별자치도,부안,백산면,35.70221058,126.7929766
52,전북특별자치도,부안,상서면,35.66900876,126.6457237
52,전북특별자치도,부안,하서면,35.71297677,126.6274015
52,전북특별자치도,부안,줄포면,35.5925526,126.6944607
52,전북특별자치도,부안,위도면,35.60416552,126.2624232
41,경기도,만안,충훈동,37.40872041,126.8979796
41,경기도,동안,관양동,37.41062135,126.9642835
41,경기도,동안,인덕원동,37.39919145,126.971445
41,경기도,원미,심곡1동,37.49265184,126.7820225
41,경기도,원미,심곡2동,37.48673793,126.7849346
41,경기도,원미,심곡3동,37.48956258,126.7747432
41,경기도,원미,원미1동,37.49620552,126.7932517
41,경기도,원미,원미2동,37.49072368,126.7910189
41,경기도,원미,소사동,37.48568785,126.7959734
41,경기도,원미,역곡1동,37.49299884,126.8100952
41,경기도,원미,역곡2동,37.48780043,126.8044591
41,경기도,원미,춘의동,37.50256654,126.8024412
41,경기도,원미,도당동,37.51318593,126.785227
41,경기도,원미,약대동,37.51354766,126.7694795
41,경기도,원미,중동,37.49114937,126.7670611
41,경기도,원미,중1동,37.50046855,126.7655681
41,경기도,원미,중2동,37.49673514,126.7758203
41,경기도,원미,중3동,37.50669504,126.7726958
41,경기도,원미,중4동,37.508572,126.7632768
41,경기도,원미,상동,37.49127724,126.7593064
41,경기도,원미,상1동,37.49274395,126.7509117
41,경기도,원미,상2동,37.499151,126.7484268
41,경기도,원미,상3동,37.51056215,126.7520608
41,경기도,소사,심곡본1동,37.47841215,126.7760458
41,경기도,소사,심곡본동,37.47856186,126.7831796
41,경기도,소사,소사본동,37.47464387,126.7927723
41,경기도,소사,소사본1동,37.47102477,126.8004088
41,경기도,소사,범박동,37.47004513,126.8108887
41,경기도,소사,옥길동,37.46739643,126.822889
41,경기도,소사,괴안동,37.47914493,126.8073683
41,경기도,소사,역곡3동,37.48323206,126.8168909
41,경기도,소사,송내1동,37.4837138,126.7568188
41,경기도,소사,송내2동,37.47950584,126.7684233
41,경기도,오정,성곡동,37.51364139,126.8081295
41,경기도,오정,원종1동,37.53049831,126.8033991
41,경기도,오정,원종2동,37.52502672,126.8006766
41,경기도,오정,고강본동,37.52905956,126.8206727
41,경기도,오정,고강1동,37.5344716,126.8107596
41,경기도,오정,오정동,37.53743121,126.779355
41,경기도,오정,신흥동,37.52399015,126.7722152
41,경기도,오산,대원1동,37.13771948,127.0726392
41,경기도,오산,대원2동,37.13886549,127.0877933
41,경기도,오산,신장1동,37.17240355,127.0513557
41,경기도,오산,신장2동,37.17398952,127.065408
47,경상북도,예천,호명읍,36.60688526,128.4750824
28,인천광역시,중구,영종2동,37.49495728,126.5687296
29,광주광역시,북구,중흥동,35.17078166,126.9128134
31,울산광역시,중구,복산동,35.56459088,129.3284821
41,경기도,경기광주,탄벌동,37.43099803,127.226911
41,경기도,경기광주,광남1동,37.39834837,127.205141
47,경상북도,구미,산동읍,36.17877241,128.4536714
31,울산광역시,울주,삼남읍,35.53235463,129.0963027
41,경기도,경기광주,광남2동,37.38407853,127.2281406
41,경기도,경기광주,쌍령동,37.40263136,127.2710847
47,경상북도,경주,문무대왕면,35.79929399,129.4135288
47,경상북도,구미,공단동,36.09626445,128.3813037
28,인천광역시,연수,송도5동,37.41789917,126.6203845
41,경기도,처인,남사읍,37.13276935,127.1566476
41,경기도,경기광주,오포2동,37.36819998,127.2607764
30,대전광역시,서구,도안동,36.31949793,127.3481909
41,경기도,경기광주,능평동,37.35055349,127.1675955
41,경기도,경기광주,신현동,37.36436658,127.1612454
41,경기도,경기광주,오포1동,37.35980184,127.2129152
51,강원특별자치도,춘천,동면,37.88864959,127.8450201
51,강원특별자치도,춘천,동산면,37.77253627,127.7824479
51,강원특별자치도,춘천,신동면,37.80883424,127.7056948
51,강원특별자치도,춘천,남면,37.73862142,127.5984558
51,강원특별자치도,춘천,서면,37.89756164,127.6438062
51,강원특별자치도,춘천,사북면,38.01064116,127.6435024
51,강원특별자치도,춘천,북산면,37.96930453,127.9093766
51,강원특별자치도,춘천,동내면,37.83713956,127.7844874
51,강원특별자치도,춘천,남산면,37.77929919,127.6205026
51,강원특별자치도,춘천,교동,37.88203962,127.736725
51,강원특별자치도,춘천,조운동,37.87808754,127.7315486
51,강원특별자치도,춘천,약사명동,37.87535559,127.7246804
51,강원특별자치도,춘천,근화동,37.88852126,127.709012
51,강원특별자치도,춘천,소양동,37.88360102,127.7268289
51,강원특별자치도,춘천,후평1동,37.8882046,127.7451835
51,강원특별자치도,춘천,후평2동,37.8768784,127.7481801
51,강원특별자치도,춘천,후평3동,37.87614168,127.7559501
51,강원특별자치도,춘천,효자1동,37.87153133,127.7279871
51,강원특별자치도,춘천,효자2동,37.86894806,127.7393889
51,강원특별자치도,춘천,효자3동,37.87564658,127.7425612
51,강원특별자치도,춘천,석사동,37.85841863,127.7504583
51,강원특별자치도,춘천,퇴계동,37.85386227,127.7311827
51,강원특별자치도,춘천,강남동,37.85726441,127.6983813
51,강원특별자치도,춘천,신사우동,37.91748977,127.7309889
51,강원특별자치도,원주,문막읍,37.29136817,127.8164465
51,강원특별자치도,원주,소초면,37.40751832,128.0177635
51,강원특별자치도,원주,호저면,37.42925806,127.910988
51,강원특별자치도,원주,지정면,37.38075123,127.832977
51,강원특별자치도,원주,부론면,37.2055703,127.7890974
51,강원특별자치도,원주,귀래면,37.19576407,127.8809243
51,강원특별자치도,원주,흥업면,37.28596914,127.8971431
51,강원특별자치도,원주,판부면,37.2824422,127.9909188
51,강원특별자치도,원주,신림면,37.25092039,128.1069928
51,강원특별자치도,원주,중앙동,37.3616882,127.9469435
51,강원특별자치도,원주,원인동,37.34443457,127.9485303
51,강원특별자치도,원주,개운동,37.33830972,127.956043
51,강원특별자치도,원주,명륜1동,37.33913054,127.9470089
51,강원특별자치도,원주,명륜2동,37.33059739,127.9409948
51,강원특별자치도,원주,단구동,37.32474335,127.9552844
51,강원특별자치도,원주,일산동,37.34820124,127.94306
51,강원특별자치도,원주,학성동,37.35498572,127.9402164
51,강원특별자치도,원주,단계동,37.35219082,127.9276874
51,강원특별자치도,원주,우산동,37.37897526,127.9303191
51,강원특별자치도,원주,태장1동,37.36445688,127.9633908
51,강원특별자치도,원주,태장2동,37.38905077,127.9512187
51,강원특별자치도,원주,봉산동,37.35638144,127.9789808
51,강원특별자치도,원주,행구동,37.34298973,128.0098563
51,강원특별자치도,원주,무실동,37.32795639,127.9215839
51,강원특별자치도,원주,반곡관설동,37.31613962,127.9878727
51,강원특별자치도,강릉,주문진읍,37.88674635,128.7625219
51,강원특별자치도,강릉,성산면,37.73021327,128.8035804
51,강원특별자치도,강릉,왕산면,37.60273764,128.7972901
51,강원특별자치도,강릉,구정면,37.69840736,128.8863591
51,강원특별자치도,강릉,강동면,37.6794398,128.9689841
51,강원특별자치도,강릉,옥계면,37.59234824,128.9813121
51,강원특별자치도,강릉,사천면,37.79975315,128.8067093
51,강원특별자치도,강릉,연곡면,37.82812862,128.6939505
51,강원특별자치도,강릉,홍제동,37.75118107,128.8712034
51,강원특별자치도,강릉,중앙동,37.75269205,128.8940511
51,강원특별자치도,강릉,옥천동,37.75833713,128.9016611
51,강원특별자치도,강릉,교1동,37.76466554,128.8829361
51,강원특별자치도,강릉,교2동,37.77105922,128.8947225
51,강원특별자치도,강릉,포남1동,37.76602484,128.9088737
51,강원특별자치도,강릉,포남2동,37.77805641,128.9075382
51,강원특별자치도,강릉,초당동,37.79057293,128.9154556
51,강원특별자치도,강릉,송정동,37.77685394,128.9305425
51,강원특별자치도,강릉,내곡동,37.73756187,128.875398
51,강원특별자치도,강릉,강남동,37.73362319,128.9187577
51,강원특별자치도,강릉,성덕동,37.75740335,128.9298785
51,강원특별자치도,강릉,경포동,37.78900321,128.8733123
51,강원특별자치도,동해,천곡동,37.52353113,129.0986105
51,강원특별자치도,동해,송정동,37.49939005,129.1260831
51,강원특별자치도,동해,북삼동,37.49102222,129.0903689
51,강원특별자치도,동해,부곡동,37.53628707,129.0810451
51,강원특별자치도,동해,동호동,37.54780958,129.0897929
51,강원특별자치도,동해,발한동,37.54653029,129.1078637
51,강원특별자치도,동해,묵호동,37.56529101,129.1123781
51,강원특별자치도,동해,북평동,37.47162506,129.1171755
51,강원특별자치도,동해,망상동,37.57108401,129.0758998
51,강원특별자치도,동해,삼화동,37.49177707,129.0178551
51,강원특별자치도,태백,황지동,37.17011434,128.9957106
51,강원특별자치도,태백,황연동,37.16608696,129.0267682
51,강원특별자치도,태백,삼수동,37.24941957,128.9639299
51,강원특별자치도,태백,상장동,37.15501586,128.9677261
51,강원특별자치도,태백,문곡소도동,37.11680154,128.9352912
51,강원특별자치도,태백,장성동,37.095579,128.9827704
51,강원특별자치도,태백,구문소동,37.09305496,129.0433631
51,강원특별자치도,태백,철암동,37.12524348,129.0601599
51,강원특별자치도,속초,영랑동,38.21421604,128.5605226
51,강원특별자치도,속초,동명동,38.21127685,128.5919168
51,강원특별자치도,속초,금호동,38.20920764,128.5815991
51,강원특별자치도,속초,교동,38.20354579,128.5811034
51,강원특별자치도,속초,노학동,38.19221809,128.53675
51,강원특별자치도,속초,조양동,38.18510692,128.5806719
51,강원특별자치도,속초,청호동,38.19447985,128.5962433
51,강원특별자치도,속초,대포동,38.16467836,128.5007744
51,강원특별자치도,삼척,도계읍,37.2306365,129.0715426
51,강원특별자치도,삼척,원덕읍,37.18267519,129.2773417
51,강원특별자치도,삼척,근덕면,37.31875152,129.2357564
51,강원특별자치도,삼척,하장면,37.35539882,128.9287109
51,강원특별자치도,삼척,노곡면,37.29315928,129.1589579
51,강원특별자치도,삼척,미로면,37.40519937,129.067088
51,강원특별자치도,삼척,가곡면,37.12404646,129.1686009
51,강원특별자치도,삼척,신기면,37.33033621,129.0591269
51,강원특별자치도,삼척,남양동,37.41057173,129.1643796
51,강원특별자치도,삼척,교동,37.45807726,129.16125
51,강원특별자치도,삼척,정라동,37.4401086,129.1819309
51,강원특별자치도,삼척,성내동,37.43918665,129.1264642
51,강원특별자치도,홍천,영귀미면,37.66345675,127.9929335
51,강원특별자치도,홍천,홍천읍,37.66437606,127.8743182
51,강원특별자치도,홍천,화촌면,37.76847937,127.9826179
51,강원특별자치도,홍천,두촌면,37.87172141,128.031606
51,강원특별자치도,홍천,내촌면,37.81229627,128.1126986
51,강원특별자치도,홍천,서석면,37.71376337,128.2116126
51,강원특별자치도,홍천,남면,37.61324931,127.7854908
51,강원특별자치도,홍천,서면,37.66771722,127.6355644
51,강원특별자치도,홍천,북방면,37.73130535,127.8131714
51,강원특별자치도,홍천,내면,37.79456408,128.4081075
51,강원특별자치도,횡성,횡성읍,37.49100547,127.9965752
51,강원특별자치도,횡성,우천면,37.47460351,128.0957363
51,강원특별자치도,횡성,안흥면,37.42351895,128.1826572
51,강원특별자치도,횡성,둔내면,37.523395,128.2349914
51,강원특별자치도,횡성,갑천면,37.56869787,128.0899029
51,강원특별자치도,횡성,청일면,37.60706493,128.1718846
51,강원특별자치도,횡성,공근면,37.56997147,127.9600939
51,강원특별자치도,횡성,서원면,37.49106312,127.8475385
51,강원특별자치도,횡성,강림면,37.35105093,128.1092791
51,강원특별자치도,영월,산솔면,37.17036467,128.6933354
51,강원특별자치도,영월,영월읍,37.20175958,128.5106779
51,강원특별자치도,영월,상동읍,37.11685621,128.819673
51,강원특별자치도,영월,김삿간면,37.10359048,128.6348537
51,강원특별자치도,영월,북면,37.27207387,128.4328617
51,강원특별자치도,영월,남면,37.16582761,128.3836602
51,강원특별자치도,영월,한반도면,37.22552421,128.3420023
51,강원특별자치도,영월,주천면,37.28021668,128.2813526
51,강원특별자치도,영월,무릉도원면,37.33472764,128.2223886
51,강원특별자치도,평창,평창읍,37.37115421,128.3907132
51,강원특별자치도,평창,미탄면,37.33986844,128.5183411
51,강원특별자치도,평창,방림면,37.45223957,128.3258702
51,강원특별자치도,평창,대화면,37.49764771,128.4475444
51,강원특별자치도,평창,봉평면,37.61226971,128.3467
51,강원특별자치도,평창,용평면,37.63072522,128.4523621
51,강원특별자치도,평창,진부면,37.63239562,128.5631724
51,강원특별자치도,평창,대관령면,37.68776863,128.6751803
51,강원특별자치도,정선,정선읍,37.38059352,128.6231111
51,강원특별자치도,정선,고한읍,37.19231312,128.8710363
51,강원특별자치도,정선,사북읍,37.23341399,128.8227842
51,강원특별자치도,정선,신동읍,37.23810227,128.647932
51,강원특별자치도,정선,남면,37.28055547,128.7288881
51,강원특별자치도,정선,북평면,37.47866523,128.6346057
51,강원특별자치도,정선,임계면,37.4734723,128.8730675
51,강원특별자치도,정선,화암면,37.32909846,128.8079954
51,강원특별자치도,정선,여량면,37.49102288,128.7301907
51,강원특별자치도,철원,철원읍,38.27117465,127.174649
51,강원특별자치도,철원,김화읍,38.27936892,127.4075192
51,강원특별자치도,철원,갈말읍,38.20259857,127.3301137
51,강원특별자치도,철원,동송읍,38.24088151,127.2490137
51,강원특별자치도,철원,서면,38.17766116,127.4216944
51,강원특별자치도,철원,근남면,38.2231892,127.501545
51,강원특별자치도,철원,근북면,38.26876979,127.3922374
51,강원특별자치도,철원,근동면,38.30483643,127.541239
51,강원특별자치도,철원,원동면,38.31455214,127.7492999
51,강원특별자치도,철원,원남면,38.29461984,127.6446206
51,강원특별자치도,철원,임남면,38.30786518,127.8457016
51,강원특별자치도,화천,화천읍,38.18482377,127.7818847
51,강원특별자치도,화천,간동면,38.06344679,127.8181764
51,강원특별자치도,화천,하남면,38.08179988,127.6540365
51,강원특별자치도,화천,상서면,38.19307731,127.6155388
51,강원특별자치도,화천,사내면,38.07360626,127.508048
51,강원특별자치도,양구,국토정중앙면,38.08294486,128.0497674
51,강원특별자치도,양구,양구읍,38.11390916,127.9532135
51,강원특별자치도,양구,동면,38.24071736,128.0530148
51,강원특별자치도,양구,방산면,38.25277449,127.9313163
51,강원특별자치도,양구,해안면,38.28669347,128.1212085
51,강원특별자치도,인제,인제읍,38.06638283,128.2478309
51,강원특별자치도,인제,남면,37.97510417,128.1066855
51,강원특별자치도,인제,북면,38.16656818,128.3155463
51,강원특별자치도,인제,기린면,37.96409289,128.3893188
51,강원특별자치도,인제,서화면,38.27419716,128.2202325
51,강원특별자치도,인제,상남면,37.88397311,128.2669318
51,강원특별자치도,고성,간성읍,38.33205802,128.3910377
51,강원특별자치도,고성,거진읍,38.43018422,128.4086071
51,강원특별자치도,고성,현내면,38.52721768,128.379295
51,강원특별자치도,고성,죽왕면,38.32395326,128.4883932
51,강원특별자치도,고성,토성면,38.24972892,128.4929257
47,경상북도,상주,사벌국면,36.48268611,128.2213857
28,인천광역시,서구,마전동,37.59528881,126.675576
11,서울특별시,구로,항동,37.48172969,126.8256354
41,경기도,의정부,송산3동,37.75399868,127.1160899
41,경기도,기흥,영덕2동,37.25665947,127.0927476
46,전라남도,화순,백아면,35.16254229,127.1404895
41,경기도,기흥,영덕1동,37.27465949,127.0804218
47,경상북도,경산,압량읍,35.84507015,128.7788745
41,경기도,기흥,보라동,37.24502538,127.1309965
41,경기도,기흥,동백3동,37.27198982,127.1506508
46,전라남도,화순,사평면,35.00219016,127.124713
41,경기도,화성,동탄8동,37.15496256,127.1115359
41,경기도,기흥,동백1동,37.28565559,127.1646314
41,경기도,남양주,퇴계원읍,37.65352347,127.1434207
41,경기도,기흥,동백2동,37.26788995,127.1625807
51,강원특별자치도,고성,수동면,38.43427116,128.3042592
51,강원특별자치도,양양,양양읍,38.09189401,128.6008041
51,강원특별자치도,양양,서면,38.010944,128.5249437
51,강원특별자치도,양양,손양면,38.04771997,128.6524342
51,강원특별자치도,양양,현북면,37.95053532,128.6463709
51,강원특별자치도,양양,현남면,37.939412,128.7387879
27,대구광역시,군위,군위읍,36.2368878,128.5726582
27,대구광역시,군위,소보면,36.26263576,128.4771332
27,대구광역시,군위,효령면,36.1390643,128.5970841
27,대구광역시,군위,부계면,36.06237804,128.6603416
27,대구광역시,군위,우보면,36.16993433,128.6597707
27,대구광역시,군위,의흥면,36.17063795,128.7381285
27,대구광역시,군위,산성면,36.10079682,128.7097378
27,대구광역시,군위,삼국유사면,36.15135682,128.8201521
